 0  607 
 0  481 
 0  474 
 0  468 
 0  488 
 0  463 
 0  498 
 0  472 
 0  482 
 0  440 
 0  464 
 0  504 
 0  498 
 0  489 
 0  514 
 0  451 
 0  509 
 0  512 
 0  483 
 0  465 
 0  447 
 0  487 
 0  477 
 0  462 
 0  478 
 0  483 
 0  531 
 0  496 
 0  466 
 0  490 
 0  454 
 0  489 
 0  463 
 0  447 
 0  487 
 0  454 
 0  491 
 0  467 
 0  450 
 0  486 
 0  484 
 0  457 
 0  472 
 0  467 
 0  456 
 0  461 
 0  501 
 0  487 
 0  453 
 0  427 
 0  499 
 0  472 
 0  441 
 0  478 
 0  461 
 0  432 
 0  482 
 0  494 
 0  474 
 0  461 
 0  452 
 0  518 
 0  460 
 0  447 
 0  480 
 0  473 
 0  489 
 0  483 
 0  485 
 0  503 
 0  483 
 0  445 
 0  450 
 0  545 
 0  487 
 0  457 
 0  493 
 0  452 
 0  471 
 0  456 
 0  476 
 0  453 
 0  470 
 0  452 
 0  455 
 0  431 
 0  485 
 0  477 
 0  492 
 0  466 
 0  444 
 0  511 
 0  456 
 0  507 
 0  452 
 0  457 
 0  462 
 0  478 
 0  485 
 0  462 
 0  481 
 0  505 
 0  461 
 0  469 
 0  474 
 0  480 
 0  532 
 0  463 
 0  482 
 0  473 
 0  462 
 0  472 
 0  491 
 0  454 
 0  503 
 0  507 
 0  507 
 0  487 
 0  490 
 0  462 
 0  499 
 0  495 
 0  460 
 0  472 
 0  533 
 0  474 
 0  499 
 0  445 
 0  462 
 0  477 
 0  466 
 0  460 
 0  481 
 0  488 
 0  441 
 0  498 
 0  464 
 0  478 
 0  458 
 0  478 
 0  492 
 0  476 
 0  491 
 0  487 
 0  480 
 0  469 
 0  489 
 0  473 
 0  475 
 0  486 
 0  445 
 0  489 
 0  461 
 0  486 
 0  495 
 0  453 
 0  465 
 0  464 
 0  505 
 0  495 
 0  473 
 0  488 
 0  444 
 0  474 
 0  482 
 0  459 
 0  456 
 0  442 
 0  461 
 0  456 
 0  474 
 0  474 
 0  460 
 0  474 
 0  477 
 0  479 
 0  499 
 0  465 
 0  447 
 0  463 
 0  453 
 0  453 
 0  455 
 0  457 
 0  534 
 0  472 
 0  485 
 0  429 
 0  504 
 0  454 
 0  454 
 0  480 
 0  472 
 0  467 
 0  477 
 0  451 
 0  461 
 0  483 
 0  472 
 0  448 
 0  478 
 0  476 
 0  464 
 0  491 
 0  501 
 0  480 
 0  446 
 0  494 
 0  493 
 0  504 
 0  510 
 0  482 
 0  483 
 0  500 
 0  484 
 0  452 
 0  485 
 0  527 
 0  471 
 0  463 
 0  502 
 0  464 
 0  489 
 0  492 
 0  443 
 0  463 
 0  493 
 0  492 
 0  456 
 0  445 
 0  421 
 0  440 
 0  456 
 0  479 
 0  463 
 0  461 
 0  479 
 0  464 
 0  476 
 0  498 
 0  487 
 0  431 
 0  462 
 0  470 
 0  457 
 0  465 
 0  455 
 0  471 
 0  507 
 0  491 
 0  486 
 0  455 
 0  483 
 0  456 
 0  491 
 0  455 
 0  434 
 0  445 
 0  471 
 0  447 
 0  508 
 0  462 
 0  478 
 0  479 
 0  462 
 0  456 
 0  486 
 0  438 
 0  463 
 0  471 
 0  446 
 0  474 
 0  479 
 0  470 
 0  443 
 0  468 
 0  499 
 0  473 
 0  445 
 0  468 
 0  503 
 0  462 
 0  473 
 0  456 
 0  452 
 0  473 
 0  453 
 0  499 
 0  481 
 0  473 
 0  461 
 0  497 
 0  464 
 0  459 
 0  502 
 0  483 
 0  457 
 0  462 
 0  461 
 0  463 
 0  467 
 0  459 
 0  447 
 0  468 
 0  454 
 0  468 
 0  498 
 0  474 
 0  496 
 0  494 
 0  492 
 0  503 
 0  451 
 0  475 
 0  437 
 0  488 
 0  459 
 0  465 
 0  468 
 0  451 
 0  469 
 0  479 
 0  445 
 0  516 
 0  458 
 0  525 
 0  474 
 0  446 
 0  479 
 0  468 
 0  454 
 0  481 
 0  493 
 0  501 
 0  455 
 0  470 
 0  458 
 0  441 
 0  511 
 0  490 
 0  440 
 0  484 
 0  450 
 0  452 
 0  480 
 0  487 
 0  490 
 0  463 
 0  484 
 0  452 
 0  481 
 0  463 
 0  499 
 0  457 
 0  463 
 0  462 
 0  467 
 0  485 
 0  460 
 0  468 
 0  485 
 0  459 
 0  449 
 0  476 
 0  443 
 0  458 
 0  447 
 0  460 
 0  476 
 0  480 
 0  473 
 0  450 
 0  474 
 0  512 
 0  446 
 0  494 
 0  453 
 0  470 
 0  462 
 0  478 
 0  451 
 0  467 
 0  465 
 0  457 
 0  473 
 0  469 
 0  457 
 0  465 
 0  464 
 0  484 
 0  456 
 0  501 
 0  481 
 0  462 
 0  472 
 0  444 
 0  502 
 0  471 
 0  446 
 0  458 
 0  476 
 0  476 
 0  475 
 0  455 
 0  478 
 0  469 
 0  504 
 0  447 
 0  476 
 0  470 
 0  473 
 0  467 
 0  511 
 0  477 
 0  440 
 0  475 
 0  464 
 0  448 
 0  492 
 0  465 
 0  472 
 0  447 
 0  466 
 0  453 
 0  456 
 0  511 
 0  464 
 0  485 
 0  448 
 0  425 
 0  505 
 0  483 
 0  457 
 0  478 
 0  448 
 0  459 
 0  457 
 0  475 
 0  462 
 0  428 
 0  497 
 0  487 
 0  469 
 0  449 
 0  468 
 0  481 
 0  477 
 0  474 
 0  443 
 0  450 
 0  459 
 0  470 
 0  487 
 0  439 
 0  470 
 0  479 
 0  440 
 0  458 
 0  494 
 0  453 
 0  470 
 0  455 
 0  467 
 0  478 
 0  461 
 0  463 
 0  464 
 0  485 
 0  467 
 0  473 
 0  486 
 0  463 
 0  499 
 0  450 
 0  475 
 0  423 
 0  484 
 0  504 
 0  454 
 0  450 
 0  448 
 0  463 
 0  474 
 0  482 
 0  452 
 0  455 
 0  458 
 0  499 
 0  453 
 0  440 
 0  467 
 0  513 
 0  441 
 0  486 
 0  441 
 0  461 
 0  475 
 0  498 
 0  458 
 0  469 
 0  473 
 0  447 
 0  461 
 0  464 
 0  445 
 0  444 
 0  491 
 0  477 
 0  463 
 0  493 
 0  456 
 0  515 
 0  489 
 0  485 
 0  450 
 0  511 
 0  471 
 0  498 
 0  505 
 0  484 
 0  522 
 0  432 
 0  508 
 0  479 
 0  474 
 0  516 
 0  441 
 0  436 
 0  501 
 0  488 
 0  435 
 0  466 
 0  466 
 0  494 
 0  426 
 0  444 
 0  483 
 0  490 
 0  469 
 0  446 
 0  476 
 0  519 
 0  491 
 0  475 
 0  447 
 0  452 
 0  466 
 0  491 
 0  510 
 0  476 
 0  499 
 0  445 
 0  476 
 0  479 
 0  482 
 0  459 
 0  501 
 0  506 
 0  471 
 0  494 
 0  464 
 0  435 
 0  489 
 0  479 
 0  483 
 0  439 
 0  476 
 0  436 
 0  478 
 0  495 
 0  445 
 0  484 
 0  448 
 0  485 
 0  471 
 0  444 
 0  484 
 0  465 
 0  442 
 0  465 
 0  504 
 0  469 
 0  506 
 0  487 
 0  512 
 0  469 
 0  448 
 0  475 
 0  487 
 0  469 
 0  467 
 0  505 
 0  428 
 0  486 
 0  511 
 0  473 
 0  488 
 0  433 
 0  439 
 0  476 
 0  435 
 0  479 
 0  436 
 0  502 
 0  492 
 0  437 
 0  495 
 0  486 
 0  494 
 0  494 
 0  472 
 0  507 
 0  458 
 0  505 
 0  492 
 0  478 
 0  473 
 0  501 
 0  500 
 0  426 
 0  488 
 0  452 
 0  437 
 0  469 
 0  473 
 0  470 
 0  477 
 0  509 
 0  469 
 0  504 
 0  451 
 0  474 
 0  464 
 0  477 
 0  483 
 0  484 
 0  482 
 0  427 
 0  474 
 0  497 
 0  466 
 0  448 
 0  484 
 0  459 
 0  475 
 0  500 
 0  512 
 0  505 
 0  486 
 0  472 
 0  467 
 0  489 
 0  465 
 0  479 
 0  473 
 0  481 
 0  448 
 0  491 
 0  466 
 0  442 
 0  447 
 0  494 
 0  490 
 0  476 
 0  468 
 0  454 
 0  477 
 0  451 
 0  504 
 0  496 
 0  444 
 0  474 
 0  439 
 0  458 
 0  478 
 0  465 
 0  519 
 0  475 
 0  488 
 0  491 
 0  473 
 0  441 
 0  489 
 0  467 
 0  468 
 0  483 
 0  461 
 0  484 
 0  497 
 0  474 
 0  459 
 0  456 
 0  457 
 0  487 
 0  449 
 0  474 
 0  482 
 0  471 
 0  478 
 0  477 
 0  448 
 0  455 
 0  460 
 0  427 
 0  468 
 0  518 
 0  478 
 0  494 
 0  463 
 0  447 
 0  506 
 0  468 
 0  479 
 0  459 
 0  453 
 0  467 
 0  461 
 0  443 
 0  469 
 0  439 
 0  446 
 0  489 
 0  486 
 0  467 
 0  434 
 0  481 
 0  450 
 0  474 
 0  481 
 0  441 
 0  473 
 0  465 
 0  443 
 0  446 
 0  440 
 0  509 
 0  447 
 0  472 
 0  477 
 0  448 
 0  493 
 0  452 
 0  467 
 0  465 
 0  472 
 0  486 
 0  493 
 0  519 
 0  444 
 0  449 
 0  455 
 0  501 
 0  459 
 0  475 
 0  460 
 0  450 
 0  483 
 0  448 
 0  454 
 0  490 
 0  459 
 0  481 
 0  472 
 0  486 
 0  525 
 0  467 
 0  499 
 0  466 
 0  451 
 0  482 
 0  488 
 0  474 
 0  442 
 0  502 
 0  473 
 0  506 
 0  465 
 0  454 
 0  481 
 0  441 
 0  508 
 0  494 
 0  498 
 0  483 
 0  478 
 0  453 
 0  429 
 0  469 
 0  479 
 0  468 
 0  472 
 0  482 
 0  459 
 0  453 
 0  474 
 0  473 
 0  473 
 0  482 
 0  468 
 0  458 
 0  500 
 0  478 
 0  451 
 0  466 
 0  439 
 0  450 
 0  488 
 0  443 
 0  468 
 0  464 
 0  479 
 0  492 
 0  476 
 0  473 
 0  449 
 0  494 
 0  463 
 0  462 
 0  453 
 0  500 
 0  451 
 0  477 
 0  464 
 0  540 
 0  451 
 0  430 
 0  447 
 0  461 
 0  450 
 0  443 
 0  464 
 0  449 
 0  509 
 0  447 
 0  462 
 0  474 
 0  469 
 0  446 
 0  466 
 0  500 
 0  506 
 0  476 
 0  479 
 0  458 
 0  441 
 0  470 
 0  467 
 0  470 
 0  465 
 0  447 
 0  480 
 0  455 
 0  482 
 0  454 
 0  465 
 0  511 
 0  487 
 0  489 
 0  464 
 0  456 
 0  469 
 0  457 
 0  465 
 0  451 
 0  468 
 0  471 
 0  459 
 0  451 
 0  471 
 0  493 
 0  446 
 0  511 
 0  505 
 0  472 
 0  450 
 0  494 
 0  483 
 0  475 
 0  447 
 0  461 
 0  425 
 0  496 
 0  470 
 0  486 
 0  444 
 0  487 
 0  470 
 0  461 
 0  476 
 0  424 
 0  479 
 0  454 
 0  471 
 0  465 
 0  457 
 0  450 
 0  450 
 0  492 
 0  451 
 0  450 
 0  496 
 0  471 
 0  448 
 0  459 
 0  476 
 0  447 
 0  476 
 0  481 
 0  433 
 0  488 
 0  480 
 0  443 
 0  469 
 0  470 
 0  437 
 0  483 
 0  445 
 0  464 
 0  482 
 0  479 
 0  476 
 0  495 
 0  502 
 0  455 
 0  467 
 0  450 
 0  428 
 0  457 
 0  483 
 0  445 
 0  490 
 0  492 
 0  480 
 0  494 
 0  451 
 0  441 
 0  466 
 0  452 
 0  475 
 0  442 
 0  456 
 0  463 
 0  490 
 0  442 
 0  489 
 0  488 
 0  488 
 0  444 
 0  458 
 0  481 
 0  469 
 0  468 
 0  484 
 0  481 
 0  466 
 0  513 
 0  470 
 0  466 
 0  474 
 0  475 
 0  537 
 0  465 
 0  510 
 0  486 
 0  462 
 0  466 
 0  458 
 0  466 
 0  469 
 0  511 
 0  441 
 0  455 
 0  473 
 0  491 
 0  448 
 0  460 
 0  501 
 0  456 
 0  448 
 0  454 
 0  476 
 0  491 
 0  476 
 0  483 
 0  466 
 0  494 
 0  489 
 0  482 
 0  452 
 0  490 
 0  480 
 0  469 
 0  468 
 0  469 
 0  468 
 0  479 
 0  456 
 0  449 
 0  454 
 0  438 
 1  503 
 1  491 
 1  462 
 1  492 
 1  454 
 1  448 
 1  514 
 1  483 
 1  471 
 1  515 
 1  454 
 1  498 
 1  469 
 1  474 
 1  456 
 1  432 
 1  465 
 1  481 
 1  441 
 1  440 
 1  445 
 1  454 
 1  474 
 1  471 
 1  489 
 1  466 
 1  460 
 1  476 
 1  469 
 1  467 
 1  507 
 1  463 
 1  480 
 1  460 
 1  475 
 1  470 
 1  447 
 1  480 
 1  496 
 1  459 
 1  475 
 1  468 
 1  505 
 1  468 
 1  494 
 1  475 
 1  487 
 1  488 
 1  464 
 1  491 
 1  492 
 1  487 
 1  486 
 1  496 
 1  423 
 1  500 
 1  486 
 1  455 
 1  463 
 1  501 
 1  459 
 1  450 
 1  473 
 1  491 
 1  442 
 1  452 
 1  521 
 1  460 
 1  502 
 1  477 
 1  459 
 1  508 
 1  513 
 1  487 
 1  461 
 1  462 
 1  500 
 1  455 
 1  445 
 1  480 
 1  471 
 1  468 
 1  499 
 1  482 
 1  462 
 1  500 
 1  490 
 1  479 
 1  486 
 1  481 
 1  493 
 1  451 
 1  482 
 1  473 
 1  471 
 1  494 
 1  478 
 1  456 
 1  504 
 1  443 
 1  495 
 1  471 
 1  476 
 1  490 
 1  466 
 1  468 
 1  459 
 1  470 
 1  474 
 1  462 
 1  475 
 1  504 
 1  485 
 1  488 
 1  492 
 1  464 
 1  511 
 1  498 
 1  484 
 1  487 
 1  482 
 1  464 
 1  468 
 1  456 
 1  452 
 1  440 
 1  452 
 1  447 
 1  465 
 1  445 
 1  451 
 1  460 
 1  485 
 1  474 
 1  444 
 1  495 
 1  490 
 1  505 
 1  480 
 1  469 
 1  437 
 1  509 
 1  449 
 1  468 
 1  451 
 1  503 
 1  453 
 1  469 
 1  497 
 1  476 
 1  457 
 1  469 
 1  451 
 1  467 
 1  491 
 1  476 
 1  444 
 1  480 
 1  471 
 1  443 
 1  460 
 1  465 
 1  470 
 1  479 
 1  459 
 1  470 
 1  500 
 1  496 
 1  460 
 1  529 
 1  490 
 1  467 
 1  459 
 1  487 
 1  470 
 1  489 
 1  476 
 1  493 
 1  476 
 1  463 
 1  474 
 1  463 
 1  525 
 1  504 
 1  528 
 1  482 
 1  486 
 1  476 
 1  496 
 1  480 
 1  490 
 1  494 
 1  449 
 1  472 
 1  456 
 1  449 
 1  449 
 1  463 
 1  518 
 1  476 
 1  479 
 1  487 
 1  437 
 1  474 
 1  483 
 1  493 
 1  480 
 1  474 
 1  451 
 1  492 
 1  488 
 1  432 
 1  486 
 1  461 
 1  451 
 1  460 
 1  457 
 1  460 
 1  463 
 1  457 
 1  458 
 1  488 
 1  460 
 1  488 
 1  477 
 1  489 
 1  458 
 1  461 
 1  448 
 1  462 
 1  479 
 1  502 
 1  449 
 1  458 
 1  492 
 1  455 
 1  439 
 1  488 
 1  468 
 1  470 
 1  480 
 1  451 
 1  475 
 1  492 
 1  477 
 1  447 
 1  477 
 1  453 
 1  506 
 1  476 
 1  488 
 1  494 
 1  454 
 1  485 
 1  494 
 1  487 
 1  444 
 1  480 
 1  482 
 1  499 
 1  499 
 1  496 
 1  483 
 1  474 
 1  482 
 1  473 
 1  478 
 1  481 
 1  440 
 1  473 
 1  485 
 1  474 
 1  472 
 1  486 
 1  492 
 1  490 
 1  473 
 1  433 
 1  493 
 1  510 
 1  481 
 1  464 
 1  472 
 1  482 
 1  487 
 1  453 
 1  487 
 1  459 
 1  486 
 1  481 
 1  482 
 1  448 
 1  471 
 1  477 
 1  474 
 1  458 
 1  464 
 1  467 
 1  505 
 1  480 
 1  497 
 1  475 
 1  514 
 1  463 
 1  477 
 1  456 
 1  458 
 1  487 
 1  450 
 1  480 
 1  477 
 1  457 
 1  448 
 1  480 
 1  485 
 1  480 
 1  481 
 1  485 
 1  462 
 1  549 
 1  469 
 1  451 
 1  465 
 1  468 
 1  493 
 1  473 
 1  467 
 1  494 
 1  519 
 1  471 
 1  459 
 1  455 
 1  457 
 1  484 
 1  454 
 1  466 
 1  451 
 1  458 
 1  446 
 1  464 
 1  472 
 1  471 
 1  474 
 1  463 
 1  468 
 1  475 
 1  431 
 1  435 
 1  439 
 1  495 
 1  508 
 1  486 
 1  496 
 1  496 
 1  457 
 1  468 
 1  446 
 1  463 
 1  479 
 1  441 
 1  487 
 1  468 
 1  446 
 1  443 
 1  466 
 1  481 
 1  456 
 1  476 
 1  476 
 1  434 
 1  473 
 1  452 
 1  456 
 1  480 
 1  502 
 1  464 
 1  469 
 1  461 
 1  457 
 1  485 
 1  462 
 1  465 
 1  510 
 1  441 
 1  461 
 1  490 
 1  478 
 1  454 
 1  502 
 1  467 
 1  509 
 1  489 
 1  476 
 1  467 
 1  443 
 1  511 
 1  474 
 1  451 
 1  491 
 1  486 
 1  474 
 1  496 
 1  483 
 1  472 
 1  477 
 1  465 
 1  456 
 1  483 
 1  460 
 1  443 
 1  507 
 1  461 
 1  476 
 1  444 
 1  453 
 1  487 
 1  458 
 1  455 
 1  533 
 1  477 
 1  518 
 1  479 
 1  473 
 1  449 
 1  504 
 1  444 
 1  479 
 1  439 
 1  467 
 1  455 
 1  428 
 1  461 
 1  482 
 1  485 
 1  468 
 1  482 
 1  472 
 1  511 
 1  492 
 1  494 
 1  466 
 1  452 
 1  505 
 1  503 
 1  475 
 1  443 
 1  476 
 1  473 
 1  468 
 1  462 
 1  474 
 1  494 
 1  496 
 1  446 
 1  471 
 1  478 
 1  500 
 1  460 
 1  454 
 1  466 
 1  521 
 1  441 
 1  454 
 1  451 
 1  438 
 1  474 
 1  468 
 1  459 
 1  465 
 1  451 
 1  473 
 1  505 
 1  459 
 1  464 
 1  489 
 1  464 
 1  487 
 1  503 
 1  506 
 1  475 
 1  488 
 1  463 
 1  464 
 1  463 
 1  496 
 1  494 
 1  491 
 1  463 
 1  459 
 1  455 
 1  486 
 1  463 
 1  447 
 1  446 
 1  478 
 1  471 
 1  505 
 1  473 
 1  506 
 1  466 
 1  470 
 1  465 
 1  488 
 1  446 
 1  455 
 1  461 
 1  491 
 1  460 
 1  470 
 1  474 
 1  514 
 1  438 
 1  473 
 1  464 
 1  455 
 1  478 
 1  460 
 1  468 
 1  483 
 1  468 
 1  468 
 1  525 
 1  479 
 1  460 
 1  463 
 1  433 
 1  454 
 1  443 
 1  501 
 1  510 
 1  478 
 1  500 
 1  490 
 1  484 
 1  500 
 1  501 
 1  488 
 1  487 
 1  496 
 1  475 
 1  451 
 1  453 
 1  476 
 1  487 
 1  497 
 1  463 
 1  463 
 1  500 
 1  495 
 1  456 
 1  492 
 1  451 
 1  489 
 1  491 
 1  472 
 1  462 
 1  457 
 1  493 
 1  474 
 1  469 
 1  449 
 1  486 
 1  476 
 1  477 
 1  457 
 1  469 
 1  462 
 1  452 
 1  494 
 1  469 
 1  481 
 1  466 
 1  459 
 1  477 
 1  446 
 1  464 
 1  434 
 1  479 
 1  454 
 1  500 
 1  479 
 1  489 
 1  503 
 1  461 
 1  481 
 1  465 
 1  446 
 1  480 
 1  492 
 1  478 
 1  539 
 1  445 
 1  455 
 1  455 
 1  471 
 1  477 
 1  479 
 1  482 
 1  455 
 1  478 
 1  463 
 1  468 
 1  484 
 1  505 
 1  478 
 1  495 
 1  470 
 1  491 
 1  480 
 1  498 
 1  486 
 1  461 
 1  522 
 1  463 
 1  443 
 1  462 
 1  490 
 1  470 
 1  446 
 1  491 
 1  470 
 1  451 
 1  505 
 1  488 
 1  457 
 1  488 
 1  477 
 1  505 
 1  449 
 1  431 
 1  449 
 1  462 
 1  491 
 1  530 
 1  471 
 1  482 
 1  483 
 1  438 
 1  459 
 1  499 
 1  468 
 1  485 
 1  480 
 1  451 
 1  456 
 1  471 
 1  506 
 1  475 
 1  480 
 1  496 
 1  484 
 1  499 
 1  464 
 1  504 
 1  470 
 1  493 
 1  474 
 1  493 
 1  430 
 1  476 
 1  470 
 1  453 
 1  465 
 1  459 
 1  461 
 1  469 
 1  448 
 1  521 
 1  452 
 1  462 
 1  475 
 1  450 
 1  481 
 1  459 
 1  478 
 1  483 
 1  512 
 1  480 
 1  470 
 1  468 
 1  424 
 1  466 
 1  448 
 1  492 
 1  457 
 1  462 
 1  494 
 1  468 
 1  482 
 1  483 
 1  488 
 1  503 
 1  483 
 1  477 
 1  491 
 1  478 
 1  456 
 1  520 
 1  451 
 1  464 
 1  435 
 1  483 
 1  478 
 1  457 
 1  440 
 1  471 
 1  475 
 1  462 
 1  468 
 1  452 
 1  458 
 1  493 
 1  498 
 1  464 
 1  500 
 1  459 
 1  468 
 1  467 
 1  443 
 1  460 
 1  510 
 1  462 
 1  468 
 1  507 
 1  461 
 1  504 
 1  472 
 1  514 
 1  443 
 1  488 
 1  470 
 1  471 
 1  501 
 1  448 
 1  484 
 1  491 
 1  465 
 1  475 
 1  456 
 1  438 
 1  504 
 1  496 
 1  484 
 1  467 
 1  488 
 1  459 
 1  446 
 1  441 
 1  460 
 1  487 
 1  479 
 1  461 
 1  453 
 1  463 
 1  505 
 1  483 
 1  482 
 1  504 
 1  419 
 1  485 
 1  487 
 1  464 
 1  443 
 1  483 
 1  491 
 1  444 
 1  464 
 1  454 
 1  463 
 1  483 
 1  435 
 1  447 
 1  493 
 1  488 
 1  481 
 1  514 
 1  463 
 1  466 
 1  450 
 1  470 
 1  477 
 1  456 
 1  443 
 1  473 
 1  476 
 1  457 
 1  479 
 1  462 
 1  455 
 1  491 
 1  475 
 1  475 
 1  470 
 1  443 
 1  476 
 1  479 
 1  508 
 1  486 
 1  439 
 1  474 
 1  476 
 1  473 
 1  492 
 1  451 
 1  501 
 1  470 
 1  488 
 1  468 
 1  473 
 1  432 
 1  540 
 1  474 
 1  457 
 1  480 
 1  460 
 1  462 
 1  474 
 1  484 
 1  479 
 1  489 
 1  457 
 1  468 
 1  495 
 1  522 
 1  476 
 1  427 
 1  457 
 1  464 
 1  457 
 1  441 
 1  442 
 1  436 
 1  481 
 1  452 
 1  508 
 1  453 
 1  453 
 1  487 
 1  488 
 1  505 
 1  475 
 1  496 
 1  437 
 1  466 
 1  502 
 1  482 
 1  502 
 1  471 
 1  521 
 1  440 
 1  461 
 1  465 
 1  457 
 1  472 
 1  450 
 1  467 
 1  502 
 1  503 
 1  482 
 1  456 
 1  481 
 1  479 
 1  489 
 1  481 
 1  449 
 1  457 
 1  502 
 1  484 
 1  473 
 1  453 
 1  481 
 1  494 
 1  479 
 1  475 
 1  450 
 1  495 
 1  475 
 1  454 
 1  489 
 1  467 
 1  466 
 1  515 
 1  462 
 1  487 
 1  439 
 1  486 
 1  446 
 1  453 
 1  455 
 1  492 
 1  480 
 1  469 
 1  460 
 1  449 
 1  471 
 1  479 
 1  491 
 1  470 
 1  437 
 1  486 
 1  484 
 1  448 
 1  446 
 1  486 
 1  446 
 1  466 
 1  483 
 1  423 
 1  472 
 1  449 
 1  503 
 1  469 
 1  486 
 1  472 
 1  496 
 1  437 
 1  459 
 1  457 
 1  492 
 1  451 
 1  460 
 1  471 
 1  463 
 1  500 
 1  471 
 1  445 
 1  424 
 1  496 
 1  447 
 1  454 
 1  474 
 1  458 
 1  441 
 1  467 
 1  469 
 1  447 
 1  485 
 1  484 
 1  456 
 1  469 
 1  463 
 1  468 
 1  462 
 1  465 
 1  466 
 1  432 
 1  466 
 1  496 
 1  476 
 1  486 
 1  467 
 1  473 
 1  480 
 1  472 
 1  457 
 1  460 
 1  488 
 1  493 
 1  458 
 1  462 
 1  476 
 1  459 
 1  468 
 1  492 
 1  445 
 1  507 
 1  476 
 1  464 
 1  457 
 1  493 
 1  485 
 1  481 
 1  471 
 1  463 
 1  483 
 1  454 
 1  498 
 1  449 
 1  479 
 1  469 
 1  472 
 1  521 
 1  446 
 1  475 
 1  502 
 1  489 
 1  458 
 1  494 
 1  457 
 1  486 
 1  489 
 1  467 
 1  483 
 1  499 
 1  482 
 1  433 
 1  466 
 1  464 
 1  487 
 1  451 
 2  462 
 2  445 
 2  518 
 2  481 
 2  473 
 2  495 
 2  445 
 2  482 
 2  471 
 2  499 
 2  459 
 2  507 
 2  450 
 2  475 
 2  500 
 2  446 
 2  499 
 2  470 
 2  504 
 2  483 
 2  474 
 2  465 
 2  489 
 2  492 
 2  482 
 2  476 
 2  495 
 2  485 
 2  496 
 2  491 
 2  518 
 2  474 
 2  461 
 2  471 
 2  495 
 2  497 
 2  515 
 2  460 
 2  501 
 2  492 
 2  468 
 2  471 
 2  500 
 2  505 
 2  460 
 2  488 
 2  476 
 2  502 
 2  494 
 2  459 
 2  473 
 2  445 
 2  474 
 2  465 
 2  487 
 2  508 
 2  460 
 2  494 
 2  494 
 2  467 
 2  494 
 2  486 
 2  499 
 2  509 
 2  476 
 2  490 
 2  488 
 2  461 
 2  452 
 2  455 
 2  483 
 2  472 
 2  497 
 2  483 
 2  467 
 2  499 
 2  453 
 2  494 
 2  477 
 2  510 
 2  482 
 2  516 
 2  446 
 2  444 
 2  469 
 2  504 
 2  460 
 2  439 
 2  477 
 2  451 
 2  497 
 2  489 
 2  476 
 2  478 
 2  509 
 2  501 
 2  461 
 2  475 
 2  469 
 2  479 
 2  473 
 2  466 
 2  480 
 2  482 
 2  499 
 2  479 
 2  464 
 2  473 
 2  474 
 2  469 
 2  494 
 2  484 
 2  487 
 2  443 
 2  484 
 2  484 
 2  484 
 2  455 
 2  500 
 2  473 
 2  492 
 2  509 
 2  459 
 2  508 
 2  487 
 2  458 
 2  454 
 2  480 
 2  502 
 2  501 
 2  461 
 2  495 
 2  486 
 2  455 
 2  490 
 2  485 
 2  503 
 2  449 
 2  474 
 2  437 
 2  463 
 2  470 
 2  452 
 2  487 
 2  498 
 2  473 
 2  465 
 2  490 
 2  456 
 2  492 
 2  511 
 2  472 
 2  464 
 2  485 
 2  465 
 2  448 
 2  459 
 2  498 
 2  501 
 2  512 
 2  476 
 2  479 
 2  505 
 2  473 
 2  450 
 2  481 
 2  484 
 2  500 
 2  474 
 2  454 
 2  473 
 2  464 
 2  448 
 2  459 
 2  480 
 2  505 
 2  463 
 2  500 
 2  503 
 2  481 
 2  466 
 2  459 
 2  512 
 2  458 
 2  464 
 2  497 
 2  462 
 2  447 
 2  479 
 2  459 
 2  441 
 2  470 
 2  508 
 2  480 
 2  475 
 2  457 
 2  468 
 2  508 
 2  475 
 2  465 
 2  498 
 2  476 
 2  486 
 2  469 
 2  527 
 2  490 
 2  501 
 2  464 
 2  453 
 2  449 
 2  443 
 2  472 
 2  507 
 2  478 
 2  460 
 2  475 
 2  508 
 2  474 
 2  459 
 2  484 
 2  448 
 2  473 
 2  463 
 2  476 
 2  477 
 2  483 
 2  426 
 2  476 
 2  459 
 2  436 
 2  505 
 2  499 
 2  481 
 2  501 
 2  464 
 2  477 
 2  513 
 2  522 
 2  474 
 2  507 
 2  497 
 2  534 
 2  474 
 2  472 
 2  489 
 2  512 
 2  465 
 2  450 
 2  484 
 2  508 
 2  469 
 2  505 
 2  478 
 2  476 
 2  457 
 2  493 
 2  448 
 2  506 
 2  433 
 2  500 
 2  497 
 2  472 
 2  462 
 2  484 
 2  468 
 2  475 
 2  483 
 2  465 
 2  471 
 2  457 
 2  483 
 2  467 
 2  461 
 2  500 
 2  473 
 2  487 
 2  501 
 2  498 
 2  526 
 2  471 
 2  492 
 2  508 
 2  461 
 2  497 
 2  498 
 2  464 
 2  512 
 2  477 
 2  464 
 2  464 
 2  474 
 2  468 
 2  493 
 2  455 
 2  491 
 2  491 
 2  474 
 2  481 
 2  440 
 2  512 
 2  504 
 2  531 
 2  442 
 2  490 
 2  492 
 2  475 
 2  485 
 2  465 
 2  461 
 2  492 
 2  506 
 2  452 
 2  451 
 2  483 
 2  476 
 2  458 
 2  470 
 2  478 
 2  478 
 2  495 
 2  491 
 2  461 
 2  466 
 2  520 
 2  494 
 2  512 
 2  493 
 2  492 
 2  493 
 2  502 
 2  482 
 2  476 
 2  466 
 2  496 
 2  481 
 2  474 
 2  441 
 2  474 
 2  486 
 2  481 
 2  485 
 2  495 
 2  482 
 2  470 
 2  498 
 2  492 
 2  473 
 2  498 
 2  462 
 2  465 
 2  490 
 2  475 
 2  453 
 2  477 
 2  458 
 2  483 
 2  472 
 2  442 
 2  464 
 2  505 
 2  466 
 2  473 
 2  463 
 2  492 
 2  507 
 2  466 
 2  476 
 2  480 
 2  459 
 2  478 
 2  466 
 2  469 
 2  513 
 2  472 
 2  438 
 2  487 
 2  505 
 2  503 
 2  452 
 2  454 
 2  500 
 2  449 
 2  488 
 2  502 
 2  475 
 2  479 
 2  485 
 2  501 
 2  492 
 2  474 
 2  461 
 2  487 
 2  490 
 2  467 
 2  470 
 2  485 
 2  459 
 2  472 
 2  467 
 2  466 
 2  497 
 2  482 
 2  517 
 2  469 
 2  472 
 2  466 
 2  480 
 2  469 
 2  490 
 2  469 
 2  462 
 2  479 
 2  488 
 2  454 
 2  459 
 2  458 
 2  443 
 2  464 
 2  472 
 2  487 
 2  502 
 2  463 
 2  469 
 2  487 
 2  464 
 2  478 
 2  488 
 2  467 
 2  466 
 2  513 
 2  478 
 2  458 
 2  483 
 2  496 
 2  511 
 2  490 
 2  498 
 2  444 
 2  499 
 2  473 
 2  501 
 2  455 
 2  479 
 2  472 
 2  482 
 2  465 
 2  469 
 2  525 
 2  462 
 2  490 
 2  481 
 2  469 
 2  470 
 2  449 
 2  478 
 2  493 
 2  450 
 2  454 
 2  486 
 2  462 
 2  517 
 2  479 
 2  474 
 2  500 
 2  487 
 2  481 
 2  448 
 2  481 
 2  479 
 2  485 
 2  476 
 2  518 
 2  477 
 2  458 
 2  439 
 2  484 
 2  476 
 2  512 
 2  480 
 2  471 
 2  487 
 2  473 
 2  482 
 2  454 
 2  528 
 2  497 
 2  462 
 2  492 
 2  460 
 2  491 
 2  483 
 2  501 
 2  479 
 2  486 
 2  459 
 2  466 
 2  491 
 2  459 
 2  467 
 2  484 
 2  488 
 2  515 
 2  493 
 2  467 
 2  455 
 2  497 
 2  467 
 2  481 
 2  513 
 2  495 
 2  509 
 2  452 
 2  482 
 2  477 
 2  511 
 2  462 
 2  461 
 2  475 
 2  489 
 2  473 
 2  473 
 2  523 
 2  451 
 2  479 
 2  470 
 2  448 
 2  471 
 2  461 
 2  520 
 2  481 
 2  463 
 2  542 
 2  471 
 2  494 
 2  501 
 2  455 
 2  474 
 2  453 
 2  476 
 2  467 
 2  481 
 2  489 
 2  477 
 2  450 
 2  501 
 2  481 
 2  456 
 2  478 
 2  485 
 2  479 
 2  489 
 2  436 
 2  480 
 2  536 
 2  484 
 2  504 
 2  518 
 2  481 
 2  476 
 2  519 
 2  472 
 2  500 
 2  483 
 2  520 
 2  501 
 2  493 
 2  457 
 2  505 
 2  478 
 2  472 
 2  465 
 2  482 
 2  475 
 2  509 
 2  516 
 2  511 
 2  473 
 2  463 
 2  452 
 2  485 
 2  450 
 2  464 
 2  492 
 2  479 
 2  473 
 2  518 
 2  465 
 2  492 
 2  491 
 2  481 
 2  484 
 2  484 
 2  482 
 2  471 
 2  464 
 2  453 
 2  458 
 2  463 
 2  452 
 2  482 
 2  481 
 2  481 
 2  474 
 2  497 
 2  456 
 2  481 
 2  471 
 2  480 
 2  456 
 2  500 
 2  483 
 2  493 
 2  480 
 2  478 
 2  475 
 2  496 
 2  487 
 2  481 
 2  471 
 2  448 
 2  470 
 2  454 
 2  490 
 2  481 
 2  461 
 2  475 
 2  463 
 2  452 
 2  480 
 2  462 
 2  499 
 2  491 
 2  471 
 2  463 
 2  479 
 2  532 
 2  490 
 2  455 
 2  448 
 2  438 
 2  504 
 2  476 
 2  449 
 2  434 
 2  464 
 2  469 
 2  511 
 2  519 
 2  499 
 2  484 
 2  471 
 2  459 
 2  433 
 2  479 
 2  475 
 2  480 
 2  482 
 2  478 
 2  443 
 2  488 
 2  484 
 2  461 
 2  499 
 2  495 
 2  494 
 2  513 
 2  472 
 2  472 
 2  489 
 2  488 
 2  475 
 2  464 
 2  432 
 2  465 
 2  486 
 2  459 
 2  480 
 2  459 
 2  458 
 2  439 
 2  491 
 2  461 
 2  491 
 2  483 
 2  484 
 2  441 
 2  468 
 2  455 
 2  497 
 2  490 
 2  456 
 2  493 
 2  487 
 2  468 
 2  451 
 2  504 
 2  490 
 2  479 
 2  488 
 2  470 
 2  492 
 2  494 
 2  513 
 2  475 
 2  485 
 2  477 
 2  473 
 2  494 
 2  483 
 2  483 
 2  495 
 2  441 
 2  482 
 2  496 
 2  503 
 2  471 
 2  474 
 2  510 
 2  468 
 2  492 
 2  465 
 2  465 
 2  479 
 2  454 
 2  468 
 2  505 
 2  497 
 2  495 
 2  455 
 2  485 
 2  473 
 2  509 
 2  511 
 2  483 
 2  468 
 2  487 
 2  497 
 2  480 
 2  457 
 2  508 
 2  463 
 2  487 
 2  484 
 2  466 
 2  485 
 2  451 
 2  476 
 2  462 
 2  470 
 2  513 
 2  478 
 2  479 
 2  458 
 2  489 
 2  532 
 2  473 
 2  462 
 2  480 
 2  492 
 2  509 
 2  466 
 2  496 
 2  498 
 2  498 
 2  471 
 2  497 
 2  480 
 2  465 
 2  505 
 2  478 
 2  490 
 2  465 
 2  467 
 2  469 
 2  476 
 2  505 
 2  480 
 2  445 
 2  470 
 2  490 
 2  462 
 2  486 
 2  466 
 2  483 
 2  496 
 2  450 
 2  447 
 2  522 
 2  449 
 2  478 
 2  456 
 2  487 
 2  483 
 2  494 
 2  478 
 2  486 
 2  457 
 2  500 
 2  451 
 2  478 
 2  463 
 2  476 
 2  484 
 2  510 
 2  471 
 2  485 
 2  493 
 2  489 
 2  486 
 2  483 
 2  484 
 2  485 
 2  510 
 2  476 
 2  457 
 2  461 
 2  470 
 2  493 
 2  457 
 2  467 
 2  493 
 2  484 
 2  507 
 2  515 
 2  499 
 2  459 
 2  464 
 2  485 
 2  447 
 2  492 
 2  472 
 2  466 
 2  487 
 2  497 
 2  455 
 2  464 
 2  465 
 2  479 
 2  463 
 2  475 
 2  503 
 2  462 
 2  478 
 2  456 
 2  472 
 2  468 
 2  464 
 2  478 
 2  454 
 2  511 
 2  481 
 2  483 
 2  474 
 2  461 
 2  475 
 2  475 
 2  491 
 2  451 
 2  460 
 2  464 
 2  457 
 2  471 
 2  475 
 2  482 
 2  474 
 2  471 
 2  496 
 2  488 
 2  505 
 2  504 
 2  488 
 2  467 
 2  484 
 2  488 
 2  524 
 2  487 
 2  513 
 2  478 
 2  511 
 2  515 
 2  476 
 2  490 
 2  468 
 2  507 
 2  477 
 2  496 
 2  468 
 2  478 
 2  487 
 2  480 
 2  507 
 2  493 
 2  469 
 2  479 
 2  448 
 2  464 
 2  518 
 2  445 
 2  451 
 2  466 
 2  477 
 2  451 
 2  446 
 2  496 
 2  492 
 2  495 
 2  486 
 2  468 
 2  496 
 2  460 
 2  469 
 2  441 
 2  468 
 2  492 
 2  477 
 2  452 
 2  491 
 2  480 
 2  441 
 2  486 
 2  451 
 2  472 
 2  467 
 2  451 
 2  457 
 2  484 
 2  444 
 2  494 
 2  495 
 2  472 
 2  501 
 2  471 
 2  477 
 2  459 
 2  497 
 2  486 
 2  478 
 2  485 
 2  457 
 2  504 
 2  473 
 2  461 
 2  488 
 2  519 
 2  462 
 2  494 
 2  466 
 2  449 
 2  469 
 2  487 
 2  470 
 2  491 
 2  432 
 2  511 
 2  475 
 2  537 
 2  482 
 2  465 
 2  506 
 2  463 
 2  499 
 2  486 
 2  532 
 2  451 
 2  496 
 2  498 
 2  471 
 2  462 
 2  462 
 2  501 
 2  512 
 2  494 
 2  480 
 2  482 
 2  443 
 2  452 
 2  469 
 2  452 
 2  496 
 2  520 
 2  502 
 2  479 
 2  478 
 2  473 
 2  467 
 2  490 
 2  519 
 2  467 
 2  461 
 2  475 
 2  485 
 2  470 
 2  465 
 2  486 
 2  457 
 2  505 
 2  469 
 2  474 
 2  503 
 2  506 
 3  482 
 3  504 
 3  480 
 3  507 
 3  442 
 3  497 
 3  492 
 3  498 
 3  506 
 3  494 
 3  489 
 3  480 
 3  455 
 3  510 
 3  486 
 3  485 
 3  528 
 3  523 
 3  492 
 3  488 
 3  520 
 3  466 
 3  437 
 3  486 
 3  531 
 3  508 
 3  488 
 3  505 
 3  476 
 3  493 
 3  523 
 3  508 
 3  502 
 3  470 
 3  455 
 3  479 
 3  500 
 3  464 
 3  487 
 3  491 
 3  498 
 3  518 
 3  480 
 3  487 
 3  481 
 3  502 
 3  455 
 3  523 
 3  486 
 3  484 
 3  449 
 3  495 
 3  483 
 3  456 
 3  471 
 3  487 
 3  508 
 3  489 
 3  486 
 3  466 
 3  498 
 3  470 
 3  481 
 3  475 
 3  497 
 3  464 
 3  511 
 3  482 
 3  462 
 3  463 
 3  480 
 3  469 
 3  483 
 3  505 
 3  501 
 3  460 
 3  489 
 3  482 
 3  497 
 3  483 
 3  514 
 3  476 
 3  520 
 3  457 
 3  444 
 3  480 
 3  535 
 3  474 
 3  500 
 3  471 
 3  513 
 3  459 
 3  481 
 3  461 
 3  464 
 3  498 
 3  483 
 3  506 
 3  511 
 3  506 
 3  450 
 3  487 
 3  505 
 3  492 
 3  512 
 3  478 
 3  483 
 3  535 
 3  483 
 3  467 
 3  496 
 3  492 
 3  467 
 3  501 
 3  474 
 3  494 
 3  448 
 3  465 
 3  493 
 3  459 
 3  494 
 3  484 
 3  465 
 3  492 
 3  475 
 3  494 
 3  486 
 3  464 
 3  466 
 3  482 
 3  453 
 3  465 
 3  480 
 3  488 
 3  485 
 3  489 
 3  493 
 3  501 
 3  486 
 3  514 
 3  502 
 3  535 
 3  492 
 3  479 
 3  494 
 3  467 
 3  515 
 3  481 
 3  484 
 3  490 
 3  489 
 3  476 
 3  501 
 3  516 
 3  467 
 3  490 
 3  469 
 3  481 
 3  497 
 3  491 
 3  466 
 3  488 
 3  456 
 3  478 
 3  506 
 3  489 
 3  503 
 3  488 
 3  480 
 3  465 
 3  534 
 3  482 
 3  498 
 3  454 
 3  490 
 3  477 
 3  484 
 3  464 
 3  494 
 3  465 
 3  481 
 3  472 
 3  467 
 3  467 
 3  501 
 3  501 
 3  491 
 3  487 
 3  481 
 3  503 
 3  499 
 3  498 
 3  468 
 3  517 
 3  498 
 3  473 
 3  475 
 3  491 
 3  534 
 3  479 
 3  480 
 3  470 
 3  518 
 3  485 
 3  484 
 3  541 
 3  479 
 3  480 
 3  499 
 3  490 
 3  484 
 3  487 
 3  472 
 3  458 
 3  487 
 3  476 
 3  459 
 3  489 
 3  478 
 3  468 
 3  493 
 3  497 
 3  490 
 3  496 
 3  522 
 3  476 
 3  515 
 3  487 
 3  473 
 3  479 
 3  477 
 3  451 
 3  500 
 3  483 
 3  457 
 3  472 
 3  475 
 3  508 
 3  476 
 3  507 
 3  490 
 3  478 
 3  489 
 3  500 
 3  483 
 3  491 
 3  500 
 3  490 
 3  478 
 3  466 
 3  482 
 3  482 
 3  510 
 3  483 
 3  470 
 3  484 
 3  527 
 3  487 
 3  505 
 3  466 
 3  495 
 3  496 
 3  472 
 3  442 
 3  473 
 3  511 
 3  497 
 3  473 
 3  489 
 3  501 
 3  479 
 3  491 
 3  470 
 3  487 
 3  515 
 3  446 
 3  511 
 3  460 
 3  501 
 3  524 
 3  510 
 3  513 
 3  477 
 3  509 
 3  477 
 3  507 
 3  536 
 3  465 
 3  482 
 3  532 
 3  483 
 3  488 
 3  475 
 3  505 
 3  487 
 3  484 
 3  477 
 3  493 
 3  475 
 3  500 
 3  476 
 3  484 
 3  459 
 3  485 
 3  476 
 3  460 
 3  489 
 3  476 
 3  535 
 3  515 
 3  461 
 3  501 
 3  497 
 3  470 
 3  477 
 3  510 
 3  491 
 3  508 
 3  459 
 3  497 
 3  494 
 3  515 
 3  468 
 3  453 
 3  495 
 3  501 
 3  488 
 3  478 
 3  460 
 3  484 
 3  492 
 3  476 
 3  479 
 3  496 
 3  478 
 3  519 
 3  456 
 3  501 
 3  439 
 3  476 
 3  477 
 3  487 
 3  495 
 3  467 
 3  500 
 3  466 
 3  492 
 3  476 
 3  498 
 3  474 
 3  499 
 3  484 
 3  467 
 3  487 
 3  500 
 3  464 
 3  495 
 3  515 
 3  484 
 3  477 
 3  445 
 3  465 
 3  480 
 3  485 
 3  480 
 3  476 
 3  518 
 3  479 
 3  484 
 3  482 
 3  512 
 3  452 
 3  453 
 3  498 
 3  475 
 3  481 
 3  485 
 3  484 
 3  489 
 3  474 
 3  487 
 3  511 
 3  480 
 3  460 
 3  492 
 3  454 
 3  473 
 3  450 
 3  477 
 3  480 
 3  492 
 3  526 
 3  469 
 3  480 
 3  468 
 3  471 
 3  473 
 3  500 
 3  499 
 3  478 
 3  495 
 3  462 
 3  512 
 3  451 
 3  492 
 3  465 
 3  483 
 3  460 
 3  489 
 3  478 
 3  469 
 3  486 
 3  500 
 3  499 
 3  469 
 3  517 
 3  507 
 3  478 
 3  482 
 3  489 
 3  490 
 3  512 
 3  486 
 3  503 
 3  461 
 3  495 
 3  483 
 3  517 
 3  499 
 3  467 
 3  511 
 3  476 
 3  459 
 3  462 
 3  508 
 3  486 
 3  478 
 3  493 
 3  430 
 3  468 
 3  475 
 3  452 
 3  492 
 3  505 
 3  479 
 3  471 
 3  476 
 3  491 
 3  483 
 3  494 
 3  504 
 3  489 
 3  485 
 3  476 
 3  459 
 3  456 
 3  489 
 3  517 
 3  475 
 3  461 
 3  479 
 3  467 
 3  477 
 3  478 
 3  460 
 3  461 
 3  507 
 3  508 
 3  480 
 3  481 
 3  496 
 3  473 
 3  500 
 3  478 
 3  523 
 3  477 
 3  473 
 3  498 
 3  457 
 3  475 
 3  494 
 3  493 
 3  454 
 3  497 
 3  477 
 3  468 
 3  474 
 3  475 
 3  515 
 3  493 
 3  496 
 3  484 
 3  449 
 3  478 
 3  503 
 3  508 
 3  519 
 3  521 
 3  543 
 3  478 
 3  489 
 3  487 
 3  522 
 3  478 
 3  484 
 3  487 
 3  512 
 3  486 
 3  508 
 3  487 
 3  460 
 3  514 
 3  480 
 3  473 
 3  477 
 3  477 
 3  458 
 3  483 
 3  458 
 3  502 
 3  510 
 3  496 
 3  487 
 3  488 
 3  497 
 3  500 
 3  498 
 3  460 
 3  526 
 3  468 
 3  451 
 3  478 
 3  493 
 3  541 
 3  487 
 3  431 
 3  464 
 3  480 
 3  491 
 3  459 
 3  498 
 3  474 
 3  459 
 3  485 
 3  464 
 3  516 
 3  505 
 3  478 
 3  493 
 3  501 
 3  484 
 3  499 
 3  496 
 3  496 
 3  484 
 3  493 
 3  456 
 3  516 
 3  537 
 3  490 
 3  458 
 3  494 
 3  478 
 3  477 
 3  469 
 3  473 
 3  491 
 3  466 
 3  484 
 3  510 
 3  479 
 3  477 
 3  521 
 3  494 
 3  481 
 3  490 
 3  477 
 3  497 
 3  482 
 3  509 
 3  503 
 3  495 
 3  464 
 3  501 
 3  486 
 3  493 
 3  501 
 3  503 
 3  494 
 3  486 
 3  488 
 3  455 
 3  460 
 3  492 
 3  528 
 3  508 
 3  487 
 3  494 
 3  434 
 3  466 
 3  490 
 3  462 
 3  489 
 3  476 
 3  490 
 3  489 
 3  462 
 3  489 
 3  524 
 3  481 
 3  463 
 3  488 
 3  499 
 3  497 
 3  492 
 3  506 
 3  489 
 3  496 
 3  497 
 3  479 
 3  488 
 3  467 
 3  507 
 3  485 
 3  508 
 3  474 
 3  461 
 3  513 
 3  448 
 3  481 
 3  503 
 3  485 
 3  471 
 3  476 
 3  479 
 3  484 
 3  482 
 3  489 
 3  481 
 3  501 
 3  496 
 3  499 
 3  495 
 3  515 
 3  496 
 3  489 
 3  472 
 3  441 
 3  463 
 3  459 
 3  496 
 3  477 
 3  503 
 3  492 
 3  461 
 3  452 
 3  504 
 3  489 
 3  481 
 3  464 
 3  460 
 3  484 
 3  519 
 3  476 
 3  461 
 3  491 
 3  500 
 3  481 
 3  490 
 3  483 
 3  527 
 3  455 
 3  460 
 3  473 
 3  491 
 3  473 
 3  489 
 3  507 
 3  513 
 3  481 
 3  467 
 3  500 
 3  499 
 3  495 
 3  513 
 3  501 
 3  498 
 3  488 
 3  453 
 3  478 
 3  467 
 3  486 
 3  468 
 3  481 
 3  494 
 3  491 
 3  468 
 3  472 
 3  479 
 3  490 
 3  481 
 3  490 
 3  456 
 3  476 
 3  465 
 3  473 
 3  488 
 3  498 
 3  487 
 3  466 
 3  506 
 3  458 
 3  529 
 3  458 
 3  482 
 3  489 
 3  479 
 3  496 
 3  465 
 3  496 
 3  454 
 3  473 
 3  487 
 3  494 
 3  492 
 3  468 
 3  467 
 3  476 
 3  506 
 3  486 
 3  474 
 3  461 
 3  502 
 3  490 
 3  503 
 3  490 
 3  460 
 3  491 
 3  474 
 3  463 
 3  447 
 3  500 
 3  523 
 3  459 
 3  508 
 3  521 
 3  477 
 3  500 
 3  494 
 3  459 
 3  499 
 3  477 
 3  480 
 3  475 
 3  477 
 3  503 
 3  491 
 3  486 
 3  458 
 3  479 
 3  487 
 3  470 
 3  473 
 3  500 
 3  488 
 3  498 
 3  463 
 3  483 
 3  471 
 3  475 
 3  467 
 3  462 
 3  475 
 3  508 
 3  453 
 3  528 
 3  485 
 3  479 
 3  494 
 3  478 
 3  521 
 3  470 
 3  501 
 3  497 
 3  501 
 3  471 
 3  492 
 3  488 
 3  452 
 3  453 
 3  509 
 3  513 
 3  498 
 3  488 
 3  489 
 3  490 
 3  499 
 3  498 
 3  485 
 3  496 
 3  507 
 3  494 
 3  491 
 3  495 
 3  461 
 3  499 
 3  467 
 3  543 
 3  489 
 3  437 
 3  472 
 3  480 
 3  532 
 3  487 
 3  487 
 3  464 
 3  511 
 3  494 
 3  474 
 3  481 
 3  467 
 3  484 
 3  453 
 3  494 
 3  474 
 3  475 
 3  507 
 3  504 
 3  488 
 3  498 
 3  469 
 3  494 
 3  461 
 3  491 
 3  448 
 3  484 
 3  497 
 3  500 
 3  493 
 3  504 
 3  470 
 3  517 
 3  493 
 3  480 
 3  470 
 3  505 
 3  494 
 3  464 
 3  514 
 3  490 
 3  482 
 3  494 
 3  516 
 3  464 
 3  454 
 3  464 
 3  486 
 3  494 
 3  510 
 3  505 
 3  474 
 3  456 
 3  465 
 3  450 
 3  484 
 3  456 
 3  487 
 3  480 
 3  507 
 3  506 
 3  466 
 3  446 
 3  461 
 3  484 
 3  497 
 3  499 
 3  517 
 3  494 
 3  475 
 3  521 
 3  495 
 3  508 
 3  507 
 3  470 
 3  466 
 3  456 
 3  490 
 3  487 
 3  460 
 3  510 
 3  478 
 3  471 
 3  498 
 3  490 
 3  468 
 3  457 
 3  509 
 3  479 
 3  490 
 3  478 
 3  531 
 3  469 
 3  498 
 3  482 
 3  477 
 3  478 
 3  490 
 3  505 
 3  501 
 3  474 
 3  483 
 3  488 
 3  526 
 3  439 
 3  467 
 3  505 
 3  481 
 3  473 
 3  502 
 3  489 
 3  503 
 3  477 
 3  519 
 3  474 
 3  519 
 3  446 
 3  478 
 3  440 
 3  471 
 3  468 
 3  493 
 3  496 
 3  470 
 3  483 
 3  485 
 3  463 
 3  498 
 3  500 
 3  492 
 3  461 
 3  476 
 3  503 
 3  509 
 3  452 
 3  502 
 3  519 
 3  484 
 3  477 
 3  496 
 3  455 
 3  471 
 3  523 
 3  472 
 3  516 
 3  482 
 3  466 
 3  492 
 3  526 
 3  489 
 3  479 
 3  504 
 3  491 
 3  501 
 3  491 
 3  472 
 3  481 
 3  479 
 3  477 
 3  498 
 3  533 
 3  494 
 3  426 
 3  485 
 3  503 
 3  485 
 3  499 
 3  472 
 3  474 
 3  494 
 3  521 
 3  495 
 3  473 
 3  496 
 3  484 
 3  493 
 3  538 
 3  521 
 3  517 
 3  506 
 3  524 
 3  480 
 3  483 
 3  443 
 3  466 
 3  469 
 3  468 
 3  529 
 3  479 
 3  516 
 3  493 
 4  507 
 4  483 
 4  537 
 4  473 
 4  531 
 4  515 
 4  503 
 4  485 
 4  485 
 4  513 
 4  497 
 4  483 
 4  500 
 4  512 
 4  488 
 4  502 
 4  485 
 4  550 
 4  488 
 4  489 
 4  490 
 4  514 
 4  492 
 4  516 
 4  496 
 4  525 
 4  492 
 4  471 
 4  512 
 4  508 
 4  527 
 4  517 
 4  481 
 4  501 
 4  512 
 4  511 
 4  508 
 4  508 
 4  493 
 4  481 
 4  487 
 4  488 
 4  489 
 4  503 
 4  497 
 4  494 
 4  467 
 4  510 
 4  519 
 4  470 
 4  496 
 4  484 
 4  492 
 4  486 
 4  514 
 4  485 
 4  493 
 4  519 
 4  477 
 4  477 
 4  510 
 4  525 
 4  491 
 4  499 
 4  512 
 4  489 
 4  522 
 4  498 
 4  499 
 4  463 
 4  519 
 4  456 
 4  494 
 4  480 
 4  501 
 4  467 
 4  478 
 4  529 
 4  465 
 4  500 
 4  476 
 4  481 
 4  509 
 4  516 
 4  490 
 4  512 
 4  518 
 4  490 
 4  519 
 4  500 
 4  455 
 4  488 
 4  490 
 4  501 
 4  489 
 4  506 
 4  477 
 4  471 
 4  506 
 4  474 
 4  510 
 4  509 
 4  501 
 4  470 
 4  457 
 4  474 
 4  504 
 4  482 
 4  492 
 4  476 
 4  483 
 4  513 
 4  462 
 4  497 
 4  484 
 4  497 
 4  485 
 4  476 
 4  464 
 4  516 
 4  506 
 4  505 
 4  529 
 4  529 
 4  464 
 4  479 
 4  514 
 4  496 
 4  490 
 4  489 
 4  462 
 4  511 
 4  511 
 4  495 
 4  497 
 4  465 
 4  498 
 4  483 
 4  519 
 4  495 
 4  515 
 4  495 
 4  522 
 4  478 
 4  491 
 4  485 
 4  509 
 4  511 
 4  509 
 4  504 
 4  490 
 4  523 
 4  490 
 4  486 
 4  479 
 4  495 
 4  486 
 4  486 
 4  525 
 4  488 
 4  488 
 4  527 
 4  483 
 4  483 
 4  474 
 4  464 
 4  531 
 4  487 
 4  493 
 4  491 
 4  480 
 4  510 
 4  456 
 4  486 
 4  488 
 4  487 
 4  500 
 4  506 
 4  511 
 4  485 
 4  468 
 4  493 
 4  466 
 4  489 
 4  485 
 4  478 
 4  490 
 4  539 
 4  505 
 4  542 
 4  494 
 4  493 
 4  507 
 4  502 
 4  489 
 4  480 
 4  497 
 4  547 
 4  476 
 4  511 
 4  475 
 4  474 
 4  484 
 4  470 
 4  514 
 4  505 
 4  499 
 4  494 
 4  494 
 4  499 
 4  489 
 4  491 
 4  486 
 4  502 
 4  492 
 4  495 
 4  502 
 4  524 
 4  469 
 4  472 
 4  487 
 4  509 
 4  485 
 4  496 
 4  510 
 4  480 
 4  523 
 4  493 
 4  481 
 4  493 
 4  479 
 4  483 
 4  512 
 4  525 
 4  533 
 4  510 
 4  489 
 4  488 
 4  499 
 4  512 
 4  467 
 4  483 
 4  512 
 4  507 
 4  494 
 4  455 
 4  511 
 4  507 
 4  506 
 4  486 
 4  492 
 4  484 
 4  484 
 4  499 
 4  476 
 4  520 
 4  496 
 4  499 
 4  502 
 4  477 
 4  472 
 4  505 
 4  517 
 4  505 
 4  479 
 4  514 
 4  498 
 4  497 
 4  513 
 4  493 
 4  504 
 4  476 
 4  497 
 4  509 
 4  517 
 4  480 
 4  482 
 4  510 
 4  513 
 4  483 
 4  467 
 4  504 
 4  478 
 4  529 
 4  544 
 4  506 
 4  479 
 4  497 
 4  550 
 4  470 
 4  477 
 4  519 
 4  476 
 4  502 
 4  487 
 4  509 
 4  507 
 4  529 
 4  455 
 4  518 
 4  456 
 4  467 
 4  527 
 4  476 
 4  491 
 4  526 
 4  539 
 4  535 
 4  509 
 4  474 
 4  472 
 4  506 
 4  489 
 4  519 
 4  531 
 4  469 
 4  492 
 4  513 
 4  486 
 4  502 
 4  503 
 4  493 
 4  492 
 4  484 
 4  486 
 4  499 
 4  499 
 4  495 
 4  471 
 4  500 
 4  511 
 4  442 
 4  484 
 4  487 
 4  487 
 4  493 
 4  509 
 4  500 
 4  492 
 4  476 
 4  528 
 4  478 
 4  479 
 4  506 
 4  497 
 4  486 
 4  475 
 4  521 
 4  492 
 4  477 
 4  515 
 4  472 
 4  512 
 4  510 
 4  484 
 4  523 
 4  533 
 4  541 
 4  469 
 4  502 
 4  499 
 4  539 
 4  492 
 4  528 
 4  482 
 4  494 
 4  514 
 4  515 
 4  471 
 4  489 
 4  483 
 4  500 
 4  492 
 4  473 
 4  520 
 4  488 
 4  479 
 4  456 
 4  498 
 4  492 
 4  494 
 4  468 
 4  497 
 4  450 
 4  499 
 4  510 
 4  499 
 4  491 
 4  490 
 4  495 
 4  526 
 4  489 
 4  502 
 4  518 
 4  473 
 4  495 
 4  484 
 4  470 
 4  513 
 4  504 
 4  450 
 4  495 
 4  472 
 4  497 
 4  462 
 4  481 
 4  512 
 4  514 
 4  508 
 4  484 
 4  538 
 4  492 
 4  502 
 4  481 
 4  460 
 4  462 
 4  497 
 4  467 
 4  511 
 4  448 
 4  512 
 4  510 
 4  518 
 4  478 
 4  483 
 4  499 
 4  463 
 4  503 
 4  500 
 4  523 
 4  496 
 4  475 
 4  516 
 4  495 
 4  477 
 4  487 
 4  513 
 4  526 
 4  504 
 4  488 
 4  500 
 4  492 
 4  508 
 4  474 
 4  511 
 4  478 
 4  459 
 4  519 
 4  477 
 4  498 
 4  519 
 4  490 
 4  489 
 4  484 
 4  470 
 4  508 
 4  508 
 4  459 
 4  484 
 4  480 
 4  478 
 4  485 
 4  495 
 4  479 
 4  458 
 4  487 
 4  493 
 4  488 
 4  466 
 4  524 
 4  470 
 4  478 
 4  502 
 4  522 
 4  485 
 4  515 
 4  497 
 4  502 
 4  524 
 4  491 
 4  489 
 4  492 
 4  495 
 4  509 
 4  479 
 4  472 
 4  488 
 4  480 
 4  471 
 4  471 
 4  519 
 4  495 
 4  532 
 4  492 
 4  498 
 4  485 
 4  466 
 4  491 
 4  505 
 4  513 
 4  490 
 4  504 
 4  454 
 4  451 
 4  481 
 4  494 
 4  505 
 4  469 
 4  514 
 4  510 
 4  523 
 4  529 
 4  480 
 4  509 
 4  475 
 4  491 
 4  457 
 4  498 
 4  492 
 4  478 
 4  489 
 4  460 
 4  534 
 4  479 
 4  512 
 4  476 
 4  520 
 4  518 
 4  484 
 4  537 
 4  479 
 4  483 
 4  487 
 4  511 
 4  446 
 4  489 
 4  511 
 4  478 
 4  496 
 4  493 
 4  489 
 4  457 
 4  470 
 4  477 
 4  505 
 4  499 
 4  502 
 4  512 
 4  503 
 4  512 
 4  482 
 4  472 
 4  458 
 4  506 
 4  509 
 4  495 
 4  491 
 4  498 
 4  504 
 4  483 
 4  472 
 4  478 
 4  525 
 4  501 
 4  467 
 4  539 
 4  515 
 4  533 
 4  534 
 4  492 
 4  484 
 4  532 
 4  525 
 4  511 
 4  515 
 4  521 
 4  484 
 4  477 
 4  506 
 4  467 
 4  493 
 4  475 
 4  525 
 4  469 
 4  495 
 4  533 
 4  511 
 4  478 
 4  524 
 4  502 
 4  468 
 4  492 
 4  492 
 4  466 
 4  524 
 4  519 
 4  462 
 4  460 
 4  469 
 4  486 
 4  513 
 4  506 
 4  480 
 4  495 
 4  520 
 4  463 
 4  491 
 4  486 
 4  493 
 4  453 
 4  542 
 4  477 
 4  483 
 4  500 
 4  483 
 4  480 
 4  480 
 4  482 
 4  502 
 4  503 
 4  499 
 4  517 
 4  484 
 4  526 
 4  510 
 4  485 
 4  506 
 4  455 
 4  476 
 4  484 
 4  499 
 4  481 
 4  511 
 4  510 
 4  511 
 4  500 
 4  521 
 4  518 
 4  507 
 4  485 
 4  514 
 4  474 
 4  512 
 4  494 
 4  548 
 4  543 
 4  468 
 4  497 
 4  526 
 4  489 
 4  485 
 4  469 
 4  542 
 4  522 
 4  480 
 4  481 
 4  462 
 4  490 
 4  499 
 4  480 
 4  484 
 4  463 
 4  515 
 4  493 
 4  483 
 4  502 
 4  498 
 4  479 
 4  516 
 4  479 
 4  494 
 4  463 
 4  492 
 4  493 
 4  504 
 4  503 
 4  453 
 4  519 
 4  498 
 4  464 
 4  479 
 4  464 
 4  473 
 4  501 
 4  504 
 4  471 
 4  509 
 4  483 
 4  494 
 4  487 
 4  472 
 4  470 
 4  506 
 4  471 
 4  493 
 4  444 
 4  510 
 4  489 
 4  505 
 4  489 
 4  510 
 4  487 
 4  499 
 4  491 
 4  496 
 4  446 
 4  504 
 4  484 
 4  511 
 4  488 
 4  485 
 4  490 
 4  462 
 4  477 
 4  480 
 4  517 
 4  492 
 4  488 
 4  451 
 4  501 
 4  493 
 4  505 
 4  493 
 4  532 
 4  478 
 4  494 
 4  513 
 4  478 
 4  510 
 4  488 
 4  499 
 4  479 
 4  510 
 4  471 
 4  520 
 4  491 
 4  469 
 4  488 
 4  484 
 4  490 
 4  496 
 4  473 
 4  520 
 4  491 
 4  461 
 4  503 
 4  503 
 4  498 
 4  491 
 4  480 
 4  491 
 4  468 
 4  486 
 4  491 
 4  535 
 4  451 
 4  526 
 4  500 
 4  527 
 4  523 
 4  543 
 4  474 
 4  509 
 4  508 
 4  511 
 4  506 
 4  466 
 4  517 
 4  484 
 4  502 
 4  486 
 4  512 
 4  504 
 4  474 
 4  520 
 4  487 
 4  525 
 4  519 
 4  486 
 4  479 
 4  484 
 4  530 
 4  472 
 4  499 
 4  511 
 4  510 
 4  479 
 4  520 
 4  508 
 4  509 
 4  525 
 4  488 
 4  506 
 4  469 
 4  513 
 4  494 
 4  494 
 4  528 
 4  469 
 4  523 
 4  532 
 4  471 
 4  463 
 4  475 
 4  477 
 4  459 
 4  490 
 4  494 
 4  475 
 4  483 
 4  475 
 4  495 
 4  450 
 4  490 
 4  492 
 4  486 
 4  495 
 4  545 
 4  480 
 4  501 
 4  442 
 4  476 
 4  508 
 4  463 
 4  508 
 4  514 
 4  530 
 4  497 
 4  489 
 4  495 
 4  497 
 4  497 
 4  484 
 4  503 
 4  469 
 4  506 
 4  491 
 4  477 
 4  493 
 4  478 
 4  509 
 4  467 
 4  464 
 4  470 
 4  513 
 4  488 
 4  522 
 4  520 
 4  526 
 4  479 
 4  489 
 4  476 
 4  543 
 4  504 
 4  477 
 4  482 
 4  501 
 4  468 
 4  480 
 4  506 
 4  511 
 4  529 
 4  485 
 4  456 
 4  500 
 4  470 
 4  480 
 4  501 
 4  513 
 4  470 
 4  491 
 4  456 
 4  486 
 4  501 
 4  510 
 4  497 
 4  495 
 4  509 
 4  520 
 4  474 
 4  493 
 4  508 
 4  497 
 4  500 
 4  482 
 4  493 
 4  514 
 4  512 
 4  489 
 4  497 
 4  484 
 4  513 
 4  515 
 4  519 
 4  500 
 4  466 
 4  471 
 4  508 
 4  501 
 4  515 
 4  499 
 4  500 
 4  462 
 4  531 
 4  481 
 4  465 
 4  499 
 4  471 
 4  462 
 4  506 
 4  511 
 4  480 
 4  488 
 4  501 
 4  504 
 4  487 
 4  508 
 4  500 
 4  491 
 4  489 
 4  501 
 4  455 
 4  513 
 4  507 
 4  480 
 4  448 
 4  463 
 4  491 
 4  495 
 4  495 
 4  469 
 4  531 
 4  517 
 4  464 
 4  478 
 4  496 
 4  469 
 4  539 
 4  473 
 4  515 
 4  485 
 4  545 
 4  464 
 4  495 
 4  484 
 4  528 
 4  496 
 4  532 
 4  490 
 4  532 
 4  507 
 4  510 
 4  455 
 4  552 
 4  502 
 4  538 
 4  506 
 4  447 
 4  540 
 4  491 
 4  499 
 4  514 
 4  494 
 4  499 
 4  463 
 4  493 
 4  489 
 4  508 
 4  470 
 4  509 
 4  507 
 4  545 
 4  499 
 4  528 
 4  519 
 4  503 
 4  457 
 4  505 
 4  479 
 4  485 
 4  475 
 4  501 
 4  495 
 4  498 
 4  512 
 4  473 
 4  488 
 4  496 
 4  494 
 4  494 
 4  498 
 4  497 
 4  497 
 4  493 
 4  521 
 4  471 
 4  514 
 4  537 
 4  467 
 4  535 
 5  533 
 5  480 
 5  496 
 5  527 
 5  514 
 5  511 
 5  467 
 5  535 
 5  510 
 5  474 
 5  498 
 5  484 
 5  489 
 5  484 
 5  497 
 5  485 
 5  464 
 5  506 
 5  475 
 5  478 
 5  496 
 5  468 
 5  528 
 5  486 
 5  501 
 5  461 
 5  502 
 5  505 
 5  499 
 5  475 
 5  519 
 5  538 
 5  531 
 5  479 
 5  518 
 5  514 
 5  485 
 5  513 
 5  496 
 5  513 
 5  490 
 5  479 
 5  494 
 5  497 
 5  518 
 5  457 
 5  523 
 5  520 
 5  496 
 5  505 
 5  525 
 5  500 
 5  518 
 5  501 
 5  518 
 5  526 
 5  496 
 5  511 
 5  481 
 5  464 
 5  485 
 5  509 
 5  475 
 5  479 
 5  519 
 5  519 
 5  523 
 5  489 
 5  507 
 5  498 
 5  481 
 5  525 
 5  508 
 5  523 
 5  491 
 5  502 
 5  504 
 5  464 
 5  500 
 5  463 
 5  486 
 5  533 
 5  502 
 5  496 
 5  505 
 5  508 
 5  493 
 5  509 
 5  517 
 5  549 
 5  552 
 5  511 
 5  488 
 5  542 
 5  496 
 5  519 
 5  502 
 5  516 
 5  479 
 5  497 
 5  487 
 5  459 
 5  533 
 5  505 
 5  491 
 5  487 
 5  479 
 5  487 
 5  507 
 5  533 
 5  488 
 5  499 
 5  483 
 5  518 
 5  464 
 5  507 
 5  506 
 5  492 
 5  479 
 5  475 
 5  492 
 5  491 
 5  502 
 5  502 
 5  515 
 5  495 
 5  506 
 5  463 
 5  474 
 5  497 
 5  493 
 5  524 
 5  479 
 5  520 
 5  550 
 5  516 
 5  502 
 5  512 
 5  479 
 5  528 
 5  525 
 5  498 
 5  483 
 5  508 
 5  522 
 5  503 
 5  471 
 5  491 
 5  500 
 5  537 
 5  501 
 5  458 
 5  512 
 5  522 
 5  501 
 5  517 
 5  478 
 5  474 
 5  471 
 5  480 
 5  469 
 5  499 
 5  500 
 5  539 
 5  495 
 5  516 
 5  476 
 5  484 
 5  507 
 5  514 
 5  489 
 5  500 
 5  510 
 5  476 
 5  522 
 5  520 
 5  498 
 5  494 
 5  480 
 5  520 
 5  500 
 5  540 
 5  530 
 5  520 
 5  470 
 5  548 
 5  507 
 5  484 
 5  513 
 5  478 
 5  515 
 5  517 
 5  506 
 5  491 
 5  532 
 5  523 
 5  497 
 5  523 
 5  514 
 5  491 
 5  545 
 5  488 
 5  508 
 5  515 
 5  531 
 5  532 
 5  507 
 5  494 
 5  498 
 5  454 
 5  503 
 5  514 
 5  503 
 5  512 
 5  486 
 5  492 
 5  505 
 5  473 
 5  462 
 5  492 
 5  508 
 5  498 
 5  457 
 5  503 
 5  504 
 5  506 
 5  491 
 5  495 
 5  512 
 5  506 
 5  514 
 5  482 
 5  519 
 5  510 
 5  533 
 5  495 
 5  490 
 5  527 
 5  461 
 5  512 
 5  523 
 5  513 
 5  525 
 5  493 
 5  486 
 5  517 
 5  498 
 5  519 
 5  535 
 5  482 
 5  488 
 5  485 
 5  492 
 5  495 
 5  518 
 5  534 
 5  513 
 5  460 
 5  484 
 5  493 
 5  522 
 5  513 
 5  513 
 5  528 
 5  500 
 5  496 
 5  518 
 5  496 
 5  519 
 5  505 
 5  518 
 5  501 
 5  513 
 5  491 
 5  504 
 5  497 
 5  487 
 5  548 
 5  480 
 5  519 
 5  548 
 5  506 
 5  512 
 5  528 
 5  483 
 5  509 
 5  472 
 5  487 
 5  488 
 5  530 
 5  473 
 5  470 
 5  478 
 5  561 
 5  565 
 5  481 
 5  497 
 5  508 
 5  465 
 5  476 
 5  480 
 5  516 
 5  454 
 5  520 
 5  486 
 5  502 
 5  491 
 5  497 
 5  487 
 5  533 
 5  519 
 5  487 
 5  462 
 5  516 
 5  496 
 5  519 
 5  530 
 5  534 
 5  464 
 5  506 
 5  468 
 5  518 
 5  479 
 5  520 
 5  508 
 5  489 
 5  486 
 5  507 
 5  507 
 5  505 
 5  492 
 5  484 
 5  518 
 5  503 
 5  518 
 5  533 
 5  496 
 5  513 
 5  481 
 5  511 
 5  514 
 5  506 
 5  510 
 5  500 
 5  511 
 5  500 
 5  486 
 5  527 
 5  514 
 5  500 
 5  536 
 5  508 
 5  514 
 5  484 
 5  515 
 5  477 
 5  509 
 5  515 
 5  544 
 5  488 
 5  546 
 5  485 
 5  526 
 5  520 
 5  496 
 5  514 
 5  478 
 5  492 
 5  491 
 5  493 
 5  507 
 5  490 
 5  475 
 5  529 
 5  495 
 5  481 
 5  477 
 5  509 
 5  502 
 5  500 
 5  473 
 5  510 
 5  503 
 5  499 
 5  512 
 5  511 
 5  480 
 5  519 
 5  510 
 5  517 
 5  497 
 5  477 
 5  491 
 5  497 
 5  509 
 5  567 
 5  534 
 5  481 
 5  487 
 5  497 
 5  543 
 5  524 
 5  500 
 5  504 
 5  531 
 5  537 
 5  488 
 5  493 
 5  508 
 5  539 
 5  494 
 5  514 
 5  534 
 5  506 
 5  506 
 5  470 
 5  533 
 5  479 
 5  484 
 5  483 
 5  529 
 5  492 
 5  508 
 5  479 
 5  516 
 5  496 
 5  511 
 5  531 
 5  524 
 5  551 
 5  529 
 5  494 
 5  532 
 5  488 
 5  512 
 5  478 
 5  513 
 5  491 
 5  479 
 5  522 
 5  493 
 5  530 
 5  479 
 5  478 
 5  521 
 5  512 
 5  509 
 5  469 
 5  481 
 5  487 
 5  500 
 5  491 
 5  477 
 5  514 
 5  492 
 5  513 
 5  501 
 5  514 
 5  479 
 5  507 
 5  495 
 5  482 
 5  519 
 5  502 
 5  501 
 5  500 
 5  479 
 5  519 
 5  509 
 5  484 
 5  530 
 5  520 
 5  528 
 5  478 
 5  504 
 5  493 
 5  534 
 5  517 
 5  493 
 5  493 
 5  470 
 5  490 
 5  472 
 5  494 
 5  483 
 5  504 
 5  514 
 5  504 
 5  473 
 5  525 
 5  518 
 5  489 
 5  491 
 5  488 
 5  489 
 5  513 
 5  486 
 5  500 
 5  487 
 5  478 
 5  490 
 5  513 
 5  500 
 5  530 
 5  475 
 5  503 
 5  542 
 5  537 
 5  479 
 5  521 
 5  482 
 5  542 
 5  526 
 5  495 
 5  497 
 5  501 
 5  484 
 5  531 
 5  474 
 5  501 
 5  498 
 5  519 
 5  497 
 5  479 
 5  544 
 5  489 
 5  491 
 5  514 
 5  492 
 5  480 
 5  510 
 5  496 
 5  479 
 5  514 
 5  508 
 5  503 
 5  485 
 5  510 
 5  481 
 5  523 
 5  482 
 5  506 
 5  533 
 5  508 
 5  495 
 5  512 
 5  500 
 5  504 
 5  521 
 5  478 
 5  506 
 5  544 
 5  528 
 5  473 
 5  520 
 5  512 
 5  484 
 5  466 
 5  495 
 5  476 
 5  502 
 5  508 
 5  491 
 5  482 
 5  530 
 5  511 
 5  505 
 5  492 
 5  509 
 5  494 
 5  494 
 5  485 
 5  492 
 5  495 
 5  488 
 5  489 
 5  494 
 5  449 
 5  478 
 5  497 
 5  484 
 5  515 
 5  524 
 5  518 
 5  517 
 5  494 
 5  484 
 5  498 
 5  511 
 5  519 
 5  527 
 5  520 
 5  480 
 5  487 
 5  513 
 5  488 
 5  518 
 5  519 
 5  509 
 5  486 
 5  491 
 5  493 
 5  495 
 5  500 
 5  536 
 5  473 
 5  513 
 5  487 
 5  483 
 5  497 
 5  522 
 5  501 
 5  512 
 5  509 
 5  470 
 5  503 
 5  538 
 5  471 
 5  515 
 5  532 
 5  492 
 5  522 
 5  509 
 5  476 
 5  482 
 5  522 
 5  478 
 5  514 
 5  518 
 5  518 
 5  480 
 5  504 
 5  497 
 5  508 
 5  503 
 5  484 
 5  561 
 5  471 
 5  535 
 5  519 
 5  500 
 5  509 
 5  482 
 5  538 
 5  483 
 5  503 
 5  529 
 5  465 
 5  518 
 5  537 
 5  510 
 5  511 
 5  469 
 5  488 
 5  469 
 5  509 
 5  505 
 5  538 
 5  519 
 5  505 
 5  495 
 5  470 
 5  506 
 5  508 
 5  514 
 5  504 
 5  500 
 5  530 
 5  510 
 5  531 
 5  516 
 5  484 
 5  498 
 5  521 
 5  480 
 5  501 
 5  484 
 5  482 
 5  518 
 5  491 
 5  495 
 5  515 
 5  472 
 5  504 
 5  521 
 5  484 
 5  499 
 5  494 
 5  500 
 5  512 
 5  503 
 5  523 
 5  498 
 5  507 
 5  477 
 5  468 
 5  522 
 5  456 
 5  460 
 5  489 
 5  503 
 5  497 
 5  515 
 5  484 
 5  490 
 5  472 
 5  518 
 5  507 
 5  503 
 5  462 
 5  530 
 5  532 
 5  515 
 5  508 
 5  520 
 5  470 
 5  496 
 5  474 
 5  505 
 5  493 
 5  510 
 5  503 
 5  511 
 5  495 
 5  503 
 5  462 
 5  525 
 5  495 
 5  490 
 5  476 
 5  514 
 5  506 
 5  514 
 5  503 
 5  489 
 5  505 
 5  494 
 5  503 
 5  500 
 5  495 
 5  491 
 5  483 
 5  494 
 5  498 
 5  511 
 5  525 
 5  481 
 5  539 
 5  520 
 5  504 
 5  474 
 5  514 
 5  536 
 5  502 
 5  480 
 5  478 
 5  502 
 5  472 
 5  487 
 5  519 
 5  495 
 5  470 
 5  503 
 5  502 
 5  520 
 5  515 
 5  511 
 5  525 
 5  493 
 5  515 
 5  525 
 5  497 
 5  515 
 5  494 
 5  511 
 5  495 
 5  511 
 5  515 
 5  529 
 5  498 
 5  489 
 5  487 
 5  518 
 5  509 
 5  528 
 5  555 
 5  502 
 5  509 
 5  500 
 5  489 
 5  486 
 5  504 
 5  498 
 5  504 
 5  528 
 5  495 
 5  506 
 5  533 
 5  499 
 5  537 
 5  504 
 5  499 
 5  488 
 5  508 
 5  502 
 5  499 
 5  479 
 5  484 
 5  533 
 5  491 
 5  513 
 5  490 
 5  468 
 5  490 
 5  521 
 5  458 
 5  477 
 5  504 
 5  508 
 5  524 
 5  502 
 5  508 
 5  465 
 5  510 
 5  511 
 5  496 
 5  512 
 5  486 
 5  487 
 5  466 
 5  528 
 5  519 
 5  502 
 5  502 
 5  502 
 5  510 
 5  526 
 5  500 
 5  489 
 5  518 
 5  505 
 5  502 
 5  536 
 5  506 
 5  477 
 5  506 
 5  530 
 5  511 
 5  503 
 5  487 
 5  481 
 5  528 
 5  486 
 5  507 
 5  494 
 5  466 
 5  497 
 5  487 
 5  526 
 5  487 
 5  474 
 5  527 
 5  515 
 5  519 
 5  553 
 5  497 
 5  511 
 5  499 
 5  493 
 5  525 
 5  495 
 5  496 
 5  499 
 5  462 
 5  504 
 5  512 
 5  470 
 5  496 
 5  477 
 5  504 
 5  479 
 5  518 
 5  501 
 5  494 
 5  553 
 5  482 
 5  500 
 5  512 
 5  498 
 5  480 
 5  506 
 5  498 
 5  483 
 5  489 
 5  504 
 5  523 
 5  504 
 5  523 
 5  502 
 5  470 
 5  494 
 5  520 
 5  471 
 5  498 
 5  504 
 5  487 
 5  466 
 5  481 
 5  507 
 5  504 
 5  492 
 5  526 
 5  485 
 5  542 
 5  491 
 5  514 
 5  530 
 5  493 
 5  529 
 5  471 
 5  503 
 5  501 
 5  529 
 5  504 
 5  526 
 5  536 
 5  521 
 5  477 
 5  550 
 5  482 
 5  524 
 5  522 
 5  481 
 5  502 
 5  511 
 5  490 
 5  516 
 5  519 
 5  512 
 5  486 
 5  499 
 5  495 
 5  474 
 5  478 
 5  526 
 5  492 
 5  520 
 5  500 
 5  531 
 5  517 
 5  479 
 5  540 
 5  513 
 5  476 
 5  468 
 5  473 
 5  489 
 5  509 
 5  510 
 5  450 
 5  546 
 5  536 
 5  513 
 5  500 
 5  490 
 5  545 
 5  484 
 5  507 
 5  494 
 5  486 
 5  541 
 5  510 
 5  506 
 5  513 
 5  501 
 5  469 
 5  520 
 5  451 
 5  481 
 5  517 
 5  491 
 5  466 
 5  486 
 5  486 
 5  492 
 5  486 
 5  506 
 5  487 
 5  491 
 5  476 
 5  489 
 5  486 
 5  507 
 5  503 
 5  505 
 5  486 
 5  514 
 5  532 
 5  478 
 5  473 
 6  516 
 6  518 
 6  491 
 6  512 
 6  509 
 6  490 
 6  513 
 6  512 
 6  515 
 6  497 
 6  488 
 6  485 
 6  492 
 6  527 
 6  515 
 6  488 
 6  488 
 6  572 
 6  509 
 6  494 
 6  511 
 6  530 
 6  528 
 6  478 
 6  557 
 6  516 
 6  516 
 6  501 
 6  530 
 6  503 
 6  538 
 6  508 
 6  525 
 6  495 
 6  544 
 6  528 
 6  517 
 6  497 
 6  541 
 6  504 
 6  514 
 6  485 
 6  550 
 6  488 
 6  506 
 6  526 
 6  504 
 6  545 
 6  540 
 6  503 
 6  488 
 6  508 
 6  550 
 6  468 
 6  533 
 6  506 
 6  514 
 6  509 
 6  509 
 6  491 
 6  482 
 6  497 
 6  493 
 6  524 
 6  496 
 6  507 
 6  494 
 6  503 
 6  494 
 6  532 
 6  520 
 6  508 
 6  538 
 6  525 
 6  558 
 6  480 
 6  504 
 6  499 
 6  533 
 6  539 
 6  518 
 6  532 
 6  522 
 6  543 
 6  465 
 6  531 
 6  520 
 6  512 
 6  523 
 6  508 
 6  496 
 6  547 
 6  463 
 6  547 
 6  492 
 6  496 
 6  512 
 6  515 
 6  515 
 6  534 
 6  470 
 6  532 
 6  500 
 6  536 
 6  515 
 6  554 
 6  500 
 6  508 
 6  503 
 6  514 
 6  501 
 6  477 
 6  504 
 6  489 
 6  532 
 6  520 
 6  499 
 6  533 
 6  489 
 6  504 
 6  530 
 6  510 
 6  495 
 6  514 
 6  539 
 6  513 
 6  508 
 6  507 
 6  507 
 6  509 
 6  486 
 6  488 
 6  467 
 6  476 
 6  522 
 6  490 
 6  514 
 6  493 
 6  530 
 6  510 
 6  483 
 6  499 
 6  482 
 6  529 
 6  480 
 6  495 
 6  536 
 6  483 
 6  493 
 6  515 
 6  506 
 6  492 
 6  545 
 6  526 
 6  499 
 6  490 
 6  499 
 6  469 
 6  492 
 6  485 
 6  498 
 6  541 
 6  481 
 6  528 
 6  519 
 6  489 
 6  475 
 6  534 
 6  477 
 6  560 
 6  537 
 6  539 
 6  528 
 6  520 
 6  512 
 6  505 
 6  541 
 6  481 
 6  475 
 6  516 
 6  523 
 6  510 
 6  484 
 6  509 
 6  552 
 6  507 
 6  544 
 6  495 
 6  508 
 6  485 
 6  488 
 6  505 
 6  486 
 6  504 
 6  497 
 6  493 
 6  497 
 6  529 
 6  494 
 6  534 
 6  504 
 6  481 
 6  557 
 6  489 
 6  539 
 6  511 
 6  473 
 6  517 
 6  504 
 6  520 
 6  499 
 6  537 
 6  481 
 6  516 
 6  501 
 6  513 
 6  508 
 6  521 
 6  466 
 6  476 
 6  519 
 6  498 
 6  514 
 6  534 
 6  526 
 6  554 
 6  484 
 6  503 
 6  488 
 6  541 
 6  517 
 6  524 
 6  513 
 6  528 
 6  460 
 6  504 
 6  541 
 6  504 
 6  512 
 6  496 
 6  489 
 6  524 
 6  473 
 6  471 
 6  503 
 6  493 
 6  475 
 6  527 
 6  539 
 6  538 
 6  489 
 6  497 
 6  521 
 6  490 
 6  518 
 6  531 
 6  529 
 6  495 
 6  507 
 6  516 
 6  523 
 6  525 
 6  564 
 6  503 
 6  476 
 6  527 
 6  490 
 6  498 
 6  535 
 6  515 
 6  469 
 6  516 
 6  492 
 6  495 
 6  509 
 6  505 
 6  490 
 6  507 
 6  488 
 6  488 
 6  517 
 6  519 
 6  515 
 6  485 
 6  530 
 6  486 
 6  497 
 6  536 
 6  478 
 6  500 
 6  464 
 6  543 
 6  512 
 6  529 
 6  534 
 6  500 
 6  515 
 6  534 
 6  499 
 6  532 
 6  453 
 6  483 
 6  507 
 6  503 
 6  513 
 6  508 
 6  547 
 6  468 
 6  488 
 6  502 
 6  523 
 6  502 
 6  495 
 6  548 
 6  546 
 6  521 
 6  504 
 6  491 
 6  522 
 6  548 
 6  519 
 6  535 
 6  488 
 6  502 
 6  516 
 6  522 
 6  523 
 6  512 
 6  522 
 6  500 
 6  500 
 6  549 
 6  526 
 6  524 
 6  539 
 6  496 
 6  506 
 6  525 
 6  547 
 6  502 
 6  483 
 6  495 
 6  485 
 6  536 
 6  482 
 6  550 
 6  505 
 6  522 
 6  514 
 6  490 
 6  469 
 6  570 
 6  515 
 6  530 
 6  530 
 6  490 
 6  549 
 6  511 
 6  521 
 6  478 
 6  525 
 6  499 
 6  537 
 6  499 
 6  507 
 6  488 
 6  551 
 6  513 
 6  509 
 6  496 
 6  523 
 6  555 
 6  500 
 6  515 
 6  488 
 6  492 
 6  536 
 6  481 
 6  509 
 6  530 
 6  514 
 6  508 
 6  486 
 6  526 
 6  500 
 6  551 
 6  526 
 6  538 
 6  538 
 6  532 
 6  492 
 6  496 
 6  537 
 6  500 
 6  511 
 6  505 
 6  477 
 6  499 
 6  474 
 6  510 
 6  512 
 6  494 
 6  501 
 6  481 
 6  505 
 6  526 
 6  501 
 6  503 
 6  517 
 6  526 
 6  504 
 6  512 
 6  496 
 6  501 
 6  507 
 6  486 
 6  482 
 6  487 
 6  470 
 6  518 
 6  479 
 6  495 
 6  502 
 6  504 
 6  558 
 6  538 
 6  488 
 6  481 
 6  546 
 6  480 
 6  536 
 6  524 
 6  496 
 6  529 
 6  484 
 6  502 
 6  528 
 6  511 
 6  515 
 6  514 
 6  523 
 6  516 
 6  474 
 6  509 
 6  539 
 6  483 
 6  529 
 6  547 
 6  504 
 6  502 
 6  529 
 6  488 
 6  543 
 6  550 
 6  537 
 6  508 
 6  570 
 6  533 
 6  482 
 6  510 
 6  517 
 6  513 
 6  523 
 6  487 
 6  533 
 6  498 
 6  495 
 6  495 
 6  507 
 6  524 
 6  518 
 6  521 
 6  505 
 6  508 
 6  485 
 6  498 
 6  488 
 6  524 
 6  472 
 6  485 
 6  475 
 6  523 
 6  515 
 6  475 
 6  554 
 6  501 
 6  525 
 6  519 
 6  496 
 6  528 
 6  507 
 6  504 
 6  526 
 6  494 
 6  511 
 6  495 
 6  545 
 6  514 
 6  496 
 6  526 
 6  493 
 6  492 
 6  509 
 6  520 
 6  509 
 6  494 
 6  480 
 6  532 
 6  510 
 6  527 
 6  514 
 6  485 
 6  524 
 6  545 
 6  498 
 6  524 
 6  537 
 6  547 
 6  517 
 6  557 
 6  554 
 6  496 
 6  508 
 6  531 
 6  500 
 6  521 
 6  465 
 6  494 
 6  501 
 6  492 
 6  486 
 6  504 
 6  505 
 6  533 
 6  476 
 6  510 
 6  518 
 6  470 
 6  518 
 6  478 
 6  536 
 6  494 
 6  492 
 6  484 
 6  506 
 6  483 
 6  490 
 6  493 
 6  491 
 6  482 
 6  516 
 6  494 
 6  514 
 6  509 
 6  498 
 6  502 
 6  525 
 6  509 
 6  507 
 6  528 
 6  493 
 6  522 
 6  506 
 6  512 
 6  505 
 6  519 
 6  514 
 6  486 
 6  514 
 6  496 
 6  479 
 6  508 
 6  525 
 6  514 
 6  523 
 6  496 
 6  502 
 6  501 
 6  518 
 6  504 
 6  508 
 6  509 
 6  551 
 6  508 
 6  499 
 6  503 
 6  499 
 6  486 
 6  523 
 6  531 
 6  537 
 6  511 
 6  486 
 6  520 
 6  489 
 6  498 
 6  485 
 6  494 
 6  562 
 6  528 
 6  481 
 6  479 
 6  501 
 6  494 
 6  486 
 6  519 
 6  523 
 6  525 
 6  534 
 6  500 
 6  513 
 6  540 
 6  495 
 6  552 
 6  471 
 6  485 
 6  549 
 6  513 
 6  529 
 6  506 
 6  495 
 6  526 
 6  523 
 6  510 
 6  511 
 6  480 
 6  551 
 6  511 
 6  541 
 6  501 
 6  504 
 6  489 
 6  527 
 6  518 
 6  519 
 6  539 
 6  525 
 6  516 
 6  510 
 6  505 
 6  519 
 6  524 
 6  510 
 6  511 
 6  519 
 6  502 
 6  473 
 6  506 
 6  510 
 6  537 
 6  513 
 6  532 
 6  507 
 6  491 
 6  515 
 6  488 
 6  472 
 6  482 
 6  485 
 6  494 
 6  513 
 6  472 
 6  487 
 6  525 
 6  539 
 6  516 
 6  514 
 6  517 
 6  481 
 6  510 
 6  476 
 6  495 
 6  512 
 6  470 
 6  495 
 6  530 
 6  501 
 6  505 
 6  529 
 6  490 
 6  488 
 6  494 
 6  536 
 6  534 
 6  490 
 6  501 
 6  507 
 6  537 
 6  560 
 6  521 
 6  499 
 6  531 
 6  484 
 6  507 
 6  525 
 6  517 
 6  462 
 6  508 
 6  535 
 6  522 
 6  480 
 6  488 
 6  498 
 6  516 
 6  539 
 6  496 
 6  486 
 6  481 
 6  515 
 6  508 
 6  511 
 6  525 
 6  482 
 6  521 
 6  521 
 6  531 
 6  550 
 6  491 
 6  508 
 6  491 
 6  511 
 6  523 
 6  485 
 6  548 
 6  530 
 6  563 
 6  492 
 6  518 
 6  484 
 6  479 
 6  497 
 6  504 
 6  487 
 6  522 
 6  523 
 6  515 
 6  509 
 6  488 
 6  489 
 6  509 
 6  544 
 6  518 
 6  496 
 6  491 
 6  520 
 6  474 
 6  514 
 6  489 
 6  528 
 6  496 
 6  538 
 6  513 
 6  500 
 6  497 
 6  528 
 6  510 
 6  505 
 6  475 
 6  513 
 6  530 
 6  529 
 6  512 
 6  510 
 6  494 
 6  490 
 6  513 
 6  512 
 6  518 
 6  495 
 6  484 
 6  533 
 6  493 
 6  508 
 6  494 
 6  508 
 6  536 
 6  494 
 6  511 
 6  520 
 6  545 
 6  506 
 6  493 
 6  470 
 6  512 
 6  508 
 6  511 
 6  520 
 6  544 
 6  503 
 6  531 
 6  474 
 6  505 
 6  495 
 6  502 
 6  492 
 6  505 
 6  499 
 6  481 
 6  500 
 6  545 
 6  501 
 6  495 
 6  518 
 6  472 
 6  494 
 6  481 
 6  468 
 6  511 
 6  488 
 6  471 
 6  509 
 6  537 
 6  526 
 6  500 
 6  539 
 6  496 
 6  488 
 6  524 
 6  499 
 6  466 
 6  507 
 6  520 
 6  531 
 6  516 
 6  530 
 6  486 
 6  496 
 6  521 
 6  504 
 6  512 
 6  515 
 6  505 
 6  474 
 6  510 
 6  502 
 6  550 
 6  533 
 6  528 
 6  490 
 6  542 
 6  496 
 6  490 
 6  502 
 6  514 
 6  510 
 6  517 
 6  480 
 6  489 
 6  509 
 6  502 
 6  528 
 6  512 
 6  522 
 6  534 
 6  505 
 6  509 
 6  474 
 6  491 
 6  496 
 6  507 
 6  482 
 6  501 
 6  514 
 6  527 
 6  512 
 6  524 
 6  518 
 6  510 
 6  508 
 6  476 
 6  516 
 6  533 
 6  546 
 6  560 
 6  512 
 6  520 
 6  505 
 6  521 
 6  515 
 6  509 
 6  509 
 6  504 
 6  494 
 6  524 
 6  516 
 6  511 
 6  527 
 6  484 
 6  525 
 6  505 
 6  494 
 6  471 
 6  510 
 6  511 
 6  496 
 6  492 
 6  512 
 6  491 
 6  463 
 6  511 
 6  508 
 6  543 
 6  530 
 6  545 
 6  514 
 6  461 
 6  539 
 6  488 
 6  501 
 6  507 
 6  523 
 6  547 
 6  506 
 6  493 
 6  470 
 6  501 
 6  475 
 6  540 
 6  499 
 6  520 
 6  509 
 6  540 
 6  507 
 6  491 
 6  472 
 6  510 
 6  494 
 6  490 
 6  505 
 6  497 
 6  490 
 6  546 
 6  518 
 6  511 
 6  494 
 6  498 
 6  523 
 6  550 
 6  484 
 6  484 
 6  518 
 6  506 
 6  532 
 6  501 
 6  516 
 6  483 
 6  462 
 6  501 
 6  516 
 6  483 
 6  517 
 6  546 
 6  517 
 6  526 
 6  462 
 6  508 
 6  497 
 6  525 
 6  495 
 6  550 
 6  515 
 6  505 
 6  486 
 6  523 
 6  528 
 6  504 
 6  516 
 6  528 
 6  499 
 6  517 
 6  554 
 6  482 
 6  490 
 6  486 
 6  524 
 6  504 
 6  488 
 6  505 
 6  484 
 6  534 
 6  515 
 6  521 
 6  518 
 6  465 
 6  505 
 6  492 
 6  488 
 6  525 
 6  521 
 6  526 
 6  494 
 6  514 
 6  510 
 6  528 
 6  500 
 6  511 
 6  553 
 6  500 
 6  498 
 6  509 
 7  544 
 7  512 
 7  509 
 7  479 
 7  498 
 7  549 
 7  489 
 7  532 
 7  514 
 7  513 
 7  505 
 7  561 
 7  493 
 7  520 
 7  492 
 7  517 
 7  523 
 7  517 
 7  500 
 7  521 
 7  504 
 7  512 
 7  513 
 7  527 
 7  527 
 7  488 
 7  538 
 7  525 
 7  489 
 7  515 
 7  513 
 7  541 
 7  517 
 7  502 
 7  509 
 7  529 
 7  472 
 7  516 
 7  520 
 7  535 
 7  554 
 7  510 
 7  482 
 7  515 
 7  517 
 7  533 
 7  470 
 7  515 
 7  543 
 7  544 
 7  514 
 7  536 
 7  524 
 7  498 
 7  532 
 7  536 
 7  492 
 7  522 
 7  544 
 7  529 
 7  527 
 7  542 
 7  526 
 7  498 
 7  519 
 7  507 
 7  539 
 7  504 
 7  510 
 7  518 
 7  494 
 7  540 
 7  520 
 7  521 
 7  536 
 7  543 
 7  500 
 7  514 
 7  508 
 7  550 
 7  506 
 7  505 
 7  511 
 7  516 
 7  522 
 7  540 
 7  489 
 7  542 
 7  504 
 7  513 
 7  516 
 7  512 
 7  515 
 7  518 
 7  524 
 7  512 
 7  501 
 7  544 
 7  517 
 7  533 
 7  496 
 7  521 
 7  512 
 7  555 
 7  513 
 7  524 
 7  518 
 7  492 
 7  498 
 7  493 
 7  512 
 7  502 
 7  536 
 7  495 
 7  509 
 7  532 
 7  508 
 7  498 
 7  517 
 7  507 
 7  493 
 7  514 
 7  524 
 7  503 
 7  497 
 7  494 
 7  546 
 7  517 
 7  493 
 7  479 
 7  543 
 7  516 
 7  521 
 7  539 
 7  539 
 7  487 
 7  539 
 7  504 
 7  506 
 7  503 
 7  496 
 7  537 
 7  516 
 7  532 
 7  515 
 7  544 
 7  504 
 7  544 
 7  550 
 7  512 
 7  508 
 7  520 
 7  535 
 7  549 
 7  550 
 7  521 
 7  480 
 7  513 
 7  522 
 7  490 
 7  498 
 7  517 
 7  528 
 7  521 
 7  502 
 7  545 
 7  517 
 7  484 
 7  511 
 7  497 
 7  498 
 7  542 
 7  537 
 7  499 
 7  487 
 7  504 
 7  533 
 7  528 
 7  487 
 7  534 
 7  502 
 7  522 
 7  519 
 7  498 
 7  502 
 7  502 
 7  535 
 7  510 
 7  481 
 7  510 
 7  516 
 7  552 
 7  540 
 7  517 
 7  480 
 7  524 
 7  519 
 7  529 
 7  525 
 7  484 
 7  495 
 7  536 
 7  498 
 7  522 
 7  504 
 7  503 
 7  497 
 7  502 
 7  514 
 7  499 
 7  511 
 7  516 
 7  532 
 7  505 
 7  538 
 7  512 
 7  523 
 7  518 
 7  494 
 7  530 
 7  505 
 7  503 
 7  492 
 7  500 
 7  506 
 7  497 
 7  561 
 7  482 
 7  503 
 7  540 
 7  500 
 7  521 
 7  461 
 7  516 
 7  528 
 7  525 
 7  484 
 7  519 
 7  545 
 7  501 
 7  503 
 7  532 
 7  543 
 7  525 
 7  547 
 7  557 
 7  523 
 7  529 
 7  529 
 7  477 
 7  532 
 7  524 
 7  539 
 7  512 
 7  527 
 7  500 
 7  487 
 7  502 
 7  510 
 7  510 
 7  536 
 7  528 
 7  516 
 7  532 
 7  485 
 7  529 
 7  527 
 7  536 
 7  517 
 7  520 
 7  544 
 7  523 
 7  546 
 7  542 
 7  516 
 7  530 
 7  571 
 7  549 
 7  512 
 7  478 
 7  530 
 7  493 
 7  539 
 7  504 
 7  518 
 7  551 
 7  526 
 7  538 
 7  494 
 7  547 
 7  529 
 7  540 
 7  558 
 7  502 
 7  514 
 7  510 
 7  517 
 7  533 
 7  483 
 7  493 
 7  538 
 7  531 
 7  517 
 7  496 
 7  501 
 7  529 
 7  499 
 7  529 
 7  527 
 7  530 
 7  496 
 7  493 
 7  538 
 7  503 
 7  507 
 7  526 
 7  522 
 7  535 
 7  491 
 7  518 
 7  551 
 7  486 
 7  500 
 7  523 
 7  527 
 7  508 
 7  545 
 7  501 
 7  499 
 7  487 
 7  534 
 7  523 
 7  502 
 7  533 
 7  475 
 7  492 
 7  526 
 7  518 
 7  516 
 7  548 
 7  542 
 7  470 
 7  524 
 7  483 
 7  493 
 7  555 
 7  517 
 7  550 
 7  507 
 7  508 
 7  514 
 7  518 
 7  527 
 7  511 
 7  546 
 7  524 
 7  478 
 7  494 
 7  469 
 7  535 
 7  513 
 7  548 
 7  525 
 7  517 
 7  524 
 7  549 
 7  520 
 7  565 
 7  508 
 7  502 
 7  539 
 7  508 
 7  506 
 7  524 
 7  518 
 7  535 
 7  594 
 7  510 
 7  523 
 7  545 
 7  533 
 7  516 
 7  517 
 7  512 
 7  532 
 7  523 
 7  516 
 7  565 
 7  490 
 7  540 
 7  505 
 7  531 
 7  497 
 7  533 
 7  514 
 7  521 
 7  551 
 7  503 
 7  510 
 7  504 
 7  528 
 7  489 
 7  515 
 7  522 
 7  536 
 7  497 
 7  517 
 7  526 
 7  515 
 7  533 
 7  515 
 7  503 
 7  492 
 7  520 
 7  515 
 7  515 
 7  539 
 7  541 
 7  552 
 7  487 
 7  541 
 7  548 
 7  510 
 7  513 
 7  538 
 7  504 
 7  540 
 7  529 
 7  540 
 7  473 
 7  541 
 7  494 
 7  494 
 7  520 
 7  493 
 7  536 
 7  502 
 7  512 
 7  518 
 7  524 
 7  508 
 7  530 
 7  487 
 7  526 
 7  493 
 7  494 
 7  496 
 7  501 
 7  510 
 7  512 
 7  525 
 7  481 
 7  534 
 7  526 
 7  496 
 7  486 
 7  525 
 7  517 
 7  546 
 7  501 
 7  536 
 7  522 
 7  540 
 7  493 
 7  487 
 7  516 
 7  500 
 7  499 
 7  506 
 7  540 
 7  517 
 7  546 
 7  526 
 7  527 
 7  522 
 7  499 
 7  534 
 7  493 
 7  513 
 7  498 
 7  539 
 7  533 
 7  581 
 7  514 
 7  515 
 7  504 
 7  520 
 7  531 
 7  490 
 7  514 
 7  522 
 7  525 
 7  519 
 7  519 
 7  501 
 7  541 
 7  485 
 7  518 
 7  500 
 7  519 
 7  510 
 7  518 
 7  510 
 7  525 
 7  491 
 7  494 
 7  524 
 7  509 
 7  513 
 7  499 
 7  527 
 7  503 
 7  561 
 7  551 
 7  513 
 7  526 
 7  534 
 7  536 
 7  492 
 7  488 
 7  533 
 7  531 
 7  490 
 7  530 
 7  520 
 7  530 
 7  550 
 7  516 
 7  504 
 7  525 
 7  509 
 7  506 
 7  512 
 7  548 
 7  514 
 7  509 
 7  532 
 7  542 
 7  520 
 7  504 
 7  533 
 7  506 
 7  548 
 7  511 
 7  516 
 7  512 
 7  481 
 7  511 
 7  502 
 7  539 
 7  505 
 7  473 
 7  502 
 7  534 
 7  512 
 7  520 
 7  498 
 7  508 
 7  542 
 7  495 
 7  513 
 7  506 
 7  510 
 7  545 
 7  508 
 7  515 
 7  541 
 7  515 
 7  535 
 7  485 
 7  507 
 7  510 
 7  511 
 7  502 
 7  533 
 7  482 
 7  502 
 7  514 
 7  512 
 7  508 
 7  523 
 7  534 
 7  542 
 7  528 
 7  531 
 7  493 
 7  494 
 7  562 
 7  502 
 7  523 
 7  501 
 7  547 
 7  508 
 7  516 
 7  505 
 7  509 
 7  464 
 7  537 
 7  519 
 7  519 
 7  503 
 7  510 
 7  505 
 7  479 
 7  500 
 7  505 
 7  521 
 7  521 
 7  502 
 7  517 
 7  513 
 7  534 
 7  525 
 7  516 
 7  529 
 7  520 
 7  542 
 7  493 
 7  539 
 7  546 
 7  516 
 7  516 
 7  498 
 7  548 
 7  498 
 7  484 
 7  482 
 7  507 
 7  500 
 7  538 
 7  524 
 7  491 
 7  509 
 7  483 
 7  507 
 7  535 
 7  531 
 7  519 
 7  507 
 7  499 
 7  525 
 7  528 
 7  512 
 7  517 
 7  517 
 7  527 
 7  521 
 7  515 
 7  497 
 7  530 
 7  524 
 7  550 
 7  532 
 7  500 
 7  516 
 7  541 
 7  521 
 7  520 
 7  497 
 7  525 
 7  518 
 7  501 
 7  519 
 7  505 
 7  492 
 7  535 
 7  508 
 7  504 
 7  505 
 7  511 
 7  490 
 7  521 
 7  505 
 7  515 
 7  542 
 7  541 
 7  495 
 7  568 
 7  495 
 7  530 
 7  497 
 7  522 
 7  516 
 7  534 
 7  509 
 7  531 
 7  552 
 7  524 
 7  506 
 7  508 
 7  535 
 7  544 
 7  491 
 7  481 
 7  523 
 7  503 
 7  475 
 7  484 
 7  512 
 7  535 
 7  519 
 7  541 
 7  522 
 7  509 
 7  497 
 7  537 
 7  519 
 7  518 
 7  498 
 7  515 
 7  489 
 7  501 
 7  516 
 7  515 
 7  482 
 7  531 
 7  494 
 7  497 
 7  497 
 7  521 
 7  505 
 7  496 
 7  515 
 7  502 
 7  516 
 7  511 
 7  512 
 7  556 
 7  524 
 7  510 
 7  499 
 7  521 
 7  540 
 7  478 
 7  493 
 7  528 
 7  505 
 7  532 
 7  504 
 7  488 
 7  557 
 7  550 
 7  526 
 7  495 
 7  528 
 7  529 
 7  496 
 7  537 
 7  524 
 7  481 
 7  524 
 7  522 
 7  511 
 7  526 
 7  528 
 7  506 
 7  531 
 7  510 
 7  515 
 7  450 
 7  555 
 7  558 
 7  518 
 7  570 
 7  506 
 7  530 
 7  510 
 7  474 
 7  542 
 7  499 
 7  472 
 7  530 
 7  525 
 7  515 
 7  507 
 7  515 
 7  503 
 7  511 
 7  498 
 7  507 
 7  512 
 7  513 
 7  494 
 7  523 
 7  503 
 7  508 
 7  487 
 7  527 
 7  494 
 7  546 
 7  499 
 7  531 
 7  524 
 7  503 
 7  531 
 7  495 
 7  522 
 7  540 
 7  515 
 7  536 
 7  490 
 7  523 
 7  487 
 7  535 
 7  480 
 7  566 
 7  503 
 7  533 
 7  561 
 7  523 
 7  542 
 7  495 
 7  529 
 7  496 
 7  503 
 7  540 
 7  522 
 7  569 
 7  537 
 7  497 
 7  510 
 7  507 
 7  494 
 7  481 
 7  532 
 7  537 
 7  508 
 7  515 
 7  514 
 7  530 
 7  548 
 7  524 
 7  496 
 7  534 
 7  539 
 7  514 
 7  504 
 7  539 
 7  526 
 7  537 
 7  497 
 7  537 
 7  508 
 7  514 
 7  542 
 7  519 
 7  530 
 7  511 
 7  510 
 7  520 
 7  489 
 7  548 
 7  519 
 7  504 
 7  512 
 7  501 
 7  513 
 7  498 
 7  501 
 7  540 
 7  502 
 7  515 
 7  532 
 7  510 
 7  508 
 7  501 
 7  494 
 7  493 
 7  513 
 7  469 
 7  534 
 7  534 
 7  510 
 7  526 
 7  523 
 7  516 
 7  516 
 7  556 
 7  520 
 7  533 
 7  501 
 7  531 
 7  514 
 7  536 
 7  512 
 7  511 
 7  508 
 7  530 
 7  511 
 7  466 
 7  491 
 7  488 
 7  565 
 7  546 
 7  547 
 7  467 
 7  498 
 7  530 
 7  507 
 7  537 
 7  522 
 7  519 
 7  521 
 7  518 
 7  534 
 7  493 
 7  521 
 7  525 
 7  516 
 7  519 
 7  538 
 7  539 
 7  492 
 7  521 
 7  504 
 7  514 
 7  538 
 7  481 
 7  504 
 7  531 
 7  544 
 7  506 
 7  502 
 7  555 
 7  513 
 7  492 
 7  533 
 7  491 
 7  537 
 7  555 
 7  506 
 7  499 
 7  498 
 7  515 
 7  524 
 7  512 
 7  519 
 7  520 
 7  525 
 7  509 
 7  513 
 7  527 
 7  534 
 7  505 
 7  509 
 7  485 
 7  515 
 7  513 
 7  539 
 7  529 
 7  568 
 7  514 
 7  543 
 7  500 
 7  504 
 7  493 
 7  536 
 7  505 
 7  519 
 7  514 
 7  570 
 7  522 
 7  509 
 7  513 
 7  484 
 7  523 
 7  534 
 7  530 
 7  548 
 7  525 
 7  499 
 7  514 
 7  505 
 7  507 
 7  544 
 7  482 
 7  520 
 7  552 
 7  499 
 7  488 
 7  512 
 7  489 
 7  513 
 7  502 
 7  539 
 7  499 
 7  510 
 7  528 
 7  510 
 7  536 
 7  536 
 7  511 
 7  513 
 7  517 
 7  522 
 7  479 
 7  524 
 7  563 
 7  519 
 7  500 
 8  519 
 8  550 
 8  530 
 8  524 
 8  527 
 8  563 
 8  519 
 8  519 
 8  530 
 8  533 
 8  561 
 8  510 
 8  532 
 8  508 
 8  524 
 8  511 
 8  552 
 8  540 
 8  516 
 8  566 
 8  511 
 8  519 
 8  543 
 8  541 
 8  566 
 8  544 
 8  550 
 8  509 
 8  540 
 8  535 
 8  553 
 8  507 
 8  516 
 8  529 
 8  535 
 8  528 
 8  517 
 8  515 
 8  506 
 8  519 
 8  542 
 8  509 
 8  525 
 8  546 
 8  529 
 8  519 
 8  547 
 8  479 
 8  559 
 8  501 
 8  529 
 8  555 
 8  488 
 8  545 
 8  506 
 8  546 
 8  521 
 8  538 
 8  530 
 8  518 
 8  524 
 8  523 
 8  493 
 8  546 
 8  519 
 8  503 
 8  542 
 8  535 
 8  528 
 8  541 
 8  544 
 8  534 
 8  508 
 8  550 
 8  510 
 8  536 
 8  541 
 8  510 
 8  498 
 8  533 
 8  544 
 8  498 
 8  519 
 8  526 
 8  513 
 8  523 
 8  515 
 8  545 
 8  539 
 8  486 
 8  496 
 8  515 
 8  514 
 8  519 
 8  540 
 8  530 
 8  549 
 8  523 
 8  516 
 8  539 
 8  517 
 8  499 
 8  528 
 8  545 
 8  549 
 8  511 
 8  502 
 8  508 
 8  512 
 8  528 
 8  519 
 8  515 
 8  561 
 8  518 
 8  508 
 8  517 
 8  518 
 8  513 
 8  544 
 8  542 
 8  521 
 8  514 
 8  527 
 8  514 
 8  529 
 8  534 
 8  525 
 8  486 
 8  538 
 8  510 
 8  514 
 8  520 
 8  523 
 8  539 
 8  520 
 8  518 
 8  538 
 8  545 
 8  505 
 8  512 
 8  516 
 8  516 
 8  520 
 8  509 
 8  512 
 8  521 
 8  532 
 8  509 
 8  527 
 8  564 
 8  511 
 8  536 
 8  574 
 8  488 
 8  534 
 8  520 
 8  492 
 8  510 
 8  522 
 8  524 
 8  491 
 8  536 
 8  536 
 8  521 
 8  524 
 8  518 
 8  507 
 8  521 
 8  520 
 8  538 
 8  489 
 8  499 
 8  531 
 8  515 
 8  541 
 8  540 
 8  517 
 8  503 
 8  545 
 8  527 
 8  512 
 8  544 
 8  546 
 8  525 
 8  526 
 8  543 
 8  544 
 8  576 
 8  518 
 8  499 
 8  553 
 8  520 
 8  509 
 8  503 
 8  513 
 8  509 
 8  500 
 8  586 
 8  544 
 8  573 
 8  538 
 8  536 
 8  518 
 8  465 
 8  521 
 8  521 
 8  510 
 8  542 
 8  550 
 8  504 
 8  516 
 8  543 
 8  511 
 8  556 
 8  500 
 8  576 
 8  531 
 8  524 
 8  472 
 8  537 
 8  575 
 8  565 
 8  522 
 8  515 
 8  517 
 8  525 
 8  538 
 8  519 
 8  534 
 8  509 
 8  568 
 8  510 
 8  519 
 8  554 
 8  551 
 8  535 
 8  536 
 8  525 
 8  519 
 8  490 
 8  528 
 8  552 
 8  496 
 8  546 
 8  545 
 8  529 
 8  572 
 8  531 
 8  521 
 8  499 
 8  542 
 8  533 
 8  525 
 8  487 
 8  529 
 8  525 
 8  549 
 8  510 
 8  519 
 8  549 
 8  528 
 8  554 
 8  525 
 8  518 
 8  524 
 8  515 
 8  507 
 8  536 
 8  506 
 8  521 
 8  582 
 8  546 
 8  528 
 8  531 
 8  532 
 8  536 
 8  527 
 8  495 
 8  488 
 8  530 
 8  525 
 8  537 
 8  556 
 8  534 
 8  496 
 8  540 
 8  524 
 8  504 
 8  518 
 8  549 
 8  526 
 8  511 
 8  572 
 8  518 
 8  532 
 8  527 
 8  504 
 8  537 
 8  514 
 8  560 
 8  560 
 8  513 
 8  525 
 8  529 
 8  513 
 8  569 
 8  513 
 8  535 
 8  564 
 8  519 
 8  532 
 8  504 
 8  510 
 8  499 
 8  518 
 8  505 
 8  504 
 8  563 
 8  541 
 8  495 
 8  492 
 8  524 
 8  512 
 8  512 
 8  514 
 8  505 
 8  548 
 8  527 
 8  576 
 8  548 
 8  521 
 8  545 
 8  547 
 8  524 
 8  511 
 8  545 
 8  514 
 8  514 
 8  533 
 8  549 
 8  566 
 8  524 
 8  546 
 8  511 
 8  507 
 8  506 
 8  505 
 8  551 
 8  552 
 8  527 
 8  519 
 8  533 
 8  510 
 8  535 
 8  510 
 8  506 
 8  516 
 8  500 
 8  526 
 8  547 
 8  502 
 8  521 
 8  554 
 8  530 
 8  514 
 8  545 
 8  463 
 8  534 
 8  562 
 8  490 
 8  523 
 8  547 
 8  510 
 8  521 
 8  518 
 8  479 
 8  520 
 8  544 
 8  522 
 8  523 
 8  517 
 8  517 
 8  508 
 8  475 
 8  555 
 8  542 
 8  520 
 8  522 
 8  544 
 8  503 
 8  495 
 8  523 
 8  514 
 8  542 
 8  531 
 8  521 
 8  498 
 8  531 
 8  524 
 8  573 
 8  553 
 8  494 
 8  517 
 8  499 
 8  530 
 8  508 
 8  497 
 8  532 
 8  508 
 8  523 
 8  541 
 8  499 
 8  546 
 8  529 
 8  521 
 8  494 
 8  516 
 8  532 
 8  528 
 8  560 
 8  526 
 8  550 
 8  505 
 8  499 
 8  548 
 8  527 
 8  514 
 8  504 
 8  545 
 8  536 
 8  499 
 8  566 
 8  511 
 8  522 
 8  510 
 8  534 
 8  499 
 8  533 
 8  526 
 8  532 
 8  526 
 8  535 
 8  540 
 8  522 
 8  519 
 8  548 
 8  491 
 8  570 
 8  553 
 8  563 
 8  540 
 8  531 
 8  519 
 8  521 
 8  486 
 8  521 
 8  497 
 8  489 
 8  493 
 8  512 
 8  522 
 8  513 
 8  529 
 8  527 
 8  547 
 8  530 
 8  533 
 8  542 
 8  513 
 8  519 
 8  540 
 8  531 
 8  531 
 8  552 
 8  558 
 8  508 
 8  532 
 8  544 
 8  497 
 8  506 
 8  504 
 8  547 
 8  563 
 8  568 
 8  541 
 8  522 
 8  491 
 8  457 
 8  530 
 8  523 
 8  529 
 8  527 
 8  515 
 8  558 
 8  497 
 8  497 
 8  506 
 8  533 
 8  527 
 8  502 
 8  549 
 8  526 
 8  538 
 8  547 
 8  531 
 8  541 
 8  518 
 8  531 
 8  530 
 8  530 
 8  534 
 8  477 
 8  531 
 8  563 
 8  507 
 8  490 
 8  526 
 8  500 
 8  508 
 8  527 
 8  556 
 8  522 
 8  527 
 8  563 
 8  516 
 8  492 
 8  549 
 8  517 
 8  536 
 8  551 
 8  541 
 8  525 
 8  500 
 8  523 
 8  517 
 8  545 
 8  474 
 8  551 
 8  520 
 8  509 
 8  530 
 8  528 
 8  544 
 8  540 
 8  513 
 8  496 
 8  531 
 8  512 
 8  510 
 8  510 
 8  523 
 8  481 
 8  518 
 8  509 
 8  516 
 8  560 
 8  544 
 8  515 
 8  526 
 8  550 
 8  538 
 8  502 
 8  571 
 8  577 
 8  535 
 8  517 
 8  565 
 8  510 
 8  546 
 8  514 
 8  498 
 8  502 
 8  540 
 8  513 
 8  539 
 8  549 
 8  528 
 8  528 
 8  521 
 8  501 
 8  536 
 8  496 
 8  524 
 8  517 
 8  526 
 8  531 
 8  524 
 8  543 
 8  556 
 8  490 
 8  529 
 8  538 
 8  541 
 8  542 
 8  574 
 8  541 
 8  509 
 8  504 
 8  527 
 8  527 
 8  539 
 8  524 
 8  576 
 8  525 
 8  523 
 8  526 
 8  528 
 8  541 
 8  543 
 8  509 
 8  511 
 8  512 
 8  518 
 8  507 
 8  513 
 8  536 
 8  516 
 8  516 
 8  505 
 8  513 
 8  550 
 8  570 
 8  532 
 8  507 
 8  537 
 8  516 
 8  525 
 8  489 
 8  542 
 8  574 
 8  526 
 8  551 
 8  505 
 8  493 
 8  531 
 8  494 
 8  508 
 8  521 
 8  537 
 8  553 
 8  514 
 8  535 
 8  517 
 8  498 
 8  533 
 8  552 
 8  524 
 8  522 
 8  550 
 8  524 
 8  506 
 8  545 
 8  539 
 8  528 
 8  523 
 8  542 
 8  497 
 8  536 
 8  518 
 8  526 
 8  501 
 8  533 
 8  552 
 8  499 
 8  550 
 8  506 
 8  534 
 8  534 
 8  529 
 8  541 
 8  515 
 8  560 
 8  518 
 8  527 
 8  504 
 8  552 
 8  537 
 8  497 
 8  529 
 8  534 
 8  515 
 8  549 
 8  556 
 8  491 
 8  556 
 8  497 
 8  514 
 8  519 
 8  537 
 8  529 
 8  540 
 8  566 
 8  539 
 8  534 
 8  544 
 8  512 
 8  525 
 8  535 
 8  510 
 8  527 
 8  491 
 8  563 
 8  531 
 8  529 
 8  546 
 8  525 
 8  519 
 8  534 
 8  523 
 8  496 
 8  532 
 8  521 
 8  493 
 8  544 
 8  488 
 8  514 
 8  523 
 8  518 
 8  511 
 8  541 
 8  553 
 8  516 
 8  532 
 8  522 
 8  522 
 8  543 
 8  522 
 8  524 
 8  504 
 8  530 
 8  503 
 8  513 
 8  539 
 8  535 
 8  568 
 8  562 
 8  571 
 8  485 
 8  523 
 8  539 
 8  517 
 8  509 
 8  532 
 8  507 
 8  522 
 8  523 
 8  504 
 8  555 
 8  544 
 8  498 
 8  516 
 8  564 
 8  536 
 8  503 
 8  547 
 8  502 
 8  519 
 8  533 
 8  517 
 8  533 
 8  519 
 8  532 
 8  539 
 8  459 
 8  515 
 8  530 
 8  539 
 8  519 
 8  538 
 8  480 
 8  503 
 8  540 
 8  540 
 8  510 
 8  543 
 8  484 
 8  495 
 8  542 
 8  533 
 8  522 
 8  546 
 8  519 
 8  517 
 8  494 
 8  549 
 8  483 
 8  520 
 8  555 
 8  527 
 8  528 
 8  487 
 8  528 
 8  487 
 8  555 
 8  545 
 8  574 
 8  547 
 8  522 
 8  522 
 8  495 
 8  524 
 8  496 
 8  509 
 8  510 
 8  478 
 8  510 
 8  490 
 8  521 
 8  486 
 8  495 
 8  527 
 8  502 
 8  526 
 8  516 
 8  527 
 8  555 
 8  534 
 8  526 
 8  536 
 8  524 
 8  543 
 8  543 
 8  510 
 8  541 
 8  533 
 8  543 
 8  607 
 8  521 
 8  529 
 8  540 
 8  489 
 8  546 
 8  537 
 8  532 
 8  522 
 8  515 
 8  538 
 8  538 
 8  524 
 8  529 
 8  539 
 8  516 
 8  527 
 8  533 
 8  527 
 8  490 
 8  556 
 8  534 
 8  535 
 8  516 
 8  498 
 8  529 
 8  515 
 8  523 
 8  510 
 8  518 
 8  526 
 8  491 
 8  537 
 8  514 
 8  518 
 8  522 
 8  522 
 8  511 
 8  504 
 8  509 
 8  517 
 8  476 
 8  542 
 8  532 
 8  544 
 8  504 
 8  561 
 8  545 
 8  539 
 8  536 
 8  533 
 8  502 
 8  531 
 8  516 
 8  502 
 8  529 
 8  520 
 8  537 
 8  517 
 8  523 
 8  498 
 8  526 
 8  521 
 8  525 
 8  519 
 8  544 
 8  520 
 8  514 
 8  534 
 8  531 
 8  536 
 8  500 
 8  570 
 8  516 
 8  499 
 8  540 
 8  527 
 8  517 
 8  531 
 8  494 
 8  532 
 8  530 
 8  539 
 8  558 
 8  493 
 8  505 
 8  536 
 8  502 
 8  504 
 8  536 
 8  528 
 8  546 
 8  507 
 8  580 
 8  506 
 8  564 
 8  517 
 8  535 
 8  535 
 8  549 
 8  495 
 8  545 
 8  543 
 8  549 
 8  487 
 8  502 
 8  505 
 8  503 
 8  505 
 8  535 
 8  556 
 8  527 
 8  504 
 8  511 
 8  489 
 8  512 
 8  542 
 8  516 
 8  533 
 8  483 
 8  514 
 8  539 
 8  541 
 8  493 
 8  520 
 8  536 
 8  538 
 8  522 
 8  539 
 8  539 
 8  524 
 8  519 
 8  538 
 8  507 
 8  517 
 8  505 
 8  516 
 8  530 
 8  507 
 8  528 
 8  511 
 8  576 
 8  525 
 8  489 
 8  543 
 8  532 
 8  510 
 8  502 
 8  526 
 8  506 
 8  511 
 8  524 
 8  526 
 8  559 
 8  527 
 8  541 
 8  512 
 8  540 
 8  551 
 8  562 
 8  510 
 8  540 
 8  552 
 8  550 
 8  546 
 8  490 
 8  521 
 8  503 
 8  536 
 8  506 
 8  470 
 8  526 
 8  505 
 8  533 
 9  547 
 9  527 
 9  534 
 9  509 
 9  536 
 9  540 
 9  541 
 9  514 
 9  533 
 9  525 
 9  561 
 9  522 
 9  558 
 9  499 
 9  538 
 9  510 
 9  525 
 9  540 
 9  569 
 9  505 
 9  531 
 9  539 
 9  537 
 9  556 
 9  523 
 9  568 
 9  546 
 9  495 
 9  592 
 9  526 
 9  510 
 9  531 
 9  539 
 9  523 
 9  565 
 9  514 
 9  522 
 9  550 
 9  514 
 9  539 
 9  512 
 9  528 
 9  511 
 9  530 
 9  560 
 9  515 
 9  515 
 9  550 
 9  560 
 9  542 
 9  514 
 9  506 
 9  536 
 9  525 
 9  510 
 9  545 
 9  487 
 9  553 
 9  517 
 9  545 
 9  526 
 9  548 
 9  508 
 9  528 
 9  565 
 9  555 
 9  511 
 9  510 
 9  521 
 9  547 
 9  517 
 9  540 
 9  541 
 9  534 
 9  537 
 9  510 
 9  493 
 9  506 
 9  558 
 9  509 
 9  555 
 9  482 
 9  534 
 9  505 
 9  558 
 9  543 
 9  518 
 9  524 
 9  502 
 9  573 
 9  524 
 9  555 
 9  535 
 9  541 
 9  524 
 9  535 
 9  557 
 9  567 
 9  509 
 9  544 
 9  579 
 9  530 
 9  546 
 9  518 
 9  510 
 9  520 
 9  533 
 9  517 
 9  514 
 9  503 
 9  577 
 9  525 
 9  539 
 9  535 
 9  513 
 9  493 
 9  530 
 9  574 
 9  525 
 9  505 
 9  523 
 9  536 
 9  543 
 9  493 
 9  491 
 9  531 
 9  499 
 9  517 
 9  510 
 9  508 
 9  529 
 9  569 
 9  533 
 9  551 
 9  540 
 9  547 
 9  511 
 9  561 
 9  525 
 9  495 
 9  537 
 9  543 
 9  547 
 9  537 
 9  518 
 9  521 
 9  560 
 9  537 
 9  540 
 9  511 
 9  572 
 9  529 
 9  535 
 9  539 
 9  545 
 9  547 
 9  572 
 9  501 
 9  563 
 9  516 
 9  517 
 9  544 
 9  507 
 9  555 
 9  536 
 9  533 
 9  512 
 9  525 
 9  540 
 9  525 
 9  516 
 9  534 
 9  528 
 9  530 
 9  533 
 9  559 
 9  521 
 9  571 
 9  525 
 9  559 
 9  531 
 9  529 
 9  548 
 9  551 
 9  521 
 9  602 
 9  485 
 9  543 
 9  555 
 9  527 
 9  533 
 9  515 
 9  535 
 9  513 
 9  512 
 9  510 
 9  558 
 9  520 
 9  546 
 9  512 
 9  534 
 9  506 
 9  532 
 9  535 
 9  533 
 9  520 
 9  536 
 9  529 
 9  543 
 9  528 
 9  522 
 9  539 
 9  533 
 9  530 
 9  513 
 9  557 
 9  548 
 9  513 
 9  552 
 9  523 
 9  510 
 9  557 
 9  526 
 9  524 
 9  526 
 9  533 
 9  545 
 9  544 
 9  542 
 9  512 
 9  514 
 9  521 
 9  578 
 9  527 
 9  552 
 9  543 
 9  537 
 9  527 
 9  548 
 9  522 
 9  518 
 9  561 
 9  552 
 9  531 
 9  536 
 9  550 
 9  522 
 9  558 
 9  551 
 9  563 
 9  531 
 9  510 
 9  544 
 9  505 
 9  507 
 9  485 
 9  542 
 9  563 
 9  502 
 9  538 
 9  507 
 9  514 
 9  534 
 9  550 
 9  521 
 9  521 
 9  524 
 9  507 
 9  526 
 9  568 
 9  522 
 9  524 
 9  546 
 9  511 
 9  555 
 9  522 
 9  524 
 9  516 
 9  519 
 9  572 
 9  551 
 9  527 
 9  518 
 9  556 
 9  520 
 9  488 
 9  529 
 9  554 
 9  533 
 9  519 
 9  523 
 9  537 
 9  516 
 9  510 
 9  509 
 9  514 
 9  515 
 9  533 
 9  542 
 9  520 
 9  505 
 9  526 
 9  531 
 9  531 
 9  507 
 9  539 
 9  540 
 9  544 
 9  533 
 9  560 
 9  524 
 9  569 
 9  515 
 9  499 
 9  551 
 9  574 
 9  515 
 9  535 
 9  523 
 9  531 
 9  512 
 9  544 
 9  541 
 9  523 
 9  514 
 9  550 
 9  545 
 9  528 
 9  503 
 9  551 
 9  516 
 9  487 
 9  556 
 9  544 
 9  504 
 9  542 
 9  560 
 9  564 
 9  533 
 9  494 
 9  518 
 9  567 
 9  573 
 9  510 
 9  564 
 9  540 
 9  534 
 9  528 
 9  525 
 9  520 
 9  562 
 9  559 
 9  529 
 9  550 
 9  498 
 9  530 
 9  507 
 9  564 
 9  552 
 9  581 
 9  543 
 9  513 
 9  537 
 9  568 
 9  526 
 9  513 
 9  523 
 9  531 
 9  524 
 9  525 
 9  536 
 9  555 
 9  546 
 9  561 
 9  568 
 9  567 
 9  555 
 9  545 
 9  514 
 9  529 
 9  524 
 9  534 
 9  533 
 9  515 
 9  529 
 9  559 
 9  525 
 9  513 
 9  572 
 9  524 
 9  511 
 9  521 
 9  585 
 9  488 
 9  531 
 9  593 
 9  538 
 9  526 
 9  492 
 9  523 
 9  557 
 9  527 
 9  515 
 9  555 
 9  558 
 9  551 
 9  514 
 9  542 
 9  521 
 9  536 
 9  517 
 9  515 
 9  551 
 9  534 
 9  541 
 9  511 
 9  542 
 9  514 
 9  527 
 9  527 
 9  550 
 9  576 
 9  507 
 9  552 
 9  524 
 9  502 
 9  524 
 9  536 
 9  553 
 9  519 
 9  504 
 9  494 
 9  550 
 9  549 
 9  530 
 9  536 
 9  548 
 9  510 
 9  570 
 9  534 
 9  531 
 9  535 
 9  500 
 9  537 
 9  504 
 9  510 
 9  507 
 9  518 
 9  572 
 9  535 
 9  546 
 9  515 
 9  530 
 9  538 
 9  546 
 9  521 
 9  519 
 9  501 
 9  559 
 9  576 
 9  492 
 9  538 
 9  536 
 9  510 
 9  540 
 9  538 
 9  514 
 9  561 
 9  539 
 9  545 
 9  524 
 9  497 
 9  542 
 9  577 
 9  528 
 9  534 
 9  520 
 9  553 
 9  526 
 9  535 
 9  553 
 9  549 
 9  548 
 9  504 
 9  495 
 9  531 
 9  543 
 9  536 
 9  497 
 9  529 
 9  510 
 9  515 
 9  527 
 9  491 
 9  520 
 9  509 
 9  533 
 9  524 
 9  538 
 9  528 
 9  513 
 9  502 
 9  517 
 9  517 
 9  516 
 9  536 
 9  566 
 9  526 
 9  546 
 9  531 
 9  523 
 9  548 
 9  532 
 9  501 
 9  542 
 9  585 
 9  528 
 9  558 
 9  572 
 9  517 
 9  545 
 9  522 
 9  493 
 9  556 
 9  579 
 9  530 
 9  514 
 9  572 
 9  525 
 9  592 
 9  546 
 9  539 
 9  517 
 9  525 
 9  513 
 9  553 
 9  513 
 9  543 
 9  506 
 9  535 
 9  570 
 9  534 
 9  543 
 9  531 
 9  516 
 9  564 
 9  534 
 9  517 
 9  530 
 9  526 
 9  515 
 9  551 
 9  512 
 9  525 
 9  529 
 9  538 
 9  561 
 9  530 
 9  554 
 9  542 
 9  500 
 9  496 
 9  549 
 9  525 
 9  530 
 9  558 
 9  542 
 9  532 
 9  541 
 9  523 
 9  559 
 9  544 
 9  507 
 9  542 
 9  492 
 9  521 
 9  518 
 9  524 
 9  535 
 9  576 
 9  543 
 9  516 
 9  554 
 9  544 
 9  512 
 9  543 
 9  501 
 9  525 
 9  525 
 9  571 
 9  532 
 9  552 
 9  508 
 9  506 
 9  537 
 9  551 
 9  517 
 9  574 
 9  522 
 9  516 
 9  521 
 9  521 
 9  501 
 9  532 
 9  531 
 9  538 
 9  491 
 9  548 
 9  493 
 9  530 
 9  536 
 9  520 
 9  573 
 9  547 
 9  527 
 9  505 
 9  548 
 9  531 
 9  517 
 9  541 
 9  494 
 9  559 
 9  495 
 9  512 
 9  509 
 9  487 
 9  553 
 9  563 
 9  512 
 9  491 
 9  492 
 9  512 
 9  547 
 9  531 
 9  513 
 9  556 
 9  524 
 9  554 
 9  526 
 9  550 
 9  546 
 9  538 
 9  522 
 9  521 
 9  532 
 9  554 
 9  519 
 9  562 
 9  553 
 9  504 
 9  511 
 9  498 
 9  511 
 9  511 
 9  530 
 9  534 
 9  478 
 9  523 
 9  518 
 9  537 
 9  517 
 9  544 
 9  591 
 9  515 
 9  557 
 9  548 
 9  534 
 9  530 
 9  555 
 9  536 
 9  542 
 9  561 
 9  581 
 9  595 
 9  550 
 9  528 
 9  517 
 9  495 
 9  534 
 9  577 
 9  547 
 9  527 
 9  538 
 9  554 
 9  517 
 9  540 
 9  543 
 9  476 
 9  542 
 9  498 
 9  531 
 9  539 
 9  566 
 9  520 
 9  508 
 9  517 
 9  516 
 9  530 
 9  542 
 9  519 
 9  543 
 9  538 
 9  541 
 9  499 
 9  542 
 9  533 
 9  557 
 9  542 
 9  499 
 9  521 
 9  551 
 9  524 
 9  516 
 9  545 
 9  555 
 9  553 
 9  561 
 9  554 
 9  549 
 9  553 
 9  560 
 9  548 
 9  518 
 9  528 
 9  546 
 9  553 
 9  570 
 9  526 
 9  514 
 9  506 
 9  533 
 9  537 
 9  555 
 9  510 
 9  556 
 9  515 
 9  587 
 9  556 
 9  521 
 9  500 
 9  525 
 9  549 
 9  561 
 9  523 
 9  520 
 9  548 
 9  530 
 9  521 
 9  530 
 9  532 
 9  570 
 9  541 
 9  532 
 9  554 
 9  511 
 9  573 
 9  545 
 9  507 
 9  545 
 9  525 
 9  537 
 9  514 
 9  539 
 9  541 
 9  530 
 9  524 
 9  558 
 9  520 
 9  521 
 9  556 
 9  520 
 9  503 
 9  515 
 9  522 
 9  527 
 9  531 
 9  549 
 9  535 
 9  564 
 9  547 
 9  576 
 9  483 
 9  566 
 9  536 
 9  531 
 9  518 
 9  500 
 9  556 
 9  515 
 9  562 
 9  518 
 9  546 
 9  514 
 9  580 
 9  558 
 9  528 
 9  518 
 9  576 
 9  517 
 9  536 
 9  530 
 9  587 
 9  567 
 9  509 
 9  526 
 9  519 
 9  570 
 9  536 
 9  514 
 9  529 
 9  509 
 9  536 
 9  560 
 9  530 
 9  546 
 9  516 
 9  531 
 9  544 
 9  540 
 9  543 
 9  510 
 9  500 
 9  571 
 9  519 
 9  521 
 9  527 
 9  565 
 9  543 
 9  530 
 9  556 
 9  528 
 9  533 
 9  531 
 9  547 
 9  528 
 9  529 
 9  526 
 9  520 
 9  523 
 9  498 
 9  546 
 9  520 
 9  565 
 9  570 
 9  482 
 9  510 
 9  525 
 9  521 
 9  537 
 9  509 
 9  524 
 9  544 
 9  550 
 9  485 
 9  522 
 9  526 
 9  546 
 9  514 
 9  526 
 9  507 
 9  541 
 9  543 
 9  496 
 9  536 
 9  533 
 9  530 
 9  544 
 9  534 
 9  533 
 9  522 
 9  510 
 9  505 
 9  554 
 9  499 
 9  523 
 9  529 
 9  523 
 9  503 
 9  523 
 9  530 
 9  549 
 9  530 
 9  525 
 9  490 
 9  508 
 9  526 
 9  528 
 9  525 
 9  570 
 9  543 
 9  520 
 9  526 
 9  558 
 9  528 
 9  533 
 9  547 
 9  522 
 9  546 
 9  530 
 9  504 
 9  492 
 9  541 
 9  520 
 9  541 
 9  540 
 9  534 
 9  514 
 9  514 
 9  516 
 9  516 
 9  519 
 9  524 
 9  508 
 9  533 
 9  541 
 9  539 
 9  509 
 9  543 
 9  534 
 9  523 
 9  524 
 9  539 
 9  548 
 9  551 
 9  524 
 9  563 
 9  558 
 9  560 
 9  567 
 9  522 
 9  542 
 9  570 
 9  541 
 9  543 
 9  520 
 9  527 
 9  552 
 9  530 
 9  531 
 9  524 
 9  547 
 9  503 
 9  528 
 9  568 
 9  510 
 9  551 
 9  545 
 9  547 
 9  525 
 9  548 
 9  531 
 9  525 
 9  519 
 9  568 
 9  566 
 9  503 
 9  534 
 9  546 
 9  542 
 9  566 
 9  581 
 9  548 
 9  531 
 9  499 
 9  526 
 9  542 
 9  538 
 9  501 
 9  529 
 9  495 
 9  513 
 9  550 
 9  495 
 9  490 
 9  546 
 9  536 
 9  539 
 9  522 
 9  520 
 9  537 
 9  503 
 9  538 
 9  526 
 9  529 
 9  480 
 9  533 
 9  564 
 9  506 
 9  497 
 9  551 
 9  543 
 9  547 
 9  530 
 9  545 
 9  515 
 9  507 
 9  520 
 9  530 
 9  570 
 9  504 
 10  574 
 10  495 
 10  547 
 10  565 
 10  549 
 10  540 
 10  567 
 10  559 
 10  536 
 10  540 
 10  518 
 10  531 
 10  528 
 10  524 
 10  514 
 10  504 
 10  522 
 10  540 
 10  550 
 10  573 
 10  529 
 10  579 
 10  529 
 10  537 
 10  518 
 10  539 
 10  545 
 10  517 
 10  518 
 10  582 
 10  524 
 10  544 
 10  530 
 10  543 
 10  547 
 10  549 
 10  538 
 10  536 
 10  563 
 10  547 
 10  523 
 10  515 
 10  548 
 10  577 
 10  529 
 10  573 
 10  562 
 10  527 
 10  544 
 10  552 
 10  531 
 10  525 
 10  517 
 10  561 
 10  512 
 10  558 
 10  547 
 10  544 
 10  529 
 10  506 
 10  536 
 10  562 
 10  548 
 10  582 
 10  574 
 10  550 
 10  521 
 10  521 
 10  557 
 10  531 
 10  534 
 10  546 
 10  531 
 10  555 
 10  520 
 10  524 
 10  488 
 10  511 
 10  532 
 10  537 
 10  523 
 10  489 
 10  521 
 10  526 
 10  510 
 10  538 
 10  530 
 10  531 
 10  521 
 10  520 
 10  526 
 10  546 
 10  550 
 10  554 
 10  522 
 10  529 
 10  541 
 10  520 
 10  521 
 10  537 
 10  549 
 10  586 
 10  558 
 10  562 
 10  486 
 10  565 
 10  545 
 10  534 
 10  523 
 10  544 
 10  554 
 10  531 
 10  535 
 10  513 
 10  541 
 10  553 
 10  518 
 10  567 
 10  543 
 10  506 
 10  534 
 10  529 
 10  537 
 10  532 
 10  541 
 10  520 
 10  538 
 10  558 
 10  530 
 10  519 
 10  522 
 10  557 
 10  539 
 10  571 
 10  528 
 10  513 
 10  504 
 10  560 
 10  515 
 10  532 
 10  510 
 10  546 
 10  499 
 10  545 
 10  540 
 10  526 
 10  564 
 10  540 
 10  527 
 10  542 
 10  544 
 10  508 
 10  566 
 10  529 
 10  521 
 10  544 
 10  540 
 10  542 
 10  564 
 10  556 
 10  556 
 10  497 
 10  554 
 10  517 
 10  524 
 10  526 
 10  522 
 10  517 
 10  515 
 10  531 
 10  536 
 10  524 
 10  567 
 10  569 
 10  554 
 10  530 
 10  550 
 10  522 
 10  550 
 10  519 
 10  513 
 10  526 
 10  592 
 10  545 
 10  565 
 10  527 
 10  521 
 10  531 
 10  523 
 10  551 
 10  513 
 10  585 
 10  549 
 10  541 
 10  598 
 10  575 
 10  560 
 10  491 
 10  567 
 10  583 
 10  565 
 10  559 
 10  535 
 10  537 
 10  536 
 10  545 
 10  531 
 10  508 
 10  534 
 10  555 
 10  561 
 10  549 
 10  500 
 10  513 
 10  543 
 10  524 
 10  551 
 10  533 
 10  554 
 10  553 
 10  522 
 10  551 
 10  524 
 10  495 
 10  493 
 10  502 
 10  528 
 10  549 
 10  550 
 10  595 
 10  533 
 10  539 
 10  524 
 10  554 
 10  509 
 10  537 
 10  544 
 10  569 
 10  534 
 10  522 
 10  522 
 10  525 
 10  552 
 10  519 
 10  555 
 10  530 
 10  508 
 10  527 
 10  546 
 10  532 
 10  538 
 10  528 
 10  539 
 10  525 
 10  524 
 10  515 
 10  523 
 10  521 
 10  511 
 10  519 
 10  522 
 10  548 
 10  509 
 10  559 
 10  576 
 10  533 
 10  546 
 10  506 
 10  546 
 10  533 
 10  543 
 10  495 
 10  511 
 10  517 
 10  552 
 10  540 
 10  537 
 10  511 
 10  531 
 10  536 
 10  544 
 10  559 
 10  528 
 10  564 
 10  541 
 10  544 
 10  506 
 10  559 
 10  508 
 10  538 
 10  539 
 10  543 
 10  540 
 10  536 
 10  500 
 10  554 
 10  518 
 10  557 
 10  539 
 10  556 
 10  555 
 10  572 
 10  544 
 10  520 
 10  544 
 10  552 
 10  514 
 10  545 
 10  559 
 10  562 
 10  536 
 10  510 
 10  589 
 10  540 
 10  564 
 10  510 
 10  532 
 10  550 
 10  539 
 10  552 
 10  534 
 10  548 
 10  548 
 10  576 
 10  520 
 10  570 
 10  538 
 10  556 
 10  531 
 10  561 
 10  545 
 10  537 
 10  554 
 10  561 
 10  539 
 10  534 
 10  543 
 10  533 
 10  565 
 10  572 
 10  546 
 10  513 
 10  533 
 10  549 
 10  502 
 10  531 
 10  546 
 10  526 
 10  536 
 10  518 
 10  516 
 10  523 
 10  570 
 10  503 
 10  559 
 10  590 
 10  558 
 10  560 
 10  520 
 10  542 
 10  516 
 10  532 
 10  522 
 10  506 
 10  553 
 10  525 
 10  562 
 10  545 
 10  515 
 10  550 
 10  553 
 10  562 
 10  548 
 10  496 
 10  530 
 10  555 
 10  537 
 10  540 
 10  532 
 10  543 
 10  552 
 10  539 
 10  518 
 10  516 
 10  514 
 10  510 
 10  559 
 10  534 
 10  585 
 10  600 
 10  523 
 10  580 
 10  547 
 10  515 
 10  536 
 10  538 
 10  540 
 10  513 
 10  512 
 10  560 
 10  541 
 10  521 
 10  527 
 10  517 
 10  550 
 10  517 
 10  554 
 10  529 
 10  566 
 10  518 
 10  506 
 10  537 
 10  527 
 10  555 
 10  527 
 10  536 
 10  528 
 10  529 
 10  562 
 10  542 
 10  592 
 10  532 
 10  551 
 10  516 
 10  554 
 10  520 
 10  524 
 10  538 
 10  543 
 10  533 
 10  548 
 10  520 
 10  523 
 10  534 
 10  519 
 10  503 
 10  545 
 10  577 
 10  563 
 10  523 
 10  511 
 10  518 
 10  543 
 10  530 
 10  536 
 10  549 
 10  538 
 10  519 
 10  525 
 10  525 
 10  543 
 10  533 
 10  538 
 10  568 
 10  526 
 10  521 
 10  530 
 10  531 
 10  504 
 10  537 
 10  538 
 10  533 
 10  537 
 10  515 
 10  558 
 10  600 
 10  564 
 10  541 
 10  556 
 10  534 
 10  553 
 10  522 
 10  570 
 10  528 
 10  532 
 10  551 
 10  554 
 10  554 
 10  490 
 10  513 
 10  560 
 10  549 
 10  520 
 10  526 
 10  537 
 10  551 
 10  539 
 10  549 
 10  547 
 10  555 
 10  533 
 10  548 
 10  540 
 10  544 
 10  541 
 10  533 
 10  551 
 10  552 
 10  537 
 10  591 
 10  517 
 10  548 
 10  543 
 10  565 
 10  542 
 10  522 
 10  555 
 10  543 
 10  565 
 10  542 
 10  531 
 10  522 
 10  546 
 10  528 
 10  537 
 10  557 
 10  562 
 10  536 
 10  528 
 10  518 
 10  552 
 10  554 
 10  516 
 10  570 
 10  558 
 10  556 
 10  510 
 10  582 
 10  548 
 10  527 
 10  538 
 10  570 
 10  562 
 10  502 
 10  586 
 10  565 
 10  554 
 10  571 
 10  533 
 10  549 
 10  534 
 10  530 
 10  525 
 10  513 
 10  550 
 10  534 
 10  528 
 10  534 
 10  510 
 10  533 
 10  520 
 10  487 
 10  545 
 10  535 
 10  559 
 10  515 
 10  513 
 10  530 
 10  519 
 10  537 
 10  567 
 10  533 
 10  587 
 10  537 
 10  527 
 10  544 
 10  547 
 10  510 
 10  552 
 10  538 
 10  544 
 10  549 
 10  554 
 10  546 
 10  560 
 10  534 
 10  529 
 10  588 
 10  539 
 10  565 
 10  533 
 10  538 
 10  574 
 10  522 
 10  551 
 10  550 
 10  562 
 10  559 
 10  541 
 10  566 
 10  555 
 10  541 
 10  521 
 10  532 
 10  549 
 10  548 
 10  531 
 10  504 
 10  563 
 10  542 
 10  512 
 10  553 
 10  531 
 10  514 
 10  526 
 10  509 
 10  544 
 10  526 
 10  575 
 10  508 
 10  548 
 10  541 
 10  555 
 10  527 
 10  558 
 10  528 
 10  547 
 10  540 
 10  558 
 10  530 
 10  502 
 10  555 
 10  542 
 10  539 
 10  553 
 10  494 
 10  539 
 10  567 
 10  539 
 10  550 
 10  545 
 10  559 
 10  536 
 10  571 
 10  560 
 10  562 
 10  526 
 10  519 
 10  557 
 10  512 
 10  547 
 10  543 
 10  535 
 10  548 
 10  568 
 10  568 
 10  534 
 10  527 
 10  567 
 10  515 
 10  545 
 10  525 
 10  523 
 10  536 
 10  534 
 10  541 
 10  514 
 10  561 
 10  510 
 10  551 
 10  545 
 10  552 
 10  559 
 10  565 
 10  551 
 10  556 
 10  500 
 10  530 
 10  543 
 10  547 
 10  538 
 10  564 
 10  549 
 10  527 
 10  530 
 10  506 
 10  542 
 10  562 
 10  532 
 10  506 
 10  557 
 10  542 
 10  514 
 10  567 
 10  541 
 10  511 
 10  551 
 10  566 
 10  557 
 10  560 
 10  524 
 10  532 
 10  534 
 10  530 
 10  535 
 10  545 
 10  529 
 10  527 
 10  548 
 10  520 
 10  553 
 10  555 
 10  551 
 10  524 
 10  539 
 10  566 
 10  533 
 10  538 
 10  566 
 10  566 
 10  569 
 10  496 
 10  558 
 10  516 
 10  562 
 10  557 
 10  553 
 10  544 
 10  526 
 10  536 
 10  528 
 10  557 
 10  546 
 10  513 
 10  592 
 10  583 
 10  543 
 10  556 
 10  523 
 10  564 
 10  540 
 10  616 
 10  545 
 10  567 
 10  557 
 10  554 
 10  531 
 10  568 
 10  508 
 10  566 
 10  561 
 10  530 
 10  521 
 10  547 
 10  567 
 10  568 
 10  546 
 10  527 
 10  538 
 10  502 
 10  574 
 10  512 
 10  531 
 10  494 
 10  527 
 10  528 
 10  540 
 10  517 
 10  530 
 10  553 
 10  566 
 10  549 
 10  549 
 10  539 
 10  545 
 10  544 
 10  562 
 10  543 
 10  544 
 10  528 
 10  562 
 10  574 
 10  537 
 10  558 
 10  534 
 10  531 
 10  502 
 10  519 
 10  523 
 10  541 
 10  525 
 10  526 
 10  517 
 10  534 
 10  567 
 10  514 
 10  522 
 10  561 
 10  539 
 10  525 
 10  527 
 10  556 
 10  548 
 10  528 
 10  569 
 10  561 
 10  502 
 10  535 
 10  535 
 10  512 
 10  545 
 10  541 
 10  548 
 10  535 
 10  577 
 10  549 
 10  525 
 10  498 
 10  543 
 10  539 
 10  553 
 10  573 
 10  521 
 10  520 
 10  530 
 10  559 
 10  537 
 10  554 
 10  562 
 10  550 
 10  526 
 10  566 
 10  539 
 10  564 
 10  559 
 10  532 
 10  507 
 10  517 
 10  532 
 10  555 
 10  536 
 10  500 
 10  541 
 10  555 
 10  542 
 10  519 
 10  545 
 10  505 
 10  598 
 10  521 
 10  570 
 10  536 
 10  560 
 10  527 
 10  543 
 10  552 
 10  534 
 10  522 
 10  532 
 10  553 
 10  567 
 10  535 
 10  569 
 10  520 
 10  538 
 10  565 
 10  547 
 10  531 
 10  551 
 10  570 
 10  526 
 10  540 
 10  580 
 10  559 
 10  483 
 10  562 
 10  518 
 10  542 
 10  525 
 10  581 
 10  541 
 10  529 
 10  563 
 10  538 
 10  537 
 10  555 
 10  529 
 10  540 
 10  545 
 10  500 
 10  576 
 10  539 
 10  524 
 10  532 
 10  536 
 10  551 
 10  477 
 10  541 
 10  535 
 10  564 
 10  540 
 10  538 
 10  546 
 10  552 
 10  547 
 10  543 
 10  540 
 10  538 
 10  548 
 10  568 
 10  554 
 10  546 
 10  543 
 10  556 
 10  499 
 10  528 
 10  523 
 10  547 
 10  500 
 10  547 
 10  501 
 10  513 
 10  565 
 10  514 
 10  573 
 10  550 
 10  535 
 10  529 
 10  521 
 10  546 
 10  525 
 10  581 
 10  511 
 10  541 
 10  565 
 10  510 
 10  538 
 10  549 
 10  545 
 10  528 
 10  538 
 10  576 
 10  533 
 10  542 
 10  579 
 10  542 
 10  549 
 10  508 
 10  555 
 10  501 
 10  558 
 10  532 
 10  554 
 10  552 
 10  546 
 10  524 
 10  530 
 10  516 
 10  543 
 10  521 
 10  505 
 10  558 
 10  540 
 10  518 
 10  511 
 10  536 
 10  514 
 10  527 
 10  544 
 10  519 
 10  538 
 10  536 
 10  517 
 10  525 
 10  508 
 10  527 
 10  503 
 10  555 
 10  553 
 10  540 
 10  528 
 10  534 
 10  561 
 10  534 
 10  518 
 10  584 
 10  514 
 10  543 
 10  537 
 10  506 
 10  531 
 10  521 
 10  550 
 10  573 
 10  554 
 10  562 
 10  555 
 10  504 
 10  533 
 10  563 
 10  535 
 10  549 
 10  498 
 10  524 
 10  514 
 10  539 
 10  551 
 10  519 
 10  581 
 10  514 
 11  551 
 11  569 
 11  561 
 11  563 
 11  534 
 11  595 
 11  496 
 11  533 
 11  569 
 11  551 
 11  491 
 11  547 
 11  539 
 11  541 
 11  515 
 11  539 
 11  535 
 11  559 
 11  585 
 11  534 
 11  576 
 11  543 
 11  533 
 11  544 
 11  566 
 11  548 
 11  535 
 11  572 
 11  569 
 11  528 
 11  552 
 11  531 
 11  528 
 11  565 
 11  517 
 11  553 
 11  572 
 11  525 
 11  581 
 11  596 
 11  546 
 11  554 
 11  527 
 11  536 
 11  533 
 11  555 
 11  569 
 11  545 
 11  556 
 11  529 
 11  568 
 11  525 
 11  526 
 11  557 
 11  549 
 11  548 
 11  550 
 11  542 
 11  530 
 11  560 
 11  554 
 11  556 
 11  608 
 11  539 
 11  562 
 11  539 
 11  561 
 11  531 
 11  525 
 11  521 
 11  541 
 11  556 
 11  577 
 11  550 
 11  544 
 11  536 
 11  587 
 11  546 
 11  514 
 11  535 
 11  545 
 11  563 
 11  522 
 11  568 
 11  514 
 11  523 
 11  544 
 11  573 
 11  523 
 11  547 
 11  564 
 11  574 
 11  538 
 11  556 
 11  513 
 11  551 
 11  543 
 11  555 
 11  520 
 11  563 
 11  563 
 11  559 
 11  575 
 11  548 
 11  549 
 11  551 
 11  583 
 11  555 
 11  540 
 11  551 
 11  587 
 11  597 
 11  537 
 11  512 
 11  521 
 11  565 
 11  533 
 11  557 
 11  571 
 11  525 
 11  519 
 11  586 
 11  520 
 11  501 
 11  526 
 11  535 
 11  579 
 11  543 
 11  550 
 11  535 
 11  550 
 11  563 
 11  557 
 11  585 
 11  544 
 11  539 
 11  548 
 11  555 
 11  568 
 11  539 
 11  537 
 11  544 
 11  528 
 11  562 
 11  548 
 11  542 
 11  567 
 11  569 
 11  528 
 11  529 
 11  534 
 11  538 
 11  531 
 11  554 
 11  562 
 11  527 
 11  556 
 11  570 
 11  565 
 11  576 
 11  543 
 11  552 
 11  520 
 11  552 
 11  552 
 11  513 
 11  533 
 11  561 
 11  547 
 11  526 
 11  554 
 11  539 
 11  540 
 11  536 
 11  583 
 11  560 
 11  541 
 11  536 
 11  572 
 11  570 
 11  567 
 11  556 
 11  596 
 11  556 
 11  528 
 11  579 
 11  535 
 11  542 
 11  561 
 11  540 
 11  521 
 11  557 
 11  544 
 11  551 
 11  503 
 11  541 
 11  556 
 11  554 
 11  526 
 11  602 
 11  522 
 11  586 
 11  532 
 11  540 
 11  537 
 11  551 
 11  552 
 11  515 
 11  562 
 11  538 
 11  542 
 11  557 
 11  566 
 11  547 
 11  556 
 11  567 
 11  554 
 11  546 
 11  533 
 11  562 
 11  547 
 11  556 
 11  552 
 11  577 
 11  554 
 11  520 
 11  554 
 11  558 
 11  541 
 11  561 
 11  564 
 11  547 
 11  584 
 11  506 
 11  518 
 11  544 
 11  517 
 11  570 
 11  587 
 11  582 
 11  560 
 11  559 
 11  564 
 11  567 
 11  548 
 11  583 
 11  542 
 11  546 
 11  558 
 11  540 
 11  548 
 11  538 
 11  532 
 11  586 
 11  546 
 11  568 
 11  556 
 11  550 
 11  573 
 11  560 
 11  556 
 11  568 
 11  553 
 11  556 
 11  555 
 11  547 
 11  524 
 11  535 
 11  553 
 11  577 
 11  527 
 11  573 
 11  557 
 11  573 
 11  521 
 11  522 
 11  594 
 11  541 
 11  560 
 11  579 
 11  535 
 11  581 
 11  532 
 11  546 
 11  555 
 11  571 
 11  546 
 11  545 
 11  582 
 11  545 
 11  530 
 11  548 
 11  534 
 11  579 
 11  587 
 11  568 
 11  541 
 11  547 
 11  518 
 11  526 
 11  522 
 11  573 
 11  515 
 11  553 
 11  580 
 11  557 
 11  522 
 11  544 
 11  520 
 11  541 
 11  534 
 11  532 
 11  557 
 11  534 
 11  533 
 11  557 
 11  565 
 11  585 
 11  556 
 11  542 
 11  553 
 11  585 
 11  547 
 11  549 
 11  536 
 11  586 
 11  553 
 11  547 
 11  531 
 11  549 
 11  540 
 11  536 
 11  543 
 11  560 
 11  566 
 11  575 
 11  547 
 11  523 
 11  533 
 11  562 
 11  561 
 11  531 
 11  560 
 11  569 
 11  524 
 11  543 
 11  540 
 11  542 
 11  569 
 11  522 
 11  536 
 11  546 
 11  585 
 11  572 
 11  543 
 11  549 
 11  558 
 11  531 
 11  587 
 11  574 
 11  601 
 11  566 
 11  555 
 11  575 
 11  525 
 11  526 
 11  551 
 11  518 
 11  550 
 11  513 
 11  557 
 11  545 
 11  553 
 11  534 
 11  572 
 11  596 
 11  502 
 11  558 
 11  597 
 11  549 
 11  549 
 11  596 
 11  506 
 11  570 
 11  537 
 11  580 
 11  576 
 11  572 
 11  576 
 11  553 
 11  558 
 11  517 
 11  546 
 11  528 
 11  567 
 11  572 
 11  597 
 11  548 
 11  561 
 11  522 
 11  553 
 11  528 
 11  554 
 11  554 
 11  555 
 11  567 
 11  528 
 11  511 
 11  522 
 11  527 
 11  526 
 11  562 
 11  529 
 11  550 
 11  593 
 11  541 
 11  553 
 11  591 
 11  545 
 11  576 
 11  561 
 11  534 
 11  566 
 11  545 
 11  511 
 11  523 
 11  538 
 11  515 
 11  582 
 11  549 
 11  553 
 11  582 
 11  560 
 11  575 
 11  561 
 11  540 
 11  563 
 11  529 
 11  555 
 11  540 
 11  564 
 11  540 
 11  536 
 11  534 
 11  536 
 11  562 
 11  511 
 11  560 
 11  537 
 11  517 
 11  576 
 11  535 
 11  551 
 11  539 
 11  545 
 11  526 
 11  538 
 11  556 
 11  530 
 11  546 
 11  543 
 11  549 
 11  578 
 11  521 
 11  559 
 11  558 
 11  555 
 11  550 
 11  552 
 11  542 
 11  556 
 11  583 
 11  551 
 11  561 
 11  520 
 11  537 
 11  542 
 11  578 
 11  584 
 11  568 
 11  541 
 11  545 
 11  584 
 11  544 
 11  521 
 11  539 
 11  537 
 11  538 
 11  563 
 11  535 
 11  531 
 11  529 
 11  545 
 11  555 
 11  547 
 11  539 
 11  553 
 11  592 
 11  536 
 11  556 
 11  548 
 11  541 
 11  541 
 11  542 
 11  531 
 11  534 
 11  563 
 11  538 
 11  592 
 11  576 
 11  573 
 11  561 
 11  569 
 11  537 
 11  550 
 11  589 
 11  534 
 11  527 
 11  579 
 11  554 
 11  564 
 11  554 
 11  538 
 11  567 
 11  552 
 11  541 
 11  550 
 11  541 
 11  555 
 11  568 
 11  558 
 11  511 
 11  514 
 11  555 
 11  559 
 11  525 
 11  533 
 11  564 
 11  542 
 11  555 
 11  551 
 11  525 
 11  548 
 11  542 
 11  561 
 11  518 
 11  572 
 11  564 
 11  555 
 11  563 
 11  569 
 11  559 
 11  551 
 11  522 
 11  495 
 11  525 
 11  555 
 11  565 
 11  549 
 11  535 
 11  544 
 11  532 
 11  555 
 11  570 
 11  508 
 11  532 
 11  550 
 11  532 
 11  554 
 11  546 
 11  578 
 11  565 
 11  532 
 11  525 
 11  553 
 11  528 
 11  583 
 11  555 
 11  609 
 11  550 
 11  540 
 11  533 
 11  510 
 11  581 
 11  554 
 11  551 
 11  530 
 11  536 
 11  538 
 11  558 
 11  563 
 11  552 
 11  544 
 11  552 
 11  549 
 11  562 
 11  525 
 11  549 
 11  556 
 11  522 
 11  544 
 11  497 
 11  525 
 11  579 
 11  564 
 11  532 
 11  563 
 11  496 
 11  549 
 11  536 
 11  562 
 11  584 
 11  566 
 11  549 
 11  542 
 11  508 
 11  521 
 11  559 
 11  548 
 11  534 
 11  569 
 11  545 
 11  547 
 11  581 
 11  538 
 11  576 
 11  560 
 11  544 
 11  553 
 11  569 
 11  530 
 11  535 
 11  571 
 11  554 
 11  539 
 11  563 
 11  587 
 11  578 
 11  555 
 11  533 
 11  572 
 11  542 
 11  578 
 11  563 
 11  584 
 11  550 
 11  547 
 11  542 
 11  570 
 11  557 
 11  556 
 11  559 
 11  540 
 11  548 
 11  569 
 11  557 
 11  567 
 11  568 
 11  515 
 11  561 
 11  561 
 11  531 
 11  553 
 11  571 
 11  577 
 11  579 
 11  524 
 11  516 
 11  555 
 11  538 
 11  579 
 11  577 
 11  527 
 11  560 
 11  572 
 11  549 
 11  556 
 11  519 
 11  596 
 11  522 
 11  508 
 11  529 
 11  579 
 11  524 
 11  540 
 11  569 
 11  532 
 11  533 
 11  532 
 11  568 
 11  563 
 11  526 
 11  523 
 11  566 
 11  543 
 11  547 
 11  567 
 11  580 
 11  571 
 11  576 
 11  555 
 11  557 
 11  551 
 11  550 
 11  565 
 11  590 
 11  565 
 11  561 
 11  539 
 11  555 
 11  553 
 11  554 
 11  523 
 11  507 
 11  512 
 11  553 
 11  560 
 11  521 
 11  530 
 11  531 
 11  555 
 11  548 
 11  548 
 11  538 
 11  574 
 11  544 
 11  565 
 11  560 
 11  533 
 11  521 
 11  511 
 11  561 
 11  499 
 11  539 
 11  558 
 11  569 
 11  546 
 11  558 
 11  561 
 11  558 
 11  568 
 11  534 
 11  550 
 11  554 
 11  546 
 11  545 
 11  563 
 11  560 
 11  528 
 11  556 
 11  538 
 11  533 
 11  540 
 11  525 
 11  588 
 11  564 
 11  529 
 11  553 
 11  513 
 11  564 
 11  567 
 11  540 
 11  556 
 11  560 
 11  566 
 11  522 
 11  584 
 11  546 
 11  550 
 11  562 
 11  525 
 11  551 
 11  529 
 11  543 
 11  569 
 11  565 
 11  540 
 11  543 
 11  529 
 11  568 
 11  544 
 11  529 
 11  534 
 11  546 
 11  561 
 11  555 
 11  556 
 11  529 
 11  510 
 11  549 
 11  560 
 11  544 
 11  556 
 11  548 
 11  550 
 11  571 
 11  537 
 11  558 
 11  552 
 11  564 
 11  529 
 11  526 
 11  583 
 11  564 
 11  537 
 11  570 
 11  568 
 11  533 
 11  563 
 11  556 
 11  558 
 11  526 
 11  552 
 11  540 
 11  556 
 11  540 
 11  540 
 11  566 
 11  550 
 11  576 
 11  571 
 11  550 
 11  556 
 11  521 
 11  535 
 11  537 
 11  570 
 11  557 
 11  541 
 11  550 
 11  555 
 11  536 
 11  532 
 11  534 
 11  556 
 11  498 
 11  535 
 11  540 
 11  551 
 11  573 
 11  541 
 11  536 
 11  560 
 11  559 
 11  558 
 11  589 
 11  542 
 11  552 
 11  571 
 11  552 
 11  510 
 11  527 
 11  552 
 11  567 
 11  544 
 11  538 
 11  531 
 11  547 
 11  529 
 11  569 
 11  563 
 11  588 
 11  557 
 11  571 
 11  546 
 11  556 
 11  519 
 11  554 
 11  534 
 11  575 
 11  540 
 11  562 
 11  570 
 11  526 
 11  521 
 11  537 
 11  565 
 11  544 
 11  564 
 11  558 
 11  547 
 11  578 
 11  585 
 11  521 
 11  568 
 11  549 
 11  568 
 11  533 
 11  545 
 11  579 
 11  546 
 11  532 
 11  553 
 11  548 
 11  551 
 11  594 
 11  566 
 11  536 
 11  567 
 11  571 
 11  544 
 11  559 
 11  573 
 11  527 
 11  516 
 11  564 
 11  553 
 11  532 
 11  556 
 11  584 
 11  597 
 11  554 
 11  540 
 11  552 
 11  577 
 11  555 
 11  554 
 11  544 
 11  513 
 11  530 
 11  544 
 11  571 
 11  527 
 11  551 
 11  535 
 11  546 
 11  574 
 11  553 
 11  569 
 11  589 
 11  545 
 11  545 
 11  544 
 11  526 
 11  545 
 11  536 
 11  523 
 11  522 
 11  528 
 11  544 
 11  547 
 11  550 
 11  527 
 11  553 
 11  515 
 11  567 
 11  530 
 11  548 
 11  542 
 11  556 
 11  548 
 11  554 
 11  519 
 11  544 
 11  554 
 11  554 
 11  538 
 11  561 
 11  551 
 11  565 
 11  567 
 11  560 
 11  528 
 11  542 
 11  541 
 11  539 
 11  546 
 11  559 
 11  544 
 11  514 
 11  566 
 11  547 
 11  533 
 11  535 
 11  545 
 11  551 
 11  542 
 11  548 
 11  547 
 11  504 
 11  535 
 11  560 
 11  558 
 11  519 
 11  548 
 11  538 
 11  568 
 11  518 
 11  581 
 11  541 
 11  522 
 11  537 
 11  524 
 11  532 
 11  537 
 11  570 
 11  536 
 11  607 
 11  572 
 11  596 
 12  554 
 12  568 
 12  575 
 12  551 
 12  564 
 12  550 
 12  591 
 12  570 
 12  591 
 12  564 
 12  541 
 12  574 
 12  581 
 12  557 
 12  548 
 12  566 
 12  514 
 12  529 
 12  527 
 12  547 
 12  557 
 12  555 
 12  559 
 12  562 
 12  583 
 12  541 
 12  554 
 12  538 
 12  569 
 12  576 
 12  591 
 12  563 
 12  562 
 12  577 
 12  579 
 12  555 
 12  596 
 12  543 
 12  559 
 12  561 
 12  597 
 12  574 
 12  564 
 12  513 
 12  560 
 12  558 
 12  577 
 12  580 
 12  543 
 12  578 
 12  566 
 12  549 
 12  609 
 12  539 
 12  571 
 12  550 
 12  554 
 12  571 
 12  561 
 12  579 
 12  583 
 12  580 
 12  562 
 12  571 
 12  610 
 12  514 
 12  557 
 12  564 
 12  574 
 12  556 
 12  563 
 12  521 
 12  536 
 12  557 
 12  558 
 12  550 
 12  551 
 12  567 
 12  603 
 12  557 
 12  561 
 12  581 
 12  551 
 12  563 
 12  546 
 12  540 
 12  530 
 12  619 
 12  582 
 12  548 
 12  522 
 12  572 
 12  561 
 12  598 
 12  560 
 12  538 
 12  560 
 12  556 
 12  529 
 12  560 
 12  558 
 12  532 
 12  573 
 12  578 
 12  544 
 12  591 
 12  570 
 12  576 
 12  541 
 12  560 
 12  553 
 12  565 
 12  509 
 12  544 
 12  559 
 12  564 
 12  524 
 12  554 
 12  548 
 12  526 
 12  578 
 12  546 
 12  559 
 12  548 
 12  568 
 12  568 
 12  523 
 12  569 
 12  553 
 12  550 
 12  543 
 12  548 
 12  581 
 12  565 
 12  577 
 12  529 
 12  576 
 12  543 
 12  564 
 12  583 
 12  537 
 12  556 
 12  577 
 12  556 
 12  545 
 12  551 
 12  544 
 12  545 
 12  593 
 12  549 
 12  588 
 12  577 
 12  547 
 12  597 
 12  557 
 12  576 
 12  540 
 12  569 
 12  562 
 12  571 
 12  529 
 12  601 
 12  571 
 12  564 
 12  560 
 12  552 
 12  547 
 12  552 
 12  555 
 12  544 
 12  559 
 12  575 
 12  572 
 12  565 
 12  551 
 12  566 
 12  565 
 12  583 
 12  562 
 12  576 
 12  562 
 12  528 
 12  544 
 12  579 
 12  578 
 12  569 
 12  573 
 12  559 
 12  563 
 12  577 
 12  536 
 12  554 
 12  567 
 12  602 
 12  558 
 12  554 
 12  554 
 12  538 
 12  506 
 12  586 
 12  547 
 12  568 
 12  577 
 12  549 
 12  538 
 12  555 
 12  565 
 12  547 
 12  557 
 12  522 
 12  554 
 12  539 
 12  552 
 12  529 
 12  558 
 12  577 
 12  534 
 12  549 
 12  589 
 12  565 
 12  568 
 12  552 
 12  589 
 12  558 
 12  571 
 12  559 
 12  568 
 12  581 
 12  569 
 12  575 
 12  585 
 12  537 
 12  519 
 12  567 
 12  591 
 12  558 
 12  535 
 12  568 
 12  588 
 12  560 
 12  543 
 12  553 
 12  540 
 12  566 
 12  520 
 12  547 
 12  548 
 12  548 
 12  547 
 12  551 
 12  563 
 12  558 
 12  512 
 12  553 
 12  546 
 12  544 
 12  573 
 12  547 
 12  581 
 12  514 
 12  557 
 12  556 
 12  546 
 12  562 
 12  542 
 12  585 
 12  544 
 12  579 
 12  549 
 12  542 
 12  541 
 12  582 
 12  552 
 12  557 
 12  574 
 12  529 
 12  561 
 12  533 
 12  562 
 12  571 
 12  533 
 12  535 
 12  548 
 12  576 
 12  611 
 12  538 
 12  529 
 12  592 
 12  592 
 12  566 
 12  558 
 12  520 
 12  611 
 12  587 
 12  558 
 12  575 
 12  591 
 12  559 
 12  534 
 12  559 
 12  538 
 12  579 
 12  582 
 12  515 
 12  608 
 12  531 
 12  562 
 12  596 
 12  596 
 12  561 
 12  554 
 12  557 
 12  581 
 12  534 
 12  611 
 12  546 
 12  578 
 12  512 
 12  599 
 12  597 
 12  552 
 12  534 
 12  546 
 12  591 
 12  556 
 12  529 
 12  574 
 12  568 
 12  544 
 12  535 
 12  557 
 12  540 
 12  583 
 12  560 
 12  541 
 12  523 
 12  580 
 12  538 
 12  568 
 12  553 
 12  578 
 12  587 
 12  551 
 12  556 
 12  572 
 12  575 
 12  585 
 12  559 
 12  516 
 12  545 
 12  552 
 12  536 
 12  563 
 12  544 
 12  575 
 12  544 
 12  553 
 12  566 
 12  585 
 12  578 
 12  574 
 12  554 
 12  557 
 12  525 
 12  528 
 12  564 
 12  558 
 12  589 
 12  560 
 12  582 
 12  555 
 12  545 
 12  589 
 12  554 
 12  536 
 12  564 
 12  577 
 12  606 
 12  548 
 12  552 
 12  570 
 12  600 
 12  565 
 12  585 
 12  539 
 12  542 
 12  560 
 12  600 
 12  562 
 12  547 
 12  530 
 12  559 
 12  564 
 12  521 
 12  574 
 12  538 
 12  554 
 12  552 
 12  541 
 12  567 
 12  582 
 12  578 
 12  546 
 12  574 
 12  541 
 12  560 
 12  550 
 12  552 
 12  561 
 12  545 
 12  521 
 12  506 
 12  587 
 12  582 
 12  557 
 12  559 
 12  554 
 12  553 
 12  567 
 12  560 
 12  541 
 12  555 
 12  551 
 12  549 
 12  565 
 12  539 
 12  576 
 12  568 
 12  606 
 12  546 
 12  581 
 12  582 
 12  535 
 12  581 
 12  546 
 12  553 
 12  551 
 12  547 
 12  594 
 12  519 
 12  546 
 12  584 
 12  602 
 12  566 
 12  572 
 12  570 
 12  567 
 12  543 
 12  553 
 12  571 
 12  557 
 12  514 
 12  565 
 12  558 
 12  591 
 12  528 
 12  540 
 12  567 
 12  568 
 12  568 
 12  551 
 12  579 
 12  551 
 12  564 
 12  530 
 12  547 
 12  535 
 12  555 
 12  595 
 12  546 
 12  574 
 12  551 
 12  563 
 12  556 
 12  525 
 12  580 
 12  571 
 12  587 
 12  522 
 12  527 
 12  600 
 12  593 
 12  582 
 12  556 
 12  555 
 12  597 
 12  561 
 12  531 
 12  564 
 12  519 
 12  576 
 12  578 
 12  540 
 12  560 
 12  568 
 12  567 
 12  566 
 12  562 
 12  550 
 12  548 
 12  583 
 12  539 
 12  555 
 12  562 
 12  562 
 12  554 
 12  555 
 12  554 
 12  546 
 12  566 
 12  563 
 12  534 
 12  542 
 12  524 
 12  561 
 12  558 
 12  569 
 12  533 
 12  583 
 12  565 
 12  554 
 12  552 
 12  563 
 12  561 
 12  531 
 12  559 
 12  557 
 12  509 
 12  566 
 12  587 
 12  522 
 12  535 
 12  553 
 12  568 
 12  577 
 12  537 
 12  585 
 12  601 
 12  554 
 12  583 
 12  558 
 12  554 
 12  569 
 12  541 
 12  515 
 12  563 
 12  548 
 12  569 
 12  568 
 12  544 
 12  560 
 12  572 
 12  545 
 12  541 
 12  552 
 12  538 
 12  571 
 12  571 
 12  538 
 12  555 
 12  590 
 12  554 
 12  556 
 12  568 
 12  584 
 12  566 
 12  560 
 12  539 
 12  590 
 12  570 
 12  583 
 12  580 
 12  534 
 12  582 
 12  559 
 12  563 
 12  536 
 12  549 
 12  553 
 12  554 
 12  558 
 12  562 
 12  545 
 12  572 
 12  576 
 12  565 
 12  532 
 12  564 
 12  572 
 12  540 
 12  540 
 12  556 
 12  549 
 12  585 
 12  558 
 12  606 
 12  569 
 12  561 
 12  580 
 12  539 
 12  569 
 12  578 
 12  543 
 12  594 
 12  586 
 12  550 
 12  563 
 12  539 
 12  521 
 12  595 
 12  536 
 12  564 
 12  559 
 12  584 
 12  525 
 12  567 
 12  582 
 12  541 
 12  569 
 12  554 
 12  588 
 12  548 
 12  637 
 12  571 
 12  548 
 12  556 
 12  545 
 12  524 
 12  559 
 12  579 
 12  574 
 12  548 
 12  591 
 12  557 
 12  577 
 12  577 
 12  562 
 12  572 
 12  549 
 12  567 
 12  548 
 12  580 
 12  545 
 12  555 
 12  572 
 12  564 
 12  557 
 12  568 
 12  561 
 12  523 
 12  535 
 12  600 
 12  536 
 12  567 
 12  568 
 12  549 
 12  555 
 12  537 
 12  577 
 12  558 
 12  554 
 12  588 
 12  571 
 12  557 
 12  563 
 12  514 
 12  551 
 12  561 
 12  582 
 12  548 
 12  559 
 12  577 
 12  564 
 12  511 
 12  531 
 12  587 
 12  544 
 12  534 
 12  595 
 12  540 
 12  584 
 12  564 
 12  572 
 12  590 
 12  575 
 12  580 
 12  569 
 12  562 
 12  548 
 12  572 
 12  549 
 12  548 
 12  589 
 12  532 
 12  538 
 12  550 
 12  577 
 12  540 
 12  521 
 12  548 
 12  582 
 12  534 
 12  579 
 12  567 
 12  551 
 12  571 
 12  567 
 12  562 
 12  550 
 12  579 
 12  552 
 12  535 
 12  530 
 12  557 
 12  562 
 12  573 
 12  545 
 12  557 
 12  552 
 12  540 
 12  569 
 12  552 
 12  561 
 12  592 
 12  558 
 12  558 
 12  555 
 12  561 
 12  568 
 12  580 
 12  568 
 12  600 
 12  532 
 12  565 
 12  540 
 12  563 
 12  618 
 12  552 
 12  570 
 12  566 
 12  540 
 12  520 
 12  542 
 12  623 
 12  533 
 12  567 
 12  560 
 12  587 
 12  606 
 12  575 
 12  572 
 12  551 
 12  582 
 12  565 
 12  554 
 12  571 
 12  571 
 12  515 
 12  530 
 12  572 
 12  546 
 12  544 
 12  581 
 12  610 
 12  562 
 12  564 
 12  562 
 12  532 
 12  550 
 12  577 
 12  595 
 12  529 
 12  527 
 12  550 
 12  546 
 12  566 
 12  525 
 12  557 
 12  562 
 12  582 
 12  531 
 12  568 
 12  588 
 12  551 
 12  579 
 12  552 
 12  559 
 12  576 
 12  550 
 12  565 
 12  569 
 12  580 
 12  539 
 12  546 
 12  569 
 12  571 
 12  588 
 12  610 
 12  554 
 12  570 
 12  537 
 12  562 
 12  552 
 12  564 
 12  587 
 12  561 
 12  529 
 12  581 
 12  541 
 12  611 
 12  568 
 12  570 
 12  537 
 12  546 
 12  514 
 12  549 
 12  571 
 12  532 
 12  569 
 12  531 
 12  526 
 12  555 
 12  546 
 12  549 
 12  539 
 12  581 
 12  573 
 12  556 
 12  562 
 12  556 
 12  571 
 12  526 
 12  549 
 12  575 
 12  548 
 12  585 
 12  582 
 12  576 
 12  543 
 12  574 
 12  564 
 12  547 
 12  593 
 12  552 
 12  562 
 12  575 
 12  583 
 12  529 
 12  572 
 12  573 
 12  558 
 12  558 
 12  524 
 12  617 
 12  591 
 12  546 
 12  551 
 12  531 
 12  585 
 12  577 
 12  581 
 12  529 
 12  583 
 12  575 
 12  547 
 12  572 
 12  512 
 12  624 
 12  566 
 12  581 
 12  554 
 12  559 
 12  552 
 12  555 
 12  595 
 12  584 
 12  571 
 12  577 
 12  525 
 12  602 
 12  551 
 12  523 
 12  567 
 12  552 
 12  540 
 12  540 
 12  567 
 12  558 
 12  587 
 12  543 
 12  539 
 12  562 
 12  581 
 12  537 
 12  535 
 12  557 
 12  596 
 12  555 
 12  536 
 12  562 
 12  573 
 12  530 
 12  578 
 12  551 
 12  568 
 12  594 
 12  545 
 12  559 
 12  521 
 12  566 
 12  532 
 12  538 
 12  519 
 12  535 
 12  565 
 12  550 
 12  533 
 12  581 
 12  564 
 12  548 
 12  549 
 12  568 
 12  584 
 12  587 
 12  565 
 12  547 
 12  555 
 12  526 
 12  560 
 12  566 
 12  594 
 12  569 
 12  573 
 12  586 
 12  566 
 12  567 
 12  570 
 12  595 
 12  531 
 12  557 
 12  564 
 12  541 
 12  567 
 12  562 
 12  534 
 12  582 
 12  552 
 12  555 
 12  524 
 12  553 
 12  546 
 12  534 
 12  597 
 12  588 
 12  592 
 12  552 
 12  572 
 12  548 
 12  553 
 12  576 
 12  558 
 12  541 
 12  535 
 12  588 
 12  555 
 12  574 
 12  554 
 12  577 
 12  552 
 12  540 
 12  578 
 12  560 
 12  539 
 12  531 
 12  558 
 12  551 
 12  530 
 12  550 
 12  525 
 12  576 
 12  543 
 12  550 
 12  544 
 12  520 
 12  551 
 12  564 
 12  591 
 12  558 
 12  573 
 12  568 
 12  562 
 12  560 
 12  585 
 12  558 
 12  561 
 12  542 
 12  571 
 12  584 
 12  541 
 12  603 
 13  567 
 13  581 
 13  555 
 13  540 
 13  551 
 13  549 
 13  560 
 13  604 
 13  548 
 13  567 
 13  572 
 13  572 
 13  545 
 13  557 
 13  581 
 13  574 
 13  629 
 13  575 
 13  573 
 13  587 
 13  591 
 13  578 
 13  597 
 13  591 
 13  568 
 13  578 
 13  550 
 13  560 
 13  598 
 13  590 
 13  559 
 13  569 
 13  562 
 13  538 
 13  596 
 13  581 
 13  608 
 13  559 
 13  559 
 13  557 
 13  563 
 13  573 
 13  591 
 13  525 
 13  575 
 13  552 
 13  579 
 13  558 
 13  556 
 13  626 
 13  555 
 13  538 
 13  590 
 13  565 
 13  552 
 13  568 
 13  560 
 13  552 
 13  558 
 13  547 
 13  591 
 13  567 
 13  569 
 13  540 
 13  594 
 13  595 
 13  596 
 13  591 
 13  589 
 13  562 
 13  551 
 13  543 
 13  577 
 13  607 
 13  550 
 13  538 
 13  553 
 13  591 
 13  551 
 13  609 
 13  577 
 13  571 
 13  557 
 13  598 
 13  579 
 13  546 
 13  568 
 13  577 
 13  569 
 13  606 
 13  544 
 13  543 
 13  563 
 13  593 
 13  532 
 13  530 
 13  607 
 13  596 
 13  586 
 13  537 
 13  605 
 13  584 
 13  579 
 13  568 
 13  552 
 13  576 
 13  586 
 13  573 
 13  545 
 13  563 
 13  543 
 13  592 
 13  571 
 13  572 
 13  598 
 13  628 
 13  588 
 13  571 
 13  546 
 13  577 
 13  553 
 13  560 
 13  551 
 13  568 
 13  565 
 13  561 
 13  587 
 13  587 
 13  551 
 13  555 
 13  518 
 13  545 
 13  574 
 13  540 
 13  593 
 13  538 
 13  532 
 13  530 
 13  544 
 13  569 
 13  537 
 13  574 
 13  544 
 13  581 
 13  619 
 13  555 
 13  586 
 13  570 
 13  554 
 13  564 
 13  566 
 13  538 
 13  571 
 13  566 
 13  601 
 13  569 
 13  558 
 13  550 
 13  607 
 13  592 
 13  563 
 13  608 
 13  539 
 13  547 
 13  586 
 13  570 
 13  589 
 13  571 
 13  613 
 13  626 
 13  541 
 13  518 
 13  563 
 13  594 
 13  560 
 13  544 
 13  534 
 13  576 
 13  547 
 13  555 
 13  586 
 13  564 
 13  555 
 13  604 
 13  600 
 13  576 
 13  566 
 13  624 
 13  551 
 13  561 
 13  527 
 13  569 
 13  540 
 13  569 
 13  580 
 13  561 
 13  569 
 13  593 
 13  557 
 13  579 
 13  549 
 13  596 
 13  548 
 13  560 
 13  567 
 13  567 
 13  565 
 13  582 
 13  575 
 13  606 
 13  583 
 13  526 
 13  545 
 13  593 
 13  566 
 13  561 
 13  578 
 13  582 
 13  536 
 13  571 
 13  613 
 13  569 
 13  572 
 13  555 
 13  571 
 13  598 
 13  577 
 13  587 
 13  557 
 13  546 
 13  538 
 13  550 
 13  606 
 13  544 
 13  580 
 13  531 
 13  573 
 13  559 
 13  547 
 13  551 
 13  569 
 13  532 
 13  643 
 13  534 
 13  577 
 13  557 
 13  540 
 13  551 
 13  576 
 13  555 
 13  594 
 13  569 
 13  543 
 13  524 
 13  592 
 13  630 
 13  534 
 13  577 
 13  560 
 13  550 
 13  580 
 13  546 
 13  598 
 13  535 
 13  610 
 13  576 
 13  569 
 13  619 
 13  577 
 13  522 
 13  588 
 13  561 
 13  592 
 13  567 
 13  579 
 13  558 
 13  586 
 13  542 
 13  547 
 13  505 
 13  599 
 13  609 
 13  581 
 13  573 
 13  567 
 13  563 
 13  529 
 13  591 
 13  544 
 13  534 
 13  564 
 13  566 
 13  576 
 13  566 
 13  542 
 13  574 
 13  567 
 13  541 
 13  548 
 13  558 
 13  583 
 13  556 
 13  540 
 13  542 
 13  580 
 13  624 
 13  572 
 13  568 
 13  550 
 13  581 
 13  575 
 13  558 
 13  545 
 13  578 
 13  518 
 13  551 
 13  564 
 13  587 
 13  526 
 13  592 
 13  542 
 13  582 
 13  600 
 13  541 
 13  561 
 13  604 
 13  568 
 13  544 
 13  583 
 13  578 
 13  559 
 13  550 
 13  569 
 13  576 
 13  599 
 13  605 
 13  547 
 13  579 
 13  585 
 13  609 
 13  615 
 13  568 
 13  577 
 13  548 
 13  591 
 13  573 
 13  647 
 13  573 
 13  564 
 13  575 
 13  551 
 13  578 
 13  535 
 13  585 
 13  546 
 13  579 
 13  555 
 13  531 
 13  573 
 13  562 
 13  550 
 13  583 
 13  567 
 13  592 
 13  573 
 13  581 
 13  552 
 13  579 
 13  596 
 13  554 
 13  601 
 13  576 
 13  563 
 13  541 
 13  565 
 13  556 
 13  597 
 13  574 
 13  567 
 13  541 
 13  577 
 13  543 
 13  549 
 13  545 
 13  555 
 13  547 
 13  534 
 13  580 
 13  575 
 13  576 
 13  565 
 13  597 
 13  593 
 13  538 
 13  551 
 13  579 
 13  575 
 13  537 
 13  566 
 13  577 
 13  588 
 13  553 
 13  561 
 13  571 
 13  568 
 13  589 
 13  579 
 13  591 
 13  575 
 13  586 
 13  612 
 13  548 
 13  574 
 13  607 
 13  580 
 13  595 
 13  603 
 13  562 
 13  562 
 13  581 
 13  572 
 13  572 
 13  550 
 13  552 
 13  559 
 13  582 
 13  506 
 13  577 
 13  592 
 13  562 
 13  533 
 13  574 
 13  578 
 13  566 
 13  539 
 13  562 
 13  579 
 13  566 
 13  533 
 13  563 
 13  563 
 13  564 
 13  567 
 13  587 
 13  524 
 13  573 
 13  617 
 13  552 
 13  564 
 13  532 
 13  582 
 13  577 
 13  590 
 13  598 
 13  574 
 13  605 
 13  548 
 13  582 
 13  527 
 13  569 
 13  544 
 13  582 
 13  542 
 13  573 
 13  545 
 13  580 
 13  582 
 13  563 
 13  567 
 13  577 
 13  565 
 13  562 
 13  563 
 13  571 
 13  572 
 13  544 
 13  606 
 13  549 
 13  523 
 13  577 
 13  539 
 13  534 
 13  569 
 13  575 
 13  561 
 13  547 
 13  587 
 13  574 
 13  552 
 13  581 
 13  576 
 13  567 
 13  556 
 13  595 
 13  530 
 13  546 
 13  590 
 13  542 
 13  551 
 13  564 
 13  562 
 13  561 
 13  515 
 13  557 
 13  539 
 13  566 
 13  581 
 13  549 
 13  587 
 13  572 
 13  582 
 13  606 
 13  572 
 13  538 
 13  567 
 13  552 
 13  564 
 13  567 
 13  593 
 13  581 
 13  578 
 13  563 
 13  566 
 13  546 
 13  581 
 13  559 
 13  586 
 13  541 
 13  562 
 13  547 
 13  558 
 13  583 
 13  562 
 13  570 
 13  553 
 13  583 
 13  572 
 13  600 
 13  581 
 13  589 
 13  581 
 13  588 
 13  577 
 13  528 
 13  546 
 13  546 
 13  619 
 13  576 
 13  594 
 13  568 
 13  553 
 13  601 
 13  563 
 13  601 
 13  597 
 13  555 
 13  550 
 13  619 
 13  566 
 13  578 
 13  531 
 13  574 
 13  606 
 13  600 
 13  560 
 13  572 
 13  592 
 13  591 
 13  583 
 13  543 
 13  587 
 13  578 
 13  549 
 13  577 
 13  554 
 13  599 
 13  587 
 13  576 
 13  532 
 13  591 
 13  549 
 13  551 
 13  546 
 13  594 
 13  580 
 13  568 
 13  620 
 13  594 
 13  591 
 13  591 
 13  559 
 13  586 
 13  607 
 13  523 
 13  548 
 13  560 
 13  562 
 13  531 
 13  564 
 13  574 
 13  568 
 13  574 
 13  547 
 13  542 
 13  587 
 13  541 
 13  589 
 13  554 
 13  532 
 13  592 
 13  554 
 13  553 
 13  578 
 13  574 
 13  579 
 13  591 
 13  600 
 13  556 
 13  573 
 13  565 
 13  573 
 13  577 
 13  557 
 13  570 
 13  584 
 13  569 
 13  580 
 13  622 
 13  557 
 13  583 
 13  578 
 13  578 
 13  522 
 13  579 
 13  581 
 13  572 
 13  596 
 13  572 
 13  512 
 13  599 
 13  574 
 13  556 
 13  603 
 13  587 
 13  544 
 13  538 
 13  577 
 13  538 
 13  530 
 13  531 
 13  551 
 13  585 
 13  598 
 13  561 
 13  563 
 13  578 
 13  579 
 13  568 
 13  595 
 13  566 
 13  568 
 13  531 
 13  539 
 13  561 
 13  582 
 13  530 
 13  573 
 13  592 
 13  565 
 13  547 
 13  555 
 13  595 
 13  555 
 13  591 
 13  599 
 13  515 
 13  553 
 13  561 
 13  586 
 13  600 
 13  555 
 13  566 
 13  576 
 13  558 
 13  592 
 13  604 
 13  590 
 13  578 
 13  543 
 13  549 
 13  561 
 13  545 
 13  556 
 13  563 
 13  519 
 13  574 
 13  567 
 13  536 
 13  572 
 13  554 
 13  561 
 13  591 
 13  559 
 13  581 
 13  573 
 13  550 
 13  570 
 13  550 
 13  569 
 13  593 
 13  564 
 13  582 
 13  551 
 13  555 
 13  578 
 13  596 
 13  566 
 13  587 
 13  544 
 13  618 
 13  553 
 13  587 
 13  561 
 13  557 
 13  572 
 13  560 
 13  577 
 13  549 
 13  564 
 13  587 
 13  562 
 13  525 
 13  576 
 13  537 
 13  569 
 13  531 
 13  585 
 13  566 
 13  546 
 13  529 
 13  546 
 13  569 
 13  581 
 13  569 
 13  555 
 13  583 
 13  582 
 13  615 
 13  547 
 13  579 
 13  542 
 13  546 
 13  489 
 13  542 
 13  591 
 13  545 
 13  570 
 13  540 
 13  590 
 13  544 
 13  573 
 13  585 
 13  515 
 13  546 
 13  565 
 13  584 
 13  552 
 13  528 
 13  585 
 13  593 
 13  534 
 13  562 
 13  536 
 13  599 
 13  576 
 13  586 
 13  557 
 13  558 
 13  565 
 13  564 
 13  590 
 13  549 
 13  587 
 13  561 
 13  593 
 13  587 
 13  577 
 13  553 
 13  595 
 13  591 
 13  576 
 13  571 
 13  547 
 13  579 
 13  578 
 13  573 
 13  594 
 13  577 
 13  596 
 13  576 
 13  598 
 13  579 
 13  561 
 13  557 
 13  602 
 13  551 
 13  574 
 13  522 
 13  556 
 13  527 
 13  585 
 13  568 
 13  538 
 13  545 
 13  560 
 13  567 
 13  553 
 13  553 
 13  602 
 13  568 
 13  582 
 13  585 
 13  582 
 13  618 
 13  582 
 13  562 
 13  599 
 13  577 
 13  563 
 13  539 
 13  576 
 13  602 
 13  571 
 13  541 
 13  593 
 13  583 
 13  549 
 13  560 
 13  568 
 13  545 
 13  603 
 13  608 
 13  605 
 13  549 
 13  572 
 13  556 
 13  543 
 13  572 
 13  529 
 13  542 
 13  553 
 13  565 
 13  559 
 13  566 
 13  590 
 13  563 
 13  549 
 13  571 
 13  561 
 13  589 
 13  585 
 13  558 
 13  576 
 13  587 
 13  622 
 13  594 
 13  525 
 13  589 
 13  605 
 13  588 
 13  544 
 13  603 
 13  550 
 13  541 
 13  554 
 13  559 
 13  561 
 13  600 
 13  561 
 13  532 
 13  609 
 13  554 
 13  529 
 13  590 
 13  565 
 13  541 
 13  570 
 13  538 
 13  549 
 13  541 
 13  528 
 13  555 
 13  564 
 13  548 
 13  601 
 13  585 
 13  589 
 13  583 
 13  609 
 13  540 
 13  542 
 13  522 
 13  587 
 13  558 
 13  559 
 13  568 
 13  586 
 13  555 
 13  596 
 13  535 
 13  546 
 13  564 
 13  593 
 13  570 
 13  543 
 13  574 
 13  568 
 13  595 
 13  552 
 13  557 
 13  590 
 13  537 
 13  579 
 13  558 
 13  589 
 13  558 
 13  603 
 13  568 
 13  599 
 13  575 
 13  579 
 13  576 
 13  563 
 13  574 
 13  632 
 13  583 
 13  543 
 13  559 
 13  582 
 13  545 
 13  581 
 13  585 
 13  594 
 13  562 
 13  604 
 13  560 
 13  577 
 13  556 
 13  564 
 13  574 
 13  537 
 13  566 
 13  601 
 13  566 
 13  558 
 13  572 
 13  612 
 13  548 
 13  552 
 13  576 
 13  560 
 13  570 
 13  603 
 13  592 
 13  534 
 13  563 
 13  555 
 13  532 
 13  586 
 13  583 
 13  565 
 13  607 
 13  562 
 13  549 
 13  563 
 13  572 
 13  533 
 13  553 
 13  577 
 13  577 
 13  543 
 13  581 
 13  572 
 13  594 
 13  572 
 13  557 
 13  546 
 13  569 
 13  529 
 13  570 
 13  568 
 13  587 
 13  591 
 13  564 
 13  549 
 13  555 
 13  576 
 13  576 
 13  592 
 13  615 
 14  580 
 14  582 
 14  547 
 14  580 
 14  568 
 14  597 
 14  560 
 14  596 
 14  565 
 14  554 
 14  549 
 14  539 
 14  557 
 14  588 
 14  588 
 14  601 
 14  575 
 14  539 
 14  537 
 14  567 
 14  578 
 14  567 
 14  565 
 14  578 
 14  564 
 14  621 
 14  638 
 14  587 
 14  581 
 14  555 
 14  599 
 14  582 
 14  594 
 14  588 
 14  552 
 14  552 
 14  527 
 14  573 
 14  572 
 14  546 
 14  576 
 14  567 
 14  554 
 14  580 
 14  567 
 14  568 
 14  562 
 14  559 
 14  571 
 14  575 
 14  573 
 14  576 
 14  570 
 14  576 
 14  603 
 14  602 
 14  612 
 14  589 
 14  582 
 14  578 
 14  609 
 14  555 
 14  552 
 14  574 
 14  610 
 14  558 
 14  606 
 14  574 
 14  575 
 14  608 
 14  535 
 14  569 
 14  597 
 14  592 
 14  571 
 14  581 
 14  568 
 14  561 
 14  557 
 14  543 
 14  589 
 14  571 
 14  571 
 14  585 
 14  558 
 14  570 
 14  573 
 14  595 
 14  568 
 14  577 
 14  570 
 14  595 
 14  567 
 14  565 
 14  574 
 14  561 
 14  588 
 14  602 
 14  577 
 14  556 
 14  579 
 14  561 
 14  588 
 14  590 
 14  588 
 14  549 
 14  561 
 14  580 
 14  564 
 14  557 
 14  547 
 14  574 
 14  593 
 14  573 
 14  594 
 14  544 
 14  578 
 14  588 
 14  585 
 14  553 
 14  593 
 14  549 
 14  552 
 14  594 
 14  571 
 14  554 
 14  569 
 14  557 
 14  598 
 14  565 
 14  589 
 14  573 
 14  541 
 14  582 
 14  630 
 14  551 
 14  548 
 14  563 
 14  574 
 14  559 
 14  613 
 14  618 
 14  588 
 14  563 
 14  560 
 14  599 
 14  547 
 14  586 
 14  522 
 14  577 
 14  619 
 14  546 
 14  559 
 14  599 
 14  579 
 14  570 
 14  582 
 14  591 
 14  570 
 14  572 
 14  565 
 14  575 
 14  569 
 14  562 
 14  620 
 14  582 
 14  575 
 14  614 
 14  580 
 14  595 
 14  586 
 14  541 
 14  583 
 14  604 
 14  603 
 14  577 
 14  587 
 14  583 
 14  572 
 14  601 
 14  588 
 14  594 
 14  574 
 14  592 
 14  584 
 14  571 
 14  570 
 14  540 
 14  593 
 14  560 
 14  543 
 14  590 
 14  594 
 14  559 
 14  575 
 14  552 
 14  621 
 14  568 
 14  604 
 14  584 
 14  589 
 14  571 
 14  583 
 14  597 
 14  565 
 14  549 
 14  567 
 14  549 
 14  591 
 14  564 
 14  601 
 14  578 
 14  569 
 14  576 
 14  545 
 14  591 
 14  598 
 14  614 
 14  571 
 14  575 
 14  565 
 14  581 
 14  577 
 14  576 
 14  614 
 14  592 
 14  587 
 14  552 
 14  577 
 14  533 
 14  562 
 14  570 
 14  583 
 14  585 
 14  568 
 14  582 
 14  559 
 14  497 
 14  583 
 14  584 
 14  559 
 14  588 
 14  597 
 14  566 
 14  602 
 14  585 
 14  579 
 14  575 
 14  593 
 14  529 
 14  562 
 14  587 
 14  571 
 14  627 
 14  584 
 14  565 
 14  558 
 14  592 
 14  572 
 14  578 
 14  532 
 14  554 
 14  549 
 14  576 
 14  592 
 14  578 
 14  551 
 14  577 
 14  593 
 14  576 
 14  547 
 14  611 
 14  573 
 14  595 
 14  562 
 14  543 
 14  581 
 14  559 
 14  586 
 14  562 
 14  597 
 14  573 
 14  580 
 14  516 
 14  559 
 14  545 
 14  558 
 14  566 
 14  578 
 14  605 
 14  554 
 14  550 
 14  584 
 14  586 
 14  574 
 14  561 
 14  551 
 14  582 
 14  559 
 14  548 
 14  591 
 14  604 
 14  570 
 14  530 
 14  563 
 14  504 
 14  578 
 14  555 
 14  575 
 14  540 
 14  582 
 14  558 
 14  562 
 14  570 
 14  570 
 14  587 
 14  574 
 14  585 
 14  587 
 14  594 
 14  535 
 14  590 
 14  570 
 14  569 
 14  569 
 14  567 
 14  561 
 14  580 
 14  604 
 14  588 
 14  562 
 14  578 
 14  556 
 14  566 
 14  521 
 14  559 
 14  557 
 14  576 
 14  577 
 14  563 
 14  559 
 14  529 
 14  569 
 14  580 
 14  590 
 14  547 
 14  541 
 14  546 
 14  538 
 14  592 
 14  633 
 14  575 
 14  599 
 14  549 
 14  587 
 14  562 
 14  584 
 14  585 
 14  583 
 14  546 
 14  572 
 14  592 
 14  564 
 14  550 
 14  593 
 14  577 
 14  580 
 14  575 
 14  555 
 14  585 
 14  555 
 14  558 
 14  524 
 14  554 
 14  616 
 14  585 
 14  570 
 14  586 
 14  602 
 14  576 
 14  552 
 14  622 
 14  586 
 14  567 
 14  573 
 14  573 
 14  589 
 14  547 
 14  588 
 14  585 
 14  576 
 14  577 
 14  573 
 14  572 
 14  559 
 14  548 
 14  585 
 14  550 
 14  552 
 14  566 
 14  562 
 14  580 
 14  577 
 14  564 
 14  549 
 14  576 
 14  597 
 14  575 
 14  575 
 14  591 
 14  589 
 14  591 
 14  545 
 14  578 
 14  570 
 14  589 
 14  532 
 14  584 
 14  581 
 14  617 
 14  558 
 14  554 
 14  554 
 14  548 
 14  562 
 14  584 
 14  571 
 14  570 
 14  561 
 14  596 
 14  625 
 14  550 
 14  555 
 14  570 
 14  578 
 14  593 
 14  564 
 14  596 
 14  575 
 14  553 
 14  559 
 14  560 
 14  588 
 14  566 
 14  553 
 14  523 
 14  563 
 14  536 
 14  564 
 14  605 
 14  589 
 14  579 
 14  592 
 14  569 
 14  608 
 14  584 
 14  612 
 14  585 
 14  638 
 14  587 
 14  593 
 14  566 
 14  553 
 14  602 
 14  563 
 14  537 
 14  598 
 14  577 
 14  566 
 14  550 
 14  580 
 14  574 
 14  569 
 14  523 
 14  551 
 14  581 
 14  571 
 14  573 
 14  582 
 14  580 
 14  609 
 14  548 
 14  590 
 14  587 
 14  582 
 14  565 
 14  577 
 14  593 
 14  562 
 14  548 
 14  584 
 14  557 
 14  567 
 14  579 
 14  562 
 14  606 
 14  565 
 14  559 
 14  555 
 14  535 
 14  617 
 14  556 
 14  555 
 14  531 
 14  556 
 14  573 
 14  576 
 14  529 
 14  527 
 14  580 
 14  566 
 14  598 
 14  525 
 14  571 
 14  558 
 14  559 
 14  600 
 14  574 
 14  567 
 14  551 
 14  538 
 14  577 
 14  574 
 14  575 
 14  602 
 14  579 
 14  590 
 14  540 
 14  546 
 14  593 
 14  571 
 14  569 
 14  549 
 14  575 
 14  592 
 14  541 
 14  578 
 14  597 
 14  544 
 14  587 
 14  580 
 14  558 
 14  581 
 14  569 
 14  582 
 14  576 
 14  601 
 14  594 
 14  577 
 14  547 
 14  530 
 14  592 
 14  572 
 14  530 
 14  566 
 14  541 
 14  630 
 14  588 
 14  593 
 14  567 
 14  575 
 14  538 
 14  553 
 14  564 
 14  543 
 14  580 
 14  596 
 14  573 
 14  560 
 14  562 
 14  630 
 14  582 
 14  541 
 14  594 
 14  531 
 14  582 
 14  562 
 14  584 
 14  567 
 14  575 
 14  552 
 14  598 
 14  621 
 14  582 
 14  552 
 14  583 
 14  595 
 14  632 
 14  557 
 14  593 
 14  532 
 14  607 
 14  596 
 14  581 
 14  541 
 14  567 
 14  577 
 14  631 
 14  594 
 14  577 
 14  558 
 14  593 
 14  578 
 14  610 
 14  618 
 14  580 
 14  552 
 14  578 
 14  559 
 14  586 
 14  565 
 14  587 
 14  575 
 14  591 
 14  556 
 14  587 
 14  549 
 14  603 
 14  587 
 14  581 
 14  558 
 14  595 
 14  593 
 14  560 
 14  592 
 14  568 
 14  565 
 14  598 
 14  603 
 14  561 
 14  547 
 14  577 
 14  611 
 14  597 
 14  557 
 14  585 
 14  589 
 14  616 
 14  602 
 14  566 
 14  565 
 14  562 
 14  609 
 14  550 
 14  546 
 14  601 
 14  584 
 14  559 
 14  568 
 14  588 
 14  563 
 14  571 
 14  565 
 14  572 
 14  541 
 14  547 
 14  572 
 14  570 
 14  591 
 14  581 
 14  570 
 14  592 
 14  565 
 14  575 
 14  562 
 14  580 
 14  573 
 14  571 
 14  537 
 14  595 
 14  546 
 14  586 
 14  571 
 14  562 
 14  589 
 14  575 
 14  573 
 14  595 
 14  579 
 14  536 
 14  568 
 14  581 
 14  585 
 14  586 
 14  574 
 14  569 
 14  605 
 14  562 
 14  587 
 14  570 
 14  535 
 14  620 
 14  568 
 14  597 
 14  595 
 14  619 
 14  544 
 14  591 
 14  567 
 14  569 
 14  603 
 14  572 
 14  574 
 14  576 
 14  591 
 14  572 
 14  570 
 14  562 
 14  582 
 14  533 
 14  589 
 14  587 
 14  580 
 14  559 
 14  554 
 14  552 
 14  582 
 14  583 
 14  563 
 14  600 
 14  588 
 14  598 
 14  547 
 14  587 
 14  591 
 14  565 
 14  581 
 14  572 
 14  597 
 14  554 
 14  592 
 14  560 
 14  574 
 14  604 
 14  604 
 14  587 
 14  529 
 14  585 
 14  585 
 14  566 
 14  567 
 14  584 
 14  565 
 14  552 
 14  566 
 14  594 
 14  615 
 14  578 
 14  604 
 14  603 
 14  570 
 14  596 
 14  610 
 14  557 
 14  542 
 14  584 
 14  567 
 14  543 
 14  540 
 14  539 
 14  586 
 14  552 
 14  576 
 14  586 
 14  570 
 14  579 
 14  580 
 14  570 
 14  561 
 14  531 
 14  542 
 14  538 
 14  622 
 14  582 
 14  598 
 14  602 
 14  589 
 14  540 
 14  563 
 14  549 
 14  562 
 14  557 
 14  577 
 14  546 
 14  587 
 14  550 
 14  579 
 14  585 
 14  560 
 14  570 
 14  588 
 14  573 
 14  581 
 14  568 
 14  554 
 14  585 
 14  578 
 14  553 
 14  612 
 14  569 
 14  560 
 14  562 
 14  574 
 14  540 
 14  552 
 14  536 
 14  578 
 14  575 
 14  568 
 14  584 
 14  604 
 14  554 
 14  595 
 14  583 
 14  592 
 14  602 
 14  552 
 14  574 
 14  543 
 14  596 
 14  580 
 14  545 
 14  552 
 14  556 
 14  581 
 14  586 
 14  597 
 14  567 
 14  588 
 14  607 
 14  601 
 14  603 
 14  591 
 14  567 
 14  547 
 14  556 
 14  583 
 14  587 
 14  576 
 14  595 
 14  591 
 14  600 
 14  589 
 14  553 
 14  604 
 14  584 
 14  574 
 14  572 
 14  576 
 14  575 
 14  586 
 14  573 
 14  564 
 14  563 
 14  563 
 14  579 
 14  569 
 14  588 
 14  574 
 14  564 
 14  601 
 14  599 
 14  573 
 14  577 
 14  617 
 14  575 
 14  591 
 14  575 
 14  582 
 14  591 
 14  564 
 14  574 
 14  589 
 14  552 
 14  574 
 14  585 
 14  622 
 14  567 
 14  574 
 14  559 
 14  558 
 14  540 
 14  574 
 14  571 
 14  571 
 14  545 
 14  557 
 14  517 
 14  546 
 14  575 
 14  571 
 14  566 
 14  587 
 14  575 
 14  552 
 14  567 
 14  552 
 14  559 
 14  580 
 14  552 
 14  577 
 14  566 
 14  542 
 14  563 
 14  586 
 14  549 
 14  568 
 14  541 
 14  574 
 14  572 
 14  566 
 14  575 
 14  586 
 14  578 
 14  561 
 14  568 
 14  557 
 14  587 
 14  557 
 14  561 
 14  544 
 14  578 
 14  581 
 14  548 
 14  587 
 14  548 
 14  557 
 14  624 
 14  599 
 14  552 
 14  587 
 14  570 
 14  582 
 14  593 
 14  571 
 14  615 
 14  568 
 14  556 
 14  566 
 14  546 
 14  587 
 14  565 
 14  552 
 14  537 
 14  617 
 14  566 
 14  578 
 14  572 
 14  601 
 14  573 
 14  607 
 14  591 
 14  542 
 14  586 
 14  592 
 14  528 
 14  582 
 14  588 
 14  546 
 14  579 
 14  576 
 14  585 
 14  594 
 14  572 
 14  573 
 14  575 
 14  622 
 14  577 
 14  553 
 14  542 
 14  532 
 14  591 
 14  561 
 14  574 
 14  572 
 14  602 
 14  556 
 14  550 
 14  576 
 14  602 
 14  576 
 14  556 
 14  579 
 14  556 
 14  558 
 14  563 
 14  592 
 14  564 
 14  554 
 14  545 
 14  571 
 14  541 
 14  558 
 14  563 
 14  571 
 14  607 
 14  547 
 14  609 
 14  570 
 14  625 
 15  537 
 15  507 
 15  610 
 15  549 
 15  598 
 15  600 
 15  554 
 15  549 
 15  598 
 15  574 
 15  549 
 15  565 
 15  606 
 15  578 
 15  542 
 15  588 
 15  582 
 15  556 
 15  600 
 15  598 
 15  568 
 15  555 
 15  556 
 15  566 
 15  576 
 15  592 
 15  616 
 15  567 
 15  608 
 15  588 
 15  577 
 15  603 
 15  575 
 15  565 
 15  592 
 15  595 
 15  593 
 15  578 
 15  553 
 15  603 
 15  545 
 15  597 
 15  586 
 15  599 
 15  618 
 15  616 
 15  605 
 15  572 
 15  566 
 15  541 
 15  569 
 15  557 
 15  589 
 15  568 
 15  585 
 15  584 
 15  553 
 15  595 
 15  566 
 15  588 
 15  597 
 15  664 
 15  567 
 15  551 
 15  593 
 15  616 
 15  603 
 15  607 
 15  579 
 15  561 
 15  580 
 15  562 
 15  590 
 15  558 
 15  537 
 15  621 
 15  566 
 15  556 
 15  554 
 15  580 
 15  539 
 15  561 
 15  596 
 15  606 
 15  585 
 15  575 
 15  581 
 15  566 
 15  568 
 15  598 
 15  577 
 15  582 
 15  551 
 15  581 
 15  599 
 15  567 
 15  562 
 15  608 
 15  617 
 15  601 
 15  584 
 15  598 
 15  582 
 15  558 
 15  558 
 15  623 
 15  566 
 15  568 
 15  575 
 15  646 
 15  577 
 15  599 
 15  616 
 15  567 
 15  570 
 15  582 
 15  576 
 15  563 
 15  547 
 15  602 
 15  557 
 15  597 
 15  554 
 15  599 
 15  599 
 15  536 
 15  603 
 15  569 
 15  569 
 15  561 
 15  555 
 15  607 
 15  571 
 15  601 
 15  565 
 15  570 
 15  575 
 15  604 
 15  629 
 15  592 
 15  580 
 15  559 
 15  583 
 15  622 
 15  600 
 15  576 
 15  572 
 15  628 
 15  585 
 15  620 
 15  577 
 15  602 
 15  555 
 15  576 
 15  583 
 15  570 
 15  578 
 15  556 
 15  584 
 15  619 
 15  557 
 15  574 
 15  546 
 15  581 
 15  567 
 15  615 
 15  584 
 15  597 
 15  618 
 15  565 
 15  597 
 15  584 
 15  544 
 15  587 
 15  585 
 15  647 
 15  595 
 15  576 
 15  535 
 15  581 
 15  546 
 15  593 
 15  534 
 15  568 
 15  577 
 15  587 
 15  596 
 15  590 
 15  571 
 15  576 
 15  580 
 15  590 
 15  600 
 15  593 
 15  554 
 15  559 
 15  564 
 15  587 
 15  570 
 15  582 
 15  561 
 15  584 
 15  589 
 15  556 
 15  602 
 15  597 
 15  593 
 15  568 
 15  598 
 15  584 
 15  594 
 15  575 
 15  570 
 15  571 
 15  543 
 15  561 
 15  589 
 15  572 
 15  551 
 15  588 
 15  572 
 15  577 
 15  621 
 15  584 
 15  615 
 15  543 
 15  579 
 15  632 
 15  595 
 15  542 
 15  586 
 15  603 
 15  569 
 15  595 
 15  637 
 15  591 
 15  551 
 15  560 
 15  586 
 15  610 
 15  610 
 15  549 
 15  575 
 15  585 
 15  589 
 15  571 
 15  606 
 15  597 
 15  566 
 15  572 
 15  591 
 15  565 
 15  556 
 15  607 
 15  604 
 15  610 
 15  608 
 15  586 
 15  554 
 15  577 
 15  559 
 15  593 
 15  601 
 15  586 
 15  575 
 15  589 
 15  584 
 15  581 
 15  573 
 15  619 
 15  602 
 15  582 
 15  607 
 15  582 
 15  596 
 15  568 
 15  576 
 15  568 
 15  585 
 15  585 
 15  566 
 15  612 
 15  583 
 15  565 
 15  552 
 15  583 
 15  582 
 15  599 
 15  563 
 15  565 
 15  576 
 15  568 
 15  586 
 15  558 
 15  589 
 15  574 
 15  564 
 15  623 
 15  593 
 15  577 
 15  550 
 15  590 
 15  600 
 15  549 
 15  562 
 15  601 
 15  570 
 15  571 
 15  592 
 15  600 
 15  573 
 15  558 
 15  576 
 15  563 
 15  563 
 15  583 
 15  560 
 15  568 
 15  593 
 15  588 
 15  579 
 15  602 
 15  550 
 15  586 
 15  583 
 15  563 
 15  533 
 15  567 
 15  579 
 15  553 
 15  570 
 15  604 
 15  570 
 15  577 
 15  593 
 15  592 
 15  582 
 15  593 
 15  565 
 15  565 
 15  568 
 15  600 
 15  605 
 15  560 
 15  548 
 15  590 
 15  605 
 15  572 
 15  544 
 15  573 
 15  594 
 15  591 
 15  589 
 15  617 
 15  611 
 15  575 
 15  589 
 15  567 
 15  573 
 15  595 
 15  567 
 15  594 
 15  580 
 15  575 
 15  608 
 15  579 
 15  576 
 15  576 
 15  554 
 15  584 
 15  561 
 15  587 
 15  561 
 15  597 
 15  582 
 15  616 
 15  544 
 15  594 
 15  574 
 15  583 
 15  557 
 15  579 
 15  574 
 15  576 
 15  570 
 15  561 
 15  597 
 15  582 
 15  555 
 15  595 
 15  558 
 15  554 
 15  593 
 15  611 
 15  578 
 15  581 
 15  591 
 15  596 
 15  615 
 15  594 
 15  581 
 15  586 
 15  577 
 15  608 
 15  581 
 15  609 
 15  608 
 15  554 
 15  611 
 15  586 
 15  569 
 15  600 
 15  567 
 15  582 
 15  543 
 15  574 
 15  548 
 15  598 
 15  575 
 15  605 
 15  609 
 15  572 
 15  591 
 15  607 
 15  582 
 15  587 
 15  578 
 15  567 
 15  579 
 15  583 
 15  541 
 15  580 
 15  562 
 15  583 
 15  582 
 15  594 
 15  604 
 15  570 
 15  563 
 15  603 
 15  582 
 15  598 
 15  612 
 15  583 
 15  567 
 15  598 
 15  592 
 15  561 
 15  571 
 15  572 
 15  553 
 15  601 
 15  546 
 15  580 
 15  575 
 15  597 
 15  578 
 15  578 
 15  601 
 15  595 
 15  571 
 15  581 
 15  630 
 15  613 
 15  611 
 15  588 
 15  620 
 15  534 
 15  580 
 15  557 
 15  577 
 15  572 
 15  549 
 15  590 
 15  600 
 15  542 
 15  567 
 15  612 
 15  594 
 15  574 
 15  581 
 15  593 
 15  575 
 15  568 
 15  588 
 15  540 
 15  608 
 15  618 
 15  607 
 15  574 
 15  607 
 15  566 
 15  552 
 15  608 
 15  539 
 15  561 
 15  558 
 15  589 
 15  534 
 15  551 
 15  543 
 15  585 
 15  576 
 15  574 
 15  582 
 15  575 
 15  564 
 15  554 
 15  590 
 15  548 
 15  564 
 15  591 
 15  623 
 15  571 
 15  582 
 15  593 
 15  582 
 15  525 
 15  565 
 15  588 
 15  562 
 15  551 
 15  649 
 15  597 
 15  542 
 15  577 
 15  594 
 15  597 
 15  589 
 15  575 
 15  561 
 15  596 
 15  594 
 15  555 
 15  555 
 15  567 
 15  573 
 15  583 
 15  551 
 15  571 
 15  538 
 15  581 
 15  585 
 15  598 
 15  597 
 15  571 
 15  568 
 15  600 
 15  611 
 15  561 
 15  529 
 15  580 
 15  562 
 15  577 
 15  585 
 15  582 
 15  555 
 15  602 
 15  559 
 15  531 
 15  595 
 15  594 
 15  606 
 15  548 
 15  553 
 15  598 
 15  579 
 15  567 
 15  600 
 15  559 
 15  586 
 15  585 
 15  607 
 15  596 
 15  582 
 15  582 
 15  597 
 15  588 
 15  545 
 15  556 
 15  598 
 15  607 
 15  575 
 15  576 
 15  596 
 15  591 
 15  582 
 15  590 
 15  577 
 15  579 
 15  578 
 15  583 
 15  590 
 15  585 
 15  521 
 15  557 
 15  565 
 15  549 
 15  559 
 15  552 
 15  577 
 15  586 
 15  611 
 15  560 
 15  594 
 15  585 
 15  581 
 15  599 
 15  604 
 15  605 
 15  589 
 15  548 
 15  573 
 15  508 
 15  575 
 15  600 
 15  569 
 15  561 
 15  551 
 15  552 
 15  585 
 15  628 
 15  584 
 15  586 
 15  601 
 15  572 
 15  623 
 15  593 
 15  582 
 15  583 
 15  578 
 15  576 
 15  566 
 15  566 
 15  574 
 15  554 
 15  562 
 15  572 
 15  587 
 15  571 
 15  566 
 15  608 
 15  556 
 15  591 
 15  534 
 15  593 
 15  607 
 15  587 
 15  564 
 15  573 
 15  562 
 15  576 
 15  588 
 15  583 
 15  577 
 15  576 
 15  589 
 15  603 
 15  562 
 15  597 
 15  601 
 15  594 
 15  554 
 15  543 
 15  587 
 15  575 
 15  583 
 15  542 
 15  618 
 15  612 
 15  574 
 15  588 
 15  622 
 15  557 
 15  566 
 15  549 
 15  567 
 15  587 
 15  602 
 15  589 
 15  624 
 15  582 
 15  570 
 15  604 
 15  566 
 15  556 
 15  580 
 15  589 
 15  581 
 15  597 
 15  560 
 15  570 
 15  553 
 15  547 
 15  549 
 15  640 
 15  580 
 15  600 
 15  576 
 15  586 
 15  565 
 15  597 
 15  583 
 15  584 
 15  577 
 15  579 
 15  549 
 15  557 
 15  568 
 15  596 
 15  603 
 15  549 
 15  594 
 15  547 
 15  555 
 15  597 
 15  601 
 15  603 
 15  572 
 15  600 
 15  606 
 15  592 
 15  541 
 15  594 
 15  607 
 15  601 
 15  574 
 15  610 
 15  544 
 15  591 
 15  568 
 15  572 
 15  551 
 15  600 
 15  574 
 15  574 
 15  568 
 15  577 
 15  587 
 15  594 
 15  565 
 15  574 
 15  624 
 15  631 
 15  570 
 15  580 
 15  545 
 15  570 
 15  557 
 15  570 
 15  591 
 15  588 
 15  581 
 15  580 
 15  571 
 15  610 
 15  595 
 15  548 
 15  574 
 15  582 
 15  605 
 15  554 
 15  584 
 15  573 
 15  538 
 15  574 
 15  552 
 15  579 
 15  593 
 15  582 
 15  556 
 15  571 
 15  583 
 15  593 
 15  585 
 15  600 
 15  556 
 15  540 
 15  589 
 15  621 
 15  606 
 15  600 
 15  559 
 15  580 
 15  581 
 15  617 
 15  604 
 15  533 
 15  575 
 15  554 
 15  615 
 15  558 
 15  530 
 15  542 
 15  616 
 15  549 
 15  554 
 15  601 
 15  581 
 15  563 
 15  562 
 15  562 
 15  537 
 15  555 
 15  547 
 15  630 
 15  582 
 15  585 
 15  591 
 15  589 
 15  599 
 15  561 
 15  570 
 15  593 
 15  585 
 15  589 
 15  548 
 15  577 
 15  548 
 15  581 
 15  574 
 15  593 
 15  621 
 15  615 
 15  586 
 15  595 
 15  572 
 15  590 
 15  594 
 15  539 
 15  551 
 15  566 
 15  583 
 15  581 
 15  581 
 15  575 
 15  577 
 15  583 
 15  547 
 15  579 
 15  595 
 15  562 
 15  566 
 15  568 
 15  585 
 15  550 
 15  555 
 15  577 
 15  581 
 15  586 
 15  621 
 15  569 
 15  587 
 15  561 
 15  550 
 15  569 
 15  600 
 15  549 
 15  570 
 15  584 
 15  614 
 15  595 
 15  559 
 15  588 
 15  598 
 15  610 
 15  585 
 15  603 
 15  585 
 15  563 
 15  554 
 15  558 
 15  587 
 15  539 
 15  629 
 15  531 
 15  588 
 15  598 
 15  577 
 15  588 
 15  591 
 15  588 
 15  570 
 15  566 
 15  594 
 15  601 
 15  563 
 15  567 
 15  629 
 15  571 
 15  581 
 15  536 
 15  553 
 15  549 
 15  588 
 15  567 
 15  640 
 15  571 
 15  563 
 15  569 
 15  559 
 15  551 
 15  592 
 15  549 
 15  524 
 15  592 
 15  570 
 15  561 
 15  601 
 15  600 
 15  615 
 15  609 
 15  576 
 15  565 
 15  582 
 15  581 
 15  597 
 15  585 
 15  588 
 15  558 
 15  593 
 15  596 
 15  583 
 15  588 
 15  593 
 15  581 
 15  622 
 15  566 
 15  604 
 15  544 
 15  604 
 15  617 
 15  608 
 15  560 
 15  566 
 15  588 
 15  566 
 15  568 
 15  605 
 15  580 
 15  580 
 15  609 
 15  610 
 15  591 
 15  541 
 15  586 
 15  546 
 15  563 
 15  589 
 15  591 
 15  567 
 15  587 
 15  574 
 15  587 
 15  576 
 15  581 
 15  563 
 15  602 
 15  572 
 15  564 
 15  586 
 15  581 
 15  557 
 15  599 
 15  576 
 15  573 
 15  585 
 15  589 
 15  556 
 15  571 
 15  582 
 15  556 
 15  588 
 15  579 
 15  555 
 15  573 
 15  549 
 15  535 
 15  553 
 15  610 
 15  561 
 15  573 
 15  577 
 15  583 
 15  586 
 15  568 
 15  560 
 15  541 
 15  542 
 15  578 
 15  586 
 15  595 
 15  569 
 15  613 
 15  583 
 15  544 
 15  587 
 15  557 
 15  569 
 15  613 
 16  620 
 16  562 
 16  584 
 16  576 
 16  575 
 16  594 
 16  592 
 16  584 
 16  548 
 16  595 
 16  599 
 16  553 
 16  603 
 16  597 
 16  581 
 16  579 
 16  607 
 16  604 
 16  572 
 16  624 
 16  586 
 16  582 
 16  610 
 16  582 
 16  581 
 16  596 
 16  569 
 16  593 
 16  602 
 16  595 
 16  604 
 16  560 
 16  584 
 16  543 
 16  554 
 16  576 
 16  583 
 16  621 
 16  598 
 16  587 
 16  588 
 16  560 
 16  607 
 16  611 
 16  585 
 16  588 
 16  539 
 16  557 
 16  617 
 16  606 
 16  606 
 16  587 
 16  580 
 16  559 
 16  566 
 16  564 
 16  566 
 16  572 
 16  596 
 16  581 
 16  608 
 16  588 
 16  567 
 16  623 
 16  573 
 16  610 
 16  608 
 16  571 
 16  577 
 16  567 
 16  599 
 16  577 
 16  532 
 16  593 
 16  561 
 16  547 
 16  559 
 16  618 
 16  619 
 16  568 
 16  603 
 16  616 
 16  582 
 16  615 
 16  629 
 16  563 
 16  631 
 16  589 
 16  580 
 16  564 
 16  567 
 16  585 
 16  576 
 16  558 
 16  580 
 16  598 
 16  609 
 16  568 
 16  588 
 16  606 
 16  611 
 16  596 
 16  557 
 16  583 
 16  579 
 16  570 
 16  606 
 16  593 
 16  574 
 16  583 
 16  557 
 16  583 
 16  596 
 16  581 
 16  591 
 16  561 
 16  606 
 16  588 
 16  572 
 16  536 
 16  596 
 16  566 
 16  598 
 16  630 
 16  568 
 16  559 
 16  598 
 16  613 
 16  570 
 16  596 
 16  586 
 16  572 
 16  604 
 16  560 
 16  583 
 16  579 
 16  562 
 16  554 
 16  598 
 16  589 
 16  603 
 16  582 
 16  585 
 16  596 
 16  587 
 16  595 
 16  571 
 16  586 
 16  607 
 16  584 
 16  555 
 16  581 
 16  576 
 16  558 
 16  616 
 16  582 
 16  569 
 16  619 
 16  548 
 16  616 
 16  631 
 16  594 
 16  582 
 16  547 
 16  611 
 16  586 
 16  593 
 16  577 
 16  578 
 16  578 
 16  575 
 16  594 
 16  586 
 16  609 
 16  564 
 16  542 
 16  582 
 16  563 
 16  560 
 16  572 
 16  599 
 16  586 
 16  594 
 16  588 
 16  591 
 16  611 
 16  625 
 16  566 
 16  580 
 16  564 
 16  618 
 16  587 
 16  602 
 16  601 
 16  584 
 16  566 
 16  552 
 16  588 
 16  552 
 16  563 
 16  590 
 16  589 
 16  565 
 16  537 
 16  568 
 16  594 
 16  601 
 16  557 
 16  575 
 16  608 
 16  615 
 16  572 
 16  564 
 16  584 
 16  558 
 16  578 
 16  580 
 16  598 
 16  531 
 16  584 
 16  568 
 16  582 
 16  592 
 16  557 
 16  550 
 16  556 
 16  615 
 16  567 
 16  568 
 16  597 
 16  599 
 16  590 
 16  586 
 16  578 
 16  587 
 16  596 
 16  559 
 16  579 
 16  565 
 16  584 
 16  579 
 16  591 
 16  578 
 16  584 
 16  593 
 16  573 
 16  603 
 16  626 
 16  561 
 16  591 
 16  616 
 16  589 
 16  665 
 16  577 
 16  598 
 16  614 
 16  553 
 16  578 
 16  608 
 16  575 
 16  594 
 16  600 
 16  610 
 16  589 
 16  582 
 16  533 
 16  549 
 16  582 
 16  522 
 16  574 
 16  605 
 16  589 
 16  601 
 16  574 
 16  611 
 16  536 
 16  564 
 16  596 
 16  651 
 16  575 
 16  571 
 16  550 
 16  597 
 16  609 
 16  612 
 16  613 
 16  595 
 16  578 
 16  600 
 16  576 
 16  557 
 16  548 
 16  529 
 16  581 
 16  598 
 16  595 
 16  541 
 16  609 
 16  608 
 16  580 
 16  539 
 16  540 
 16  576 
 16  566 
 16  569 
 16  582 
 16  576 
 16  583 
 16  577 
 16  597 
 16  591 
 16  620 
 16  625 
 16  566 
 16  586 
 16  585 
 16  571 
 16  571 
 16  618 
 16  619 
 16  600 
 16  594 
 16  563 
 16  583 
 16  546 
 16  579 
 16  596 
 16  610 
 16  601 
 16  594 
 16  569 
 16  601 
 16  617 
 16  549 
 16  569 
 16  559 
 16  615 
 16  582 
 16  557 
 16  597 
 16  557 
 16  612 
 16  572 
 16  592 
 16  579 
 16  567 
 16  581 
 16  566 
 16  557 
 16  600 
 16  586 
 16  568 
 16  592 
 16  597 
 16  566 
 16  574 
 16  631 
 16  566 
 16  579 
 16  629 
 16  589 
 16  614 
 16  581 
 16  604 
 16  597 
 16  548 
 16  568 
 16  589 
 16  575 
 16  597 
 16  572 
 16  596 
 16  586 
 16  545 
 16  595 
 16  632 
 16  613 
 16  574 
 16  564 
 16  585 
 16  605 
 16  565 
 16  557 
 16  547 
 16  574 
 16  593 
 16  619 
 16  570 
 16  587 
 16  548 
 16  597 
 16  597 
 16  544 
 16  593 
 16  600 
 16  610 
 16  599 
 16  600 
 16  561 
 16  585 
 16  561 
 16  580 
 16  566 
 16  564 
 16  585 
 16  554 
 16  599 
 16  585 
 16  562 
 16  534 
 16  550 
 16  555 
 16  543 
 16  512 
 16  598 
 16  552 
 16  585 
 16  579 
 16  571 
 16  584 
 16  587 
 16  581 
 16  554 
 16  555 
 16  553 
 16  609 
 16  611 
 16  591 
 16  589 
 16  598 
 16  595 
 16  593 
 16  602 
 16  580 
 16  603 
 16  554 
 16  558 
 16  550 
 16  599 
 16  563 
 16  556 
 16  600 
 16  577 
 16  598 
 16  575 
 16  594 
 16  591 
 16  602 
 16  584 
 16  561 
 16  565 
 16  576 
 16  617 
 16  562 
 16  601 
 16  589 
 16  576 
 16  607 
 16  626 
 16  584 
 16  584 
 16  612 
 16  613 
 16  544 
 16  551 
 16  569 
 16  588 
 16  600 
 16  574 
 16  563 
 16  580 
 16  547 
 16  595 
 16  553 
 16  564 
 16  597 
 16  594 
 16  598 
 16  599 
 16  569 
 16  570 
 16  576 
 16  594 
 16  579 
 16  571 
 16  577 
 16  582 
 16  554 
 16  573 
 16  577 
 16  613 
 16  596 
 16  602 
 16  598 
 16  582 
 16  615 
 16  572 
 16  560 
 16  619 
 16  579 
 16  575 
 16  583 
 16  601 
 16  549 
 16  574 
 16  561 
 16  608 
 16  591 
 16  578 
 16  588 
 16  590 
 16  576 
 16  573 
 16  625 
 16  561 
 16  569 
 16  564 
 16  594 
 16  571 
 16  606 
 16  616 
 16  554 
 16  618 
 16  581 
 16  590 
 16  616 
 16  594 
 16  557 
 16  613 
 16  587 
 16  613 
 16  582 
 16  587 
 16  587 
 16  597 
 16  573 
 16  565 
 16  555 
 16  593 
 16  611 
 16  554 
 16  558 
 16  603 
 16  581 
 16  594 
 16  598 
 16  591 
 16  578 
 16  595 
 16  556 
 16  557 
 16  587 
 16  570 
 16  571 
 16  563 
 16  597 
 16  603 
 16  586 
 16  575 
 16  616 
 16  593 
 16  608 
 16  595 
 16  555 
 16  613 
 16  554 
 16  575 
 16  622 
 16  646 
 16  589 
 16  554 
 16  537 
 16  581 
 16  586 
 16  589 
 16  577 
 16  607 
 16  564 
 16  547 
 16  564 
 16  580 
 16  560 
 16  631 
 16  569 
 16  565 
 16  579 
 16  581 
 16  609 
 16  590 
 16  583 
 16  536 
 16  606 
 16  551 
 16  587 
 16  602 
 16  591 
 16  592 
 16  602 
 16  539 
 16  583 
 16  576 
 16  558 
 16  582 
 16  611 
 16  573 
 16  616 
 16  537 
 16  578 
 16  593 
 16  578 
 16  573 
 16  569 
 16  599 
 16  579 
 16  568 
 16  583 
 16  613 
 16  601 
 16  609 
 16  591 
 16  628 
 16  597 
 16  586 
 16  562 
 16  595 
 16  605 
 16  598 
 16  608 
 16  581 
 16  580 
 16  635 
 16  586 
 16  569 
 16  596 
 16  586 
 16  583 
 16  601 
 16  581 
 16  618 
 16  554 
 16  550 
 16  598 
 16  584 
 16  610 
 16  584 
 16  593 
 16  549 
 16  599 
 16  595 
 16  594 
 16  571 
 16  568 
 16  583 
 16  582 
 16  578 
 16  584 
 16  599 
 16  571 
 16  572 
 16  587 
 16  575 
 16  567 
 16  599 
 16  600 
 16  615 
 16  587 
 16  596 
 16  591 
 16  577 
 16  557 
 16  615 
 16  532 
 16  542 
 16  583 
 16  615 
 16  576 
 16  608 
 16  572 
 16  583 
 16  580 
 16  535 
 16  598 
 16  572 
 16  615 
 16  598 
 16  575 
 16  579 
 16  561 
 16  578 
 16  592 
 16  557 
 16  610 
 16  575 
 16  578 
 16  580 
 16  600 
 16  562 
 16  615 
 16  584 
 16  596 
 16  579 
 16  607 
 16  608 
 16  569 
 16  600 
 16  562 
 16  622 
 16  555 
 16  579 
 16  605 
 16  578 
 16  572 
 16  593 
 16  625 
 16  590 
 16  550 
 16  580 
 16  605 
 16  614 
 16  588 
 16  538 
 16  589 
 16  542 
 16  583 
 16  580 
 16  572 
 16  575 
 16  579 
 16  585 
 16  585 
 16  622 
 16  607 
 16  597 
 16  588 
 16  612 
 16  590 
 16  547 
 16  562 
 16  580 
 16  529 
 16  594 
 16  550 
 16  581 
 16  606 
 16  597 
 16  538 
 16  580 
 16  558 
 16  590 
 16  588 
 16  576 
 16  587 
 16  582 
 16  612 
 16  542 
 16  520 
 16  607 
 16  600 
 16  579 
 16  572 
 16  633 
 16  565 
 16  591 
 16  557 
 16  583 
 16  593 
 16  563 
 16  571 
 16  630 
 16  631 
 16  613 
 16  585 
 16  587 
 16  562 
 16  563 
 16  609 
 16  571 
 16  551 
 16  600 
 16  606 
 16  572 
 16  573 
 16  566 
 16  596 
 16  560 
 16  572 
 16  598 
 16  581 
 16  615 
 16  547 
 16  552 
 16  546 
 16  550 
 16  572 
 16  561 
 16  628 
 16  592 
 16  597 
 16  553 
 16  571 
 16  594 
 16  596 
 16  597 
 16  547 
 16  542 
 16  639 
 16  558 
 16  571 
 16  593 
 16  599 
 16  577 
 16  577 
 16  607 
 16  570 
 16  591 
 16  615 
 16  576 
 16  574 
 16  573 
 16  603 
 16  553 
 16  590 
 16  545 
 16  581 
 16  620 
 16  574 
 16  595 
 16  628 
 16  588 
 16  575 
 16  593 
 16  566 
 16  559 
 16  620 
 16  584 
 16  571 
 16  580 
 16  612 
 16  563 
 16  604 
 16  552 
 16  594 
 16  598 
 16  598 
 16  539 
 16  562 
 16  599 
 16  563 
 16  583 
 16  572 
 16  621 
 16  553 
 16  580 
 16  595 
 16  573 
 16  584 
 16  577 
 16  557 
 16  590 
 16  608 
 16  592 
 16  574 
 16  582 
 16  638 
 16  607 
 16  581 
 16  584 
 16  599 
 16  597 
 16  570 
 16  579 
 16  594 
 16  596 
 16  556 
 16  583 
 16  614 
 16  618 
 16  612 
 16  545 
 16  583 
 16  592 
 16  580 
 16  620 
 16  556 
 16  581 
 16  600 
 16  565 
 16  562 
 16  607 
 16  586 
 16  598 
 16  594 
 16  608 
 16  579 
 16  585 
 16  596 
 16  585 
 16  610 
 16  562 
 16  576 
 16  567 
 16  558 
 16  586 
 16  544 
 16  568 
 16  564 
 16  575 
 16  558 
 16  579 
 16  545 
 16  569 
 16  596 
 16  554 
 16  583 
 16  585 
 16  603 
 16  557 
 16  617 
 16  596 
 16  585 
 16  606 
 16  587 
 16  571 
 16  561 
 16  576 
 16  627 
 16  581 
 16  550 
 16  604 
 16  569 
 16  566 
 16  627 
 16  584 
 16  599 
 16  547 
 16  611 
 16  564 
 16  585 
 16  606 
 16  576 
 16  583 
 16  581 
 16  557 
 16  608 
 16  550 
 16  585 
 16  637 
 16  555 
 16  524 
 16  577 
 16  575 
 16  612 
 16  565 
 16  570 
 16  576 
 16  562 
 16  604 
 16  592 
 16  587 
 16  603 
 16  575 
 16  552 
 16  582 
 16  600 
 16  571 
 16  619 
 16  589 
 16  586 
 16  618 
 16  565 
 16  585 
 16  565 
 16  593 
 16  617 
 16  593 
 16  600 
 16  545 
 16  551 
 16  619 
 16  611 
 16  538 
 16  569 
 16  607 
 16  565 
 16  582 
 16  569 
 16  580 
 16  574 
 16  577 
 16  565 
 16  563 
 16  550 
 16  586 
 16  581 
 16  563 
 16  589 
 16  583 
 16  591 
 16  560 
 16  600 
 17  586 
 17  572 
 17  581 
 17  578 
 17  546 
 17  614 
 17  639 
 17  585 
 17  617 
 17  630 
 17  609 
 17  588 
 17  554 
 17  562 
 17  565 
 17  574 
 17  604 
 17  573 
 17  580 
 17  586 
 17  607 
 17  622 
 17  602 
 17  575 
 17  588 
 17  603 
 17  579 
 17  567 
 17  585 
 17  553 
 17  580 
 17  585 
 17  568 
 17  562 
 17  569 
 17  598 
 17  602 
 17  568 
 17  622 
 17  589 
 17  589 
 17  581 
 17  581 
 17  594 
 17  608 
 17  610 
 17  606 
 17  576 
 17  578 
 17  565 
 17  579 
 17  590 
 17  579 
 17  615 
 17  558 
 17  581 
 17  597 
 17  570 
 17  556 
 17  568 
 17  595 
 17  574 
 17  612 
 17  538 
 17  584 
 17  582 
 17  611 
 17  663 
 17  583 
 17  610 
 17  571 
 17  553 
 17  543 
 17  589 
 17  560 
 17  620 
 17  552 
 17  584 
 17  557 
 17  572 
 17  574 
 17  550 
 17  609 
 17  579 
 17  590 
 17  570 
 17  586 
 17  586 
 17  557 
 17  593 
 17  606 
 17  542 
 17  561 
 17  584 
 17  563 
 17  565 
 17  549 
 17  579 
 17  582 
 17  579 
 17  610 
 17  574 
 17  611 
 17  586 
 17  608 
 17  566 
 17  594 
 17  596 
 17  557 
 17  598 
 17  593 
 17  607 
 17  599 
 17  645 
 17  606 
 17  577 
 17  585 
 17  610 
 17  570 
 17  540 
 17  600 
 17  616 
 17  593 
 17  592 
 17  601 
 17  593 
 17  590 
 17  570 
 17  603 
 17  589 
 17  576 
 17  568 
 17  624 
 17  608 
 17  580 
 17  585 
 17  572 
 17  576 
 17  590 
 17  569 
 17  578 
 17  563 
 17  607 
 17  590 
 17  632 
 17  540 
 17  579 
 17  548 
 17  608 
 17  566 
 17  607 
 17  555 
 17  565 
 17  619 
 17  599 
 17  570 
 17  595 
 17  599 
 17  606 
 17  610 
 17  573 
 17  532 
 17  564 
 17  631 
 17  585 
 17  590 
 17  557 
 17  585 
 17  546 
 17  536 
 17  579 
 17  607 
 17  576 
 17  549 
 17  592 
 17  567 
 17  580 
 17  566 
 17  618 
 17  582 
 17  604 
 17  617 
 17  542 
 17  571 
 17  579 
 17  602 
 17  602 
 17  592 
 17  597 
 17  571 
 17  592 
 17  606 
 17  583 
 17  577 
 17  584 
 17  607 
 17  588 
 17  573 
 17  563 
 17  564 
 17  594 
 17  559 
 17  606 
 17  596 
 17  584 
 17  604 
 17  582 
 17  584 
 17  621 
 17  593 
 17  556 
 17  588 
 17  587 
 17  579 
 17  583 
 17  551 
 17  590 
 17  592 
 17  525 
 17  543 
 17  584 
 17  610 
 17  602 
 17  527 
 17  578 
 17  564 
 17  587 
 17  585 
 17  597 
 17  639 
 17  592 
 17  605 
 17  562 
 17  536 
 17  586 
 17  556 
 17  594 
 17  577 
 17  573 
 17  595 
 17  556 
 17  571 
 17  600 
 17  592 
 17  584 
 17  570 
 17  601 
 17  606 
 17  578 
 17  587 
 17  583 
 17  601 
 17  554 
 17  570 
 17  589 
 17  574 
 17  607 
 17  558 
 17  573 
 17  594 
 17  569 
 17  593 
 17  554 
 17  606 
 17  562 
 17  584 
 17  589 
 17  558 
 17  552 
 17  592 
 17  578 
 17  576 
 17  582 
 17  612 
 17  576 
 17  589 
 17  596 
 17  599 
 17  562 
 17  573 
 17  565 
 17  575 
 17  572 
 17  590 
 17  580 
 17  557 
 17  606 
 17  606 
 17  583 
 17  594 
 17  572 
 17  571 
 17  576 
 17  579 
 17  573 
 17  595 
 17  571 
 17  597 
 17  599 
 17  583 
 17  605 
 17  617 
 17  590 
 17  602 
 17  601 
 17  587 
 17  570 
 17  527 
 17  583 
 17  617 
 17  583 
 17  622 
 17  585 
 17  581 
 17  594 
 17  584 
 17  615 
 17  628 
 17  584 
 17  579 
 17  577 
 17  568 
 17  574 
 17  603 
 17  589 
 17  538 
 17  576 
 17  603 
 17  564 
 17  582 
 17  570 
 17  602 
 17  610 
 17  591 
 17  542 
 17  602 
 17  559 
 17  570 
 17  576 
 17  582 
 17  564 
 17  571 
 17  582 
 17  609 
 17  571 
 17  568 
 17  610 
 17  582 
 17  601 
 17  602 
 17  598 
 17  596 
 17  599 
 17  591 
 17  567 
 17  572 
 17  596 
 17  595 
 17  565 
 17  611 
 17  609 
 17  622 
 17  599 
 17  584 
 17  568 
 17  591 
 17  559 
 17  619 
 17  580 
 17  581 
 17  598 
 17  554 
 17  584 
 17  562 
 17  537 
 17  643 
 17  555 
 17  568 
 17  590 
 17  589 
 17  590 
 17  580 
 17  605 
 17  596 
 17  577 
 17  612 
 17  632 
 17  611 
 17  603 
 17  613 
 17  585 
 17  571 
 17  540 
 17  596 
 17  543 
 17  570 
 17  546 
 17  563 
 17  618 
 17  581 
 17  560 
 17  587 
 17  602 
 17  586 
 17  563 
 17  561 
 17  606 
 17  571 
 17  586 
 17  581 
 17  601 
 17  595 
 17  583 
 17  558 
 17  545 
 17  597 
 17  586 
 17  570 
 17  591 
 17  573 
 17  649 
 17  578 
 17  607 
 17  566 
 17  572 
 17  569 
 17  603 
 17  591 
 17  578 
 17  600 
 17  605 
 17  579 
 17  615 
 17  605 
 17  559 
 17  546 
 17  565 
 17  585 
 17  578 
 17  609 
 17  572 
 17  549 
 17  563 
 17  573 
 17  613 
 17  555 
 17  578 
 17  587 
 17  609 
 17  633 
 17  572 
 17  622 
 17  646 
 17  584 
 17  591 
 17  577 
 17  540 
 17  598 
 17  553 
 17  580 
 17  603 
 17  573 
 17  590 
 17  628 
 17  542 
 17  582 
 17  624 
 17  576 
 17  579 
 17  559 
 17  636 
 17  598 
 17  595 
 17  558 
 17  591 
 17  608 
 17  608 
 17  573 
 17  590 
 17  589 
 17  593 
 17  566 
 17  564 
 17  573 
 17  617 
 17  545 
 17  563 
 17  585 
 17  581 
 17  589 
 17  608 
 17  598 
 17  593 
 17  586 
 17  589 
 17  604 
 17  590 
 17  573 
 17  611 
 17  591 
 17  610 
 17  530 
 17  591 
 17  607 
 17  571 
 17  612 
 17  572 
 17  597 
 17  627 
 17  603 
 17  568 
 17  607 
 17  532 
 17  578 
 17  556 
 17  569 
 17  602 
 17  601 
 17  575 
 17  598 
 17  593 
 17  591 
 17  565 
 17  572 
 17  570 
 17  573 
 17  577 
 17  595 
 17  593 
 17  576 
 17  557 
 17  556 
 17  611 
 17  593 
 17  586 
 17  589 
 17  552 
 17  614 
 17  582 
 17  612 
 17  552 
 17  597 
 17  605 
 17  576 
 17  603 
 17  583 
 17  549 
 17  553 
 17  596 
 17  565 
 17  624 
 17  640 
 17  588 
 17  562 
 17  584 
 17  563 
 17  607 
 17  574 
 17  549 
 17  581 
 17  589 
 17  568 
 17  564 
 17  543 
 17  542 
 17  560 
 17  582 
 17  559 
 17  553 
 17  598 
 17  551 
 17  614 
 17  561 
 17  568 
 17  586 
 17  603 
 17  609 
 17  558 
 17  577 
 17  546 
 17  600 
 17  603 
 17  561 
 17  564 
 17  568 
 17  602 
 17  595 
 17  567 
 17  591 
 17  533 
 17  563 
 17  591 
 17  589 
 17  573 
 17  558 
 17  615 
 17  582 
 17  584 
 17  597 
 17  545 
 17  609 
 17  619 
 17  582 
 17  621 
 17  591 
 17  606 
 17  567 
 17  558 
 17  620 
 17  589 
 17  561 
 17  573 
 17  575 
 17  601 
 17  602 
 17  587 
 17  606 
 17  557 
 17  564 
 17  596 
 17  581 
 17  636 
 17  587 
 17  601 
 17  576 
 17  569 
 17  582 
 17  584 
 17  560 
 17  583 
 17  588 
 17  557 
 17  585 
 17  555 
 17  576 
 17  590 
 17  617 
 17  569 
 17  568 
 17  582 
 17  584 
 17  532 
 17  575 
 17  593 
 17  598 
 17  591 
 17  586 
 17  577 
 17  562 
 17  586 
 17  600 
 17  545 
 17  611 
 17  560 
 17  598 
 17  593 
 17  578 
 17  566 
 17  552 
 17  575 
 17  603 
 17  610 
 17  582 
 17  589 
 17  628 
 17  561 
 17  551 
 17  592 
 17  577 
 17  603 
 17  602 
 17  563 
 17  556 
 17  601 
 17  577 
 17  595 
 17  621 
 17  598 
 17  535 
 17  563 
 17  552 
 17  596 
 17  590 
 17  573 
 17  593 
 17  592 
 17  620 
 17  569 
 17  557 
 17  620 
 17  605 
 17  615 
 17  597 
 17  593 
 17  540 
 17  589 
 17  532 
 17  596 
 17  619 
 17  574 
 17  559 
 17  579 
 17  576 
 17  597 
 17  598 
 17  579 
 17  599 
 17  580 
 17  599 
 17  579 
 17  609 
 17  583 
 17  565 
 17  579 
 17  598 
 17  597 
 17  550 
 17  566 
 17  594 
 17  565 
 17  605 
 17  573 
 17  624 
 17  568 
 17  640 
 17  582 
 17  525 
 17  597 
 17  590 
 17  596 
 17  560 
 17  603 
 17  586 
 17  567 
 17  560 
 17  569 
 17  566 
 17  622 
 17  576 
 17  582 
 17  581 
 17  524 
 17  599 
 17  591 
 17  592 
 17  607 
 17  572 
 17  601 
 17  587 
 17  562 
 17  617 
 17  590 
 17  571 
 17  562 
 17  587 
 17  601 
 17  578 
 17  582 
 17  595 
 17  574 
 17  590 
 17  609 
 17  598 
 17  595 
 17  606 
 17  625 
 17  583 
 17  582 
 17  591 
 17  595 
 17  557 
 17  601 
 17  577 
 17  578 
 17  585 
 17  608 
 17  619 
 17  591 
 17  609 
 17  560 
 17  574 
 17  549 
 17  574 
 17  584 
 17  587 
 17  573 
 17  630 
 17  567 
 17  572 
 17  605 
 17  577 
 17  578 
 17  623 
 17  537 
 17  603 
 17  603 
 17  587 
 17  593 
 17  603 
 17  627 
 17  594 
 17  613 
 17  617 
 17  538 
 17  577 
 17  571 
 17  521 
 17  555 
 17  593 
 17  576 
 17  579 
 17  596 
 17  574 
 17  566 
 17  586 
 17  574 
 17  587 
 17  649 
 17  564 
 17  603 
 17  573 
 17  595 
 17  584 
 17  568 
 17  567 
 17  564 
 17  563 
 17  541 
 17  536 
 17  596 
 17  634 
 17  569 
 17  560 
 17  566 
 17  558 
 17  615 
 17  558 
 17  571 
 17  578 
 17  576 
 17  552 
 17  575 
 17  590 
 17  583 
 17  596 
 17  575 
 17  584 
 17  588 
 17  615 
 17  605 
 17  554 
 17  601 
 17  567 
 17  620 
 17  575 
 17  575 
 17  619 
 17  619 
 17  572 
 17  591 
 17  576 
 17  561 
 17  560 
 17  597 
 17  559 
 17  610 
 17  609 
 17  583 
 17  557 
 17  601 
 17  585 
 17  581 
 17  566 
 17  562 
 17  604 
 17  607 
 17  606 
 17  623 
 17  563 
 17  545 
 17  606 
 17  616 
 17  550 
 17  580 
 17  612 
 17  560 
 17  562 
 17  550 
 17  593 
 17  554 
 17  624 
 17  590 
 17  594 
 17  575 
 17  541 
 17  563 
 17  579 
 17  557 
 17  589 
 17  562 
 17  596 
 17  595 
 17  588 
 17  596 
 17  610 
 17  591 
 17  566 
 17  585 
 17  613 
 17  576 
 17  605 
 17  570 
 17  605 
 17  564 
 17  589 
 17  569 
 17  585 
 17  609 
 17  611 
 17  574 
 17  594 
 17  551 
 17  595 
 17  559 
 17  587 
 17  566 
 17  572 
 17  630 
 17  539 
 17  569 
 17  572 
 17  560 
 17  597 
 17  579 
 17  579 
 17  583 
 17  565 
 17  625 
 17  592 
 17  591 
 17  581 
 17  647 
 17  602 
 17  597 
 17  601 
 17  593 
 17  602 
 17  600 
 17  569 
 17  588 
 17  568 
 17  564 
 17  544 
 17  558 
 17  578 
 17  570 
 17  586 
 17  569 
 17  569 
 17  585 
 17  644 
 17  570 
 17  574 
 17  571 
 17  559 
 17  568 
 17  554 
 17  579 
 17  600 
 17  565 
 17  554 
 17  567 
 17  575 
 17  549 
 17  557 
 17  595 
 17  597 
 17  514 
 17  582 
 17  573 
 17  541 
 17  586 
 17  561 
 17  556 
 17  597 
 17  611 
 17  578 
 17  582 
 17  587 
 17  562 
 17  550 
 17  564 
 17  568 
 17  586 
 17  564 
 17  588 
 17  579 
 17  546 
 17  610 
 17  584 
 18  589 
 18  599 
 18  564 
 18  592 
 18  605 
 18  555 
 18  570 
 18  597 
 18  610 
 18  606 
 18  611 
 18  591 
 18  603 
 18  579 
 18  587 
 18  583 
 18  593 
 18  608 
 18  619 
 18  569 
 18  581 
 18  590 
 18  582 
 18  598 
 18  591 
 18  562 
 18  595 
 18  596 
 18  569 
 18  604 
 18  574 
 18  587 
 18  560 
 18  564 
 18  599 
 18  563 
 18  569 
 18  568 
 18  616 
 18  561 
 18  581 
 18  592 
 18  593 
 18  614 
 18  602 
 18  577 
 18  549 
 18  578 
 18  603 
 18  604 
 18  577 
 18  585 
 18  546 
 18  652 
 18  580 
 18  579 
 18  556 
 18  574 
 18  568 
 18  589 
 18  554 
 18  612 
 18  553 
 18  625 
 18  597 
 18  615 
 18  588 
 18  570 
 18  536 
 18  594 
 18  603 
 18  605 
 18  600 
 18  591 
 18  578 
 18  587 
 18  555 
 18  618 
 18  555 
 18  610 
 18  587 
 18  596 
 18  596 
 18  557 
 18  602 
 18  584 
 18  612 
 18  546 
 18  581 
 18  599 
 18  608 
 18  585 
 18  587 
 18  566 
 18  593 
 18  571 
 18  613 
 18  598 
 18  558 
 18  567 
 18  571 
 18  550 
 18  557 
 18  565 
 18  574 
 18  588 
 18  543 
 18  593 
 18  549 
 18  612 
 18  628 
 18  567 
 18  605 
 18  587 
 18  625 
 18  596 
 18  624 
 18  603 
 18  578 
 18  570 
 18  595 
 18  565 
 18  616 
 18  569 
 18  610 
 18  589 
 18  544 
 18  566 
 18  576 
 18  588 
 18  612 
 18  581 
 18  562 
 18  606 
 18  580 
 18  564 
 18  575 
 18  594 
 18  603 
 18  609 
 18  574 
 18  584 
 18  607 
 18  531 
 18  587 
 18  581 
 18  596 
 18  560 
 18  636 
 18  607 
 18  590 
 18  577 
 18  611 
 18  592 
 18  579 
 18  592 
 18  592 
 18  591 
 18  576 
 18  604 
 18  576 
 18  565 
 18  605 
 18  570 
 18  598 
 18  627 
 18  551 
 18  603 
 18  588 
 18  593 
 18  585 
 18  569 
 18  587 
 18  596 
 18  586 
 18  584 
 18  588 
 18  625 
 18  547 
 18  590 
 18  633 
 18  583 
 18  554 
 18  581 
 18  605 
 18  573 
 18  594 
 18  594 
 18  599 
 18  553 
 18  557 
 18  583 
 18  568 
 18  547 
 18  590 
 18  616 
 18  571 
 18  589 
 18  598 
 18  588 
 18  549 
 18  611 
 18  562 
 18  548 
 18  588 
 18  603 
 18  615 
 18  540 
 18  616 
 18  586 
 18  560 
 18  584 
 18  636 
 18  560 
 18  604 
 18  622 
 18  591 
 18  608 
 18  612 
 18  574 
 18  564 
 18  595 
 18  614 
 18  596 
 18  626 
 18  600 
 18  611 
 18  576 
 18  599 
 18  571 
 18  573 
 18  562 
 18  599 
 18  561 
 18  551 
 18  592 
 18  593 
 18  586 
 18  552 
 18  596 
 18  573 
 18  575 
 18  591 
 18  591 
 18  592 
 18  585 
 18  569 
 18  565 
 18  573 
 18  619 
 18  563 
 18  602 
 18  594 
 18  571 
 18  571 
 18  593 
 18  571 
 18  621 
 18  574 
 18  632 
 18  630 
 18  567 
 18  596 
 18  570 
 18  605 
 18  579 
 18  585 
 18  608 
 18  608 
 18  586 
 18  567 
 18  617 
 18  585 
 18  587 
 18  602 
 18  587 
 18  591 
 18  584 
 18  609 
 18  586 
 18  569 
 18  585 
 18  588 
 18  590 
 18  564 
 18  570 
 18  556 
 18  592 
 18  535 
 18  583 
 18  590 
 18  582 
 18  586 
 18  574 
 18  551 
 18  600 
 18  598 
 18  616 
 18  560 
 18  608 
 18  576 
 18  587 
 18  591 
 18  619 
 18  643 
 18  574 
 18  601 
 18  579 
 18  566 
 18  619 
 18  604 
 18  601 
 18  625 
 18  551 
 18  558 
 18  588 
 18  609 
 18  600 
 18  582 
 18  600 
 18  592 
 18  634 
 18  580 
 18  571 
 18  576 
 18  579 
 18  634 
 18  610 
 18  599 
 18  583 
 18  584 
 18  609 
 18  604 
 18  575 
 18  612 
 18  581 
 18  590 
 18  544 
 18  606 
 18  614 
 18  609 
 18  587 
 18  591 
 18  601 
 18  587 
 18  553 
 18  569 
 18  608 
 18  585 
 18  583 
 18  613 
 18  544 
 18  608 
 18  563 
 18  588 
 18  588 
 18  579 
 18  584 
 18  605 
 18  564 
 18  594 
 18  560 
 18  602 
 18  638 
 18  614 
 18  605 
 18  600 
 18  600 
 18  565 
 18  577 
 18  620 
 18  589 
 18  630 
 18  631 
 18  589 
 18  595 
 18  599 
 18  591 
 18  611 
 18  577 
 18  631 
 18  596 
 18  574 
 18  597 
 18  568 
 18  550 
 18  561 
 18  605 
 18  584 
 18  553 
 18  583 
 18  562 
 18  584 
 18  554 
 18  577 
 18  590 
 18  633 
 18  567 
 18  584 
 18  586 
 18  593 
 18  594 
 18  606 
 18  592 
 18  574 
 18  569 
 18  581 
 18  598 
 18  597 
 18  581 
 18  596 
 18  591 
 18  583 
 18  596 
 18  612 
 18  624 
 18  578 
 18  583 
 18  573 
 18  582 
 18  637 
 18  566 
 18  599 
 18  577 
 18  564 
 18  577 
 18  595 
 18  568 
 18  579 
 18  575 
 18  570 
 18  572 
 18  576 
 18  583 
 18  596 
 18  547 
 18  579 
 18  598 
 18  553 
 18  596 
 18  621 
 18  590 
 18  602 
 18  572 
 18  577 
 18  556 
 18  569 
 18  584 
 18  609 
 18  594 
 18  591 
 18  602 
 18  581 
 18  594 
 18  576 
 18  629 
 18  590 
 18  591 
 18  603 
 18  592 
 18  601 
 18  556 
 18  587 
 18  563 
 18  613 
 18  564 
 18  572 
 18  561 
 18  548 
 18  580 
 18  587 
 18  601 
 18  601 
 18  610 
 18  638 
 18  594 
 18  585 
 18  588 
 18  568 
 18  565 
 18  610 
 18  594 
 18  587 
 18  570 
 18  608 
 18  591 
 18  591 
 18  617 
 18  583 
 18  606 
 18  588 
 18  630 
 18  604 
 18  595 
 18  580 
 18  595 
 18  602 
 18  612 
 18  570 
 18  571 
 18  593 
 18  591 
 18  589 
 18  600 
 18  604 
 18  559 
 18  625 
 18  596 
 18  630 
 18  583 
 18  560 
 18  585 
 18  585 
 18  591 
 18  601 
 18  635 
 18  599 
 18  578 
 18  596 
 18  561 
 18  609 
 18  619 
 18  570 
 18  569 
 18  581 
 18  599 
 18  596 
 18  574 
 18  578 
 18  588 
 18  577 
 18  616 
 18  569 
 18  598 
 18  598 
 18  641 
 18  559 
 18  608 
 18  547 
 18  565 
 18  613 
 18  575 
 18  616 
 18  600 
 18  598 
 18  578 
 18  602 
 18  634 
 18  590 
 18  575 
 18  564 
 18  588 
 18  589 
 18  561 
 18  569 
 18  601 
 18  596 
 18  560 
 18  618 
 18  579 
 18  629 
 18  595 
 18  585 
 18  607 
 18  587 
 18  563 
 18  605 
 18  624 
 18  603 
 18  544 
 18  634 
 18  592 
 18  625 
 18  595 
 18  587 
 18  600 
 18  604 
 18  601 
 18  558 
 18  582 
 18  617 
 18  586 
 18  616 
 18  620 
 18  608 
 18  624 
 18  575 
 18  602 
 18  602 
 18  577 
 18  572 
 18  586 
 18  576 
 18  583 
 18  579 
 18  592 
 18  569 
 18  595 
 18  571 
 18  584 
 18  575 
 18  571 
 18  595 
 18  570 
 18  588 
 18  581 
 18  599 
 18  597 
 18  604 
 18  542 
 18  595 
 18  611 
 18  605 
 18  558 
 18  623 
 18  581 
 18  585 
 18  592 
 18  602 
 18  592 
 18  581 
 18  635 
 18  583 
 18  549 
 18  614 
 18  618 
 18  569 
 18  588 
 18  578 
 18  584 
 18  630 
 18  569 
 18  584 
 18  562 
 18  536 
 18  584 
 18  588 
 18  593 
 18  574 
 18  569 
 18  604 
 18  592 
 18  599 
 18  606 
 18  605 
 18  594 
 18  547 
 18  584 
 18  570 
 18  573 
 18  579 
 18  564 
 18  614 
 18  611 
 18  604 
 18  579 
 18  594 
 18  570 
 18  556 
 18  605 
 18  575 
 18  610 
 18  609 
 18  577 
 18  594 
 18  576 
 18  541 
 18  556 
 18  587 
 18  605 
 18  574 
 18  577 
 18  575 
 18  568 
 18  608 
 18  591 
 18  584 
 18  597 
 18  579 
 18  572 
 18  584 
 18  602 
 18  581 
 18  594 
 18  536 
 18  575 
 18  627 
 18  577 
 18  615 
 18  619 
 18  616 
 18  586 
 18  612 
 18  597 
 18  584 
 18  568 
 18  555 
 18  595 
 18  552 
 18  599 
 18  569 
 18  605 
 18  576 
 18  593 
 18  605 
 18  601 
 18  621 
 18  575 
 18  611 
 18  562 
 18  586 
 18  619 
 18  596 
 18  616 
 18  608 
 18  578 
 18  573 
 18  562 
 18  591 
 18  631 
 18  600 
 18  582 
 18  615 
 18  592 
 18  575 
 18  592 
 18  576 
 18  544 
 18  601 
 18  575 
 18  563 
 18  599 
 18  598 
 18  566 
 18  570 
 18  564 
 18  574 
 18  566 
 18  572 
 18  591 
 18  584 
 18  577 
 18  561 
 18  614 
 18  586 
 18  628 
 18  603 
 18  634 
 18  583 
 18  552 
 18  568 
 18  614 
 18  606 
 18  579 
 18  608 
 18  581 
 18  550 
 18  592 
 18  573 
 18  590 
 18  604 
 18  567 
 18  583 
 18  540 
 18  577 
 18  569 
 18  591 
 18  586 
 18  572 
 18  584 
 18  581 
 18  611 
 18  598 
 18  597 
 18  591 
 18  587 
 18  638 
 18  594 
 18  568 
 18  608 
 18  619 
 18  585 
 18  585 
 18  591 
 18  579 
 18  564 
 18  553 
 18  590 
 18  609 
 18  533 
 18  592 
 18  604 
 18  566 
 18  554 
 18  612 
 18  583 
 18  598 
 18  588 
 18  568 
 18  581 
 18  598 
 18  520 
 18  581 
 18  583 
 18  550 
 18  612 
 18  580 
 18  547 
 18  602 
 18  562 
 18  576 
 18  545 
 18  600 
 18  557 
 18  611 
 18  574 
 18  574 
 18  613 
 18  573 
 18  616 
 18  596 
 18  558 
 18  624 
 18  581 
 18  618 
 18  596 
 18  588 
 18  578 
 18  573 
 18  543 
 18  610 
 18  543 
 18  598 
 18  587 
 18  568 
 18  593 
 18  586 
 18  610 
 18  582 
 18  603 
 18  618 
 18  579 
 18  604 
 18  569 
 18  570 
 18  615 
 18  616 
 18  581 
 18  556 
 18  588 
 18  601 
 18  544 
 18  569 
 18  578 
 18  578 
 18  612 
 18  566 
 18  648 
 18  577 
 18  588 
 18  592 
 18  592 
 18  569 
 18  561 
 18  632 
 18  584 
 18  574 
 18  571 
 18  585 
 18  594 
 18  572 
 18  569 
 18  641 
 18  639 
 18  589 
 18  569 
 18  583 
 18  557 
 18  583 
 18  589 
 18  598 
 18  601 
 18  600 
 18  559 
 18  593 
 18  614 
 18  610 
 18  569 
 18  609 
 18  592 
 18  570 
 18  616 
 18  592 
 18  568 
 18  585 
 18  603 
 18  608 
 18  592 
 18  584 
 18  634 
 18  572 
 18  571 
 18  603 
 18  601 
 18  576 
 18  616 
 18  611 
 18  570 
 18  566 
 18  566 
 18  577 
 18  577 
 18  563 
 18  635 
 18  601 
 18  586 
 18  590 
 18  590 
 18  611 
 18  579 
 18  592 
 18  578 
 18  574 
 18  560 
 18  595 
 18  588 
 18  596 
 18  592 
 18  565 
 18  554 
 18  580 
 18  546 
 18  563 
 18  595 
 18  612 
 18  612 
 18  566 
 18  569 
 18  597 
 18  622 
 18  580 
 18  598 
 18  595 
 18  554 
 18  618 
 18  543 
 18  619 
 18  559 
 18  563 
 18  600 
 18  574 
 18  554 
 18  596 
 18  580 
 18  644 
 18  593 
 18  564 
 18  533 
 18  566 
 18  570 
 18  581 
 18  610 
 18  604 
 18  566 
 18  581 
 18  568 
 18  586 
 18  610 
 18  571 
 18  554 
 18  597 
 18  557 
 18  578 
 18  573 
 18  562 
 18  606 
 18  585 
 18  573 
 18  559 
 18  546 
 18  659 
 18  579 
 18  604 
 18  620 
 18  570 
 18  609 
 18  566 
 18  573 
 18  580 
 18  524 
 18  556 
 18  568 
 18  575 
 18  618 
 18  583 
 18  594 
 18  582 
 18  592 
 18  587 
 18  598 
 19  604 
 19  590 
 19  586 
 19  586 
 19  563 
 19  602 
 19  561 
 19  589 
 19  572 
 19  631 
 19  596 
 19  622 
 19  582 
 19  567 
 19  600 
 19  603 
 19  603 
 19  593 
 19  623 
 19  596 
 19  597 
 19  573 
 19  607 
 19  626 
 19  596 
 19  576 
 19  598 
 19  608 
 19  626 
 19  598 
 19  600 
 19  618 
 19  578 
 19  603 
 19  613 
 19  595 
 19  620 
 19  574 
 19  589 
 19  624 
 19  585 
 19  598 
 19  575 
 19  603 
 19  593 
 19  604 
 19  565 
 19  619 
 19  601 
 19  614 
 19  560 
 19  615 
 19  599 
 19  580 
 19  623 
 19  599 
 19  591 
 19  592 
 19  605 
 19  571 
 19  609 
 19  601 
 19  592 
 19  622 
 19  623 
 19  602 
 19  579 
 19  566 
 19  618 
 19  577 
 19  580 
 19  608 
 19  622 
 19  609 
 19  617 
 19  605 
 19  613 
 19  595 
 19  588 
 19  596 
 19  605 
 19  593 
 19  588 
 19  636 
 19  586 
 19  611 
 19  605 
 19  570 
 19  590 
 19  596 
 19  577 
 19  600 
 19  639 
 19  592 
 19  658 
 19  612 
 19  571 
 19  601 
 19  588 
 19  578 
 19  589 
 19  597 
 19  592 
 19  585 
 19  572 
 19  578 
 19  552 
 19  612 
 19  632 
 19  582 
 19  599 
 19  605 
 19  603 
 19  605 
 19  618 
 19  585 
 19  595 
 19  631 
 19  562 
 19  594 
 19  625 
 19  596 
 19  586 
 19  586 
 19  573 
 19  597 
 19  583 
 19  593 
 19  630 
 19  560 
 19  577 
 19  571 
 19  604 
 19  598 
 19  598 
 19  585 
 19  585 
 19  605 
 19  586 
 19  562 
 19  591 
 19  589 
 19  555 
 19  591 
 19  602 
 19  617 
 19  548 
 19  540 
 19  563 
 19  578 
 19  570 
 19  588 
 19  596 
 19  598 
 19  626 
 19  571 
 19  606 
 19  611 
 19  575 
 19  612 
 19  589 
 19  619 
 19  623 
 19  583 
 19  568 
 19  622 
 19  576 
 19  580 
 19  602 
 19  593 
 19  596 
 19  585 
 19  587 
 19  613 
 19  602 
 19  596 
 19  563 
 19  592 
 19  590 
 19  595 
 19  611 
 19  585 
 19  602 
 19  623 
 19  577 
 19  590 
 19  594 
 19  563 
 19  581 
 19  583 
 19  620 
 19  619 
 19  571 
 19  597 
 19  584 
 19  604 
 19  611 
 19  589 
 19  608 
 19  581 
 19  557 
 19  581 
 19  616 
 19  605 
 19  573 
 19  605 
 19  601 
 19  568 
 19  593 
 19  606 
 19  657 
 19  588 
 19  562 
 19  585 
 19  618 
 19  625 
 19  578 
 19  598 
 19  592 
 19  620 
 19  592 
 19  620 
 19  591 
 19  605 
 19  612 
 19  625 
 19  596 
 19  587 
 19  596 
 19  575 
 19  583 
 19  607 
 19  586 
 19  615 
 19  579 
 19  553 
 19  595 
 19  598 
 19  584 
 19  576 
 19  580 
 19  570 
 19  604 
 19  628 
 19  601 
 19  558 
 19  628 
 19  590 
 19  604 
 19  594 
 19  582 
 19  590 
 19  597 
 19  601 
 19  606 
 19  619 
 19  594 
 19  607 
 19  565 
 19  592 
 19  606 
 19  583 
 19  574 
 19  564 
 19  589 
 19  658 
 19  572 
 19  583 
 19  598 
 19  598 
 19  586 
 19  600 
 19  577 
 19  609 
 19  591 
 19  619 
 19  586 
 19  578 
 19  582 
 19  583 
 19  583 
 19  578 
 19  588 
 19  576 
 19  617 
 19  627 
 19  582 
 19  583 
 19  595 
 19  583 
 19  645 
 19  602 
 19  624 
 19  669 
 19  603 
 19  594 
 19  604 
 19  587 
 19  597 
 19  587 
 19  616 
 19  586 
 19  589 
 19  587 
 19  609 
 19  633 
 19  592 
 19  585 
 19  555 
 19  596 
 19  576 
 19  594 
 19  632 
 19  591 
 19  581 
 19  599 
 19  594 
 19  589 
 19  617 
 19  618 
 19  570 
 19  581 
 19  619 
 19  608 
 19  587 
 19  615 
 19  644 
 19  586 
 19  576 
 19  588 
 19  585 
 19  576 
 19  617 
 19  618 
 19  614 
 19  581 
 19  570 
 19  603 
 19  631 
 19  586 
 19  594 
 19  628 
 19  601 
 19  605 
 19  601 
 19  597 
 19  584 
 19  581 
 19  597 
 19  588 
 19  580 
 19  613 
 19  586 
 19  596 
 19  598 
 19  603 
 19  599 
 19  602 
 19  570 
 19  583 
 19  598 
 19  580 
 19  594 
 19  644 
 19  596 
 19  585 
 19  602 
 19  600 
 19  587 
 19  604 
 19  585 
 19  603 
 19  610 
 19  617 
 19  586 
 19  571 
 19  602 
 19  631 
 19  587 
 19  576 
 19  595 
 19  568 
 19  596 
 19  638 
 19  624 
 19  590 
 19  593 
 19  601 
 19  571 
 19  596 
 19  589 
 19  589 
 19  602 
 19  566 
 19  580 
 19  580 
 19  594 
 19  575 
 19  622 
 19  603 
 19  593 
 19  605 
 19  645 
 19  619 
 19  578 
 19  589 
 19  609 
 19  592 
 19  587 
 19  589 
 19  598 
 19  577 
 19  595 
 19  594 
 19  563 
 19  575 
 19  566 
 19  587 
 19  591 
 19  586 
 19  582 
 19  583 
 19  578 
 19  601 
 19  570 
 19  597 
 19  588 
 19  607 
 19  574 
 19  597 
 19  576 
 19  590 
 19  586 
 19  551 
 19  610 
 19  586 
 19  607 
 19  620 
 19  629 
 19  617 
 19  604 
 19  578 
 19  638 
 19  585 
 19  571 
 19  565 
 19  575 
 19  584 
 19  620 
 19  601 
 19  606 
 19  626 
 19  583 
 19  602 
 19  635 
 19  595 
 19  581 
 19  600 
 19  597 
 19  616 
 19  570 
 19  571 
 19  616 
 19  534 
 19  578 
 19  592 
 19  582 
 19  578 
 19  585 
 19  577 
 19  566 
 19  603 
 19  591 
 19  580 
 19  571 
 19  600 
 19  621 
 19  601 
 19  600 
 19  647 
 19  629 
 19  571 
 19  576 
 19  589 
 19  604 
 19  604 
 19  536 
 19  557 
 19  579 
 19  613 
 19  598 
 19  580 
 19  603 
 19  584 
 19  606 
 19  617 
 19  561 
 19  633 
 19  600 
 19  581 
 19  595 
 19  587 
 19  612 
 19  571 
 19  600 
 19  619 
 19  633 
 19  619 
 19  624 
 19  595 
 19  586 
 19  565 
 19  577 
 19  591 
 19  563 
 19  610 
 19  582 
 19  623 
 19  582 
 19  595 
 19  618 
 19  600 
 19  600 
 19  580 
 19  577 
 19  592 
 19  611 
 19  620 
 19  580 
 19  580 
 19  609 
 19  594 
 19  641 
 19  603 
 19  581 
 19  568 
 19  592 
 19  582 
 19  597 
 19  596 
 19  607 
 19  606 
 19  562 
 19  622 
 19  609 
 19  573 
 19  609 
 19  573 
 19  600 
 19  589 
 19  568 
 19  622 
 19  611 
 19  614 
 19  622 
 19  608 
 19  594 
 19  581 
 19  580 
 19  593 
 19  611 
 19  607 
 19  571 
 19  554 
 19  586 
 19  648 
 19  576 
 19  589 
 19  587 
 19  632 
 19  596 
 19  596 
 19  590 
 19  572 
 19  644 
 19  607 
 19  589 
 19  610 
 19  572 
 19  597 
 19  605 
 19  586 
 19  613 
 19  576 
 19  579 
 19  606 
 19  594 
 19  576 
 19  567 
 19  596 
 19  620 
 19  620 
 19  580 
 19  584 
 19  617 
 19  641 
 19  557 
 19  615 
 19  619 
 19  596 
 19  585 
 19  589 
 19  615 
 19  585 
 19  580 
 19  595 
 19  605 
 19  609 
 19  588 
 19  582 
 19  597 
 19  598 
 19  572 
 19  607 
 19  575 
 19  614 
 19  583 
 19  599 
 19  595 
 19  635 
 19  612 
 19  589 
 19  630 
 19  620 
 19  618 
 19  612 
 19  581 
 19  609 
 19  626 
 19  572 
 19  624 
 19  634 
 19  618 
 19  597 
 19  573 
 19  580 
 19  624 
 19  592 
 19  626 
 19  601 
 19  622 
 19  602 
 19  585 
 19  589 
 19  607 
 19  627 
 19  565 
 19  623 
 19  601 
 19  590 
 19  583 
 19  621 
 19  582 
 19  535 
 19  566 
 19  599 
 19  608 
 19  576 
 19  626 
 19  562 
 19  599 
 19  586 
 19  613 
 19  582 
 19  626 
 19  600 
 19  565 
 19  585 
 19  626 
 19  619 
 19  645 
 19  585 
 19  612 
 19  552 
 19  583 
 19  621 
 19  623 
 19  587 
 19  575 
 19  599 
 19  578 
 19  594 
 19  565 
 19  626 
 19  630 
 19  581 
 19  601 
 19  590 
 19  573 
 19  615 
 19  627 
 19  600 
 19  543 
 19  618 
 19  584 
 19  551 
 19  595 
 19  596 
 19  604 
 19  602 
 19  583 
 19  594 
 19  597 
 19  581 
 19  565 
 19  622 
 19  590 
 19  590 
 19  586 
 19  623 
 19  611 
 19  600 
 19  577 
 19  611 
 19  563 
 19  566 
 19  616 
 19  607 
 19  614 
 19  591 
 19  587 
 19  583 
 19  601 
 19  606 
 19  587 
 19  548 
 19  567 
 19  594 
 19  576 
 19  594 
 19  557 
 19  575 
 19  588 
 19  581 
 19  598 
 19  605 
 19  597 
 19  609 
 19  572 
 19  589 
 19  639 
 19  556 
 19  583 
 19  595 
 19  595 
 19  611 
 19  587 
 19  591 
 19  629 
 19  582 
 19  621 
 19  611 
 19  557 
 19  586 
 19  602 
 19  581 
 19  638 
 19  592 
 19  559 
 19  593 
 19  612 
 19  577 
 19  604 
 19  588 
 19  589 
 19  556 
 19  582 
 19  611 
 19  591 
 19  592 
 19  573 
 19  639 
 19  582 
 19  579 
 19  569 
 19  590 
 19  590 
 19  600 
 19  616 
 19  590 
 19  581 
 19  607 
 19  592 
 19  571 
 19  624 
 19  606 
 19  582 
 19  607 
 19  564 
 19  614 
 19  587 
 19  618 
 19  588 
 19  561 
 19  545 
 19  595 
 19  591 
 19  585 
 19  568 
 19  567 
 19  568 
 19  602 
 19  622 
 19  594 
 19  578 
 19  576 
 19  582 
 19  600 
 19  609 
 19  585 
 19  599 
 19  650 
 19  573 
 19  592 
 19  578 
 19  595 
 19  587 
 19  620 
 19  620 
 19  555 
 19  588 
 19  610 
 19  585 
 19  563 
 19  581 
 19  623 
 19  602 
 19  578 
 19  581 
 19  607 
 19  604 
 19  603 
 19  579 
 19  590 
 19  579 
 19  628 
 19  594 
 19  578 
 19  607 
 19  595 
 19  594 
 19  588 
 19  599 
 19  572 
 19  570 
 19  614 
 19  624 
 19  598 
 19  636 
 19  607 
 19  563 
 19  583 
 19  605 
 19  618 
 19  630 
 19  589 
 19  600 
 19  604 
 19  577 
 19  608 
 19  566 
 19  581 
 19  582 
 19  624 
 19  594 
 19  568 
 19  599 
 19  641 
 19  604 
 19  591 
 19  621 
 19  621 
 19  616 
 19  592 
 19  599 
 19  581 
 19  596 
 19  596 
 19  619 
 19  583 
 19  625 
 19  593 
 19  605 
 19  595 
 19  609 
 19  598 
 19  605 
 19  590 
 19  585 
 19  621 
 19  607 
 19  572 
 19  587 
 19  590 
 19  612 
 19  589 
 19  605 
 19  627 
 19  590 
 19  567 
 19  559 
 19  582 
 19  564 
 19  614 
 19  596 
 19  595 
 19  594 
 19  590 
 19  601 
 19  605 
 19  581 
 19  573 
 19  603 
 19  575 
 19  578 
 19  629 
 19  565 
 19  589 
 19  614 
 19  570 
 19  586 
 19  586 
 19  586 
 19  597 
 19  607 
 19  601 
 19  576 
 19  597 
 19  593 
 19  615 
 19  599 
 19  590 
 19  581 
 19  578 
 19  624 
 19  596 
 19  570 
 19  581 
 19  582 
 19  567 
 19  588 
 19  616 
 19  628 
 19  620 
 19  592 
 19  608 
 19  632 
 19  561 
 19  608 
 19  570 
 19  583 
 19  582 
 19  591 
 19  568 
 19  607 
 19  630 
 19  579 
 19  589 
 19  604 
 19  653 
 19  601 
 19  609 
 19  590 
 19  615 
 19  601 
 19  609 
 19  574 
 19  583 
 19  612 
 19  622 
 19  601 
 19  617 
 19  581 
 19  621 
 19  560 
 19  572 
 19  597 
 19  540 
 19  589 
 19  578 
 19  562 
 19  610 
 19  625 
 19  560 
 19  592 
 19  633 
 19  606 
 19  630 
 19  600 
 19  641 
 19  561 
 19  617 
 19  592 
 19  618 
 19  572 
 19  615 
 19  606 
 19  557 
 19  626 
 19  613 
 20  578 
 20  619 
 20  606 
 20  618 
 20  593 
 20  623 
 20  602 
 20  637 
 20  630 
 20  627 
 20  578 
 20  574 
 20  607 
 20  596 
 20  605 
 20  618 
 20  628 
 20  595 
 20  605 
 20  618 
 20  575 
 20  590 
 20  630 
 20  601 
 20  653 
 20  592 
 20  592 
 20  567 
 20  581 
 20  601 
 20  585 
 20  572 
 20  608 
 20  581 
 20  594 
 20  597 
 20  559 
 20  586 
 20  614 
 20  615 
 20  577 
 20  615 
 20  625 
 20  621 
 20  654 
 20  578 
 20  618 
 20  591 
 20  586 
 20  608 
 20  573 
 20  566 
 20  607 
 20  619 
 20  609 
 20  619 
 20  577 
 20  619 
 20  585 
 20  581 
 20  646 
 20  601 
 20  606 
 20  580 
 20  626 
 20  595 
 20  612 
 20  573 
 20  593 
 20  599 
 20  592 
 20  643 
 20  610 
 20  597 
 20  589 
 20  617 
 20  601 
 20  620 
 20  633 
 20  570 
 20  607 
 20  610 
 20  605 
 20  595 
 20  600 
 20  593 
 20  620 
 20  617 
 20  590 
 20  601 
 20  618 
 20  623 
 20  626 
 20  566 
 20  582 
 20  571 
 20  614 
 20  593 
 20  572 
 20  603 
 20  623 
 20  618 
 20  603 
 20  600 
 20  610 
 20  578 
 20  624 
 20  563 
 20  564 
 20  607 
 20  660 
 20  637 
 20  602 
 20  614 
 20  582 
 20  563 
 20  579 
 20  613 
 20  572 
 20  617 
 20  568 
 20  567 
 20  603 
 20  601 
 20  643 
 20  603 
 20  598 
 20  552 
 20  607 
 20  614 
 20  603 
 20  608 
 20  587 
 20  610 
 20  585 
 20  645 
 20  586 
 20  570 
 20  600 
 20  575 
 20  610 
 20  594 
 20  612 
 20  587 
 20  603 
 20  608 
 20  594 
 20  585 
 20  605 
 20  595 
 20  600 
 20  593 
 20  575 
 20  593 
 20  573 
 20  655 
 20  585 
 20  594 
 20  579 
 20  597 
 20  586 
 20  613 
 20  599 
 20  625 
 20  628 
 20  644 
 20  598 
 20  579 
 20  655 
 20  599 
 20  633 
 20  624 
 20  612 
 20  605 
 20  612 
 20  606 
 20  580 
 20  586 
 20  624 
 20  575 
 20  641 
 20  576 
 20  618 
 20  583 
 20  554 
 20  609 
 20  599 
 20  612 
 20  589 
 20  617 
 20  576 
 20  613 
 20  602 
 20  581 
 20  593 
 20  601 
 20  624 
 20  643 
 20  568 
 20  576 
 20  610 
 20  582 
 20  641 
 20  586 
 20  578 
 20  610 
 20  643 
 20  600 
 20  591 
 20  619 
 20  614 
 20  586 
 20  625 
 20  608 
 20  601 
 20  568 
 20  645 
 20  628 
 20  630 
 20  624 
 20  584 
 20  616 
 20  606 
 20  625 
 20  560 
 20  632 
 20  617 
 20  578 
 20  607 
 20  598 
 20  634 
 20  584 
 20  604 
 20  654 
 20  593 
 20  577 
 20  604 
 20  599 
 20  581 
 20  615 
 20  592 
 20  621 
 20  587 
 20  623 
 20  604 
 20  614 
 20  593 
 20  612 
 20  588 
 20  615 
 20  589 
 20  604 
 20  630 
 20  577 
 20  642 
 20  638 
 20  594 
 20  595 
 20  599 
 20  625 
 20  607 
 20  593 
 20  549 
 20  616 
 20  616 
 20  578 
 20  610 
 20  608 
 20  600 
 20  593 
 20  604 
 20  601 
 20  590 
 20  587 
 20  629 
 20  562 
 20  601 
 20  594 
 20  565 
 20  598 
 20  591 
 20  578 
 20  598 
 20  640 
 20  613 
 20  619 
 20  571 
 20  618 
 20  580 
 20  657 
 20  597 
 20  600 
 20  579 
 20  632 
 20  617 
 20  576 
 20  584 
 20  578 
 20  594 
 20  599 
 20  612 
 20  619 
 20  590 
 20  604 
 20  609 
 20  607 
 20  622 
 20  626 
 20  614 
 20  577 
 20  624 
 20  602 
 20  596 
 20  625 
 20  603 
 20  583 
 20  630 
 20  594 
 20  587 
 20  563 
 20  598 
 20  613 
 20  593 
 20  599 
 20  616 
 20  604 
 20  605 
 20  606 
 20  592 
 20  625 
 20  610 
 20  587 
 20  569 
 20  584 
 20  587 
 20  618 
 20  619 
 20  568 
 20  590 
 20  565 
 20  602 
 20  617 
 20  619 
 20  583 
 20  575 
 20  605 
 20  646 
 20  597 
 20  599 
 20  565 
 20  585 
 20  614 
 20  583 
 20  642 
 20  592 
 20  585 
 20  562 
 20  594 
 20  568 
 20  580 
 20  570 
 20  589 
 20  599 
 20  642 
 20  571 
 20  609 
 20  588 
 20  631 
 20  619 
 20  624 
 20  617 
 20  577 
 20  593 
 20  600 
 20  629 
 20  597 
 20  572 
 20  622 
 20  598 
 20  617 
 20  619 
 20  563 
 20  576 
 20  601 
 20  569 
 20  602 
 20  585 
 20  580 
 20  623 
 20  596 
 20  612 
 20  603 
 20  605 
 20  604 
 20  630 
 20  575 
 20  624 
 20  588 
 20  586 
 20  578 
 20  611 
 20  612 
 20  613 
 20  644 
 20  602 
 20  633 
 20  594 
 20  595 
 20  625 
 20  607 
 20  611 
 20  597 
 20  620 
 20  576 
 20  595 
 20  576 
 20  581 
 20  669 
 20  576 
 20  590 
 20  623 
 20  580 
 20  623 
 20  586 
 20  609 
 20  581 
 20  601 
 20  604 
 20  633 
 20  628 
 20  623 
 20  602 
 20  611 
 20  620 
 20  571 
 20  582 
 20  575 
 20  611 
 20  602 
 20  602 
 20  620 
 20  609 
 20  661 
 20  591 
 20  597 
 20  584 
 20  603 
 20  584 
 20  606 
 20  613 
 20  612 
 20  640 
 20  631 
 20  572 
 20  597 
 20  616 
 20  620 
 20  605 
 20  598 
 20  584 
 20  595 
 20  606 
 20  604 
 20  604 
 20  623 
 20  634 
 20  586 
 20  579 
 20  612 
 20  606 
 20  600 
 20  600 
 20  597 
 20  599 
 20  626 
 20  574 
 20  611 
 20  570 
 20  612 
 20  598 
 20  586 
 20  619 
 20  599 
 20  599 
 20  631 
 20  586 
 20  604 
 20  530 
 20  587 
 20  622 
 20  572 
 20  605 
 20  578 
 20  579 
 20  609 
 20  592 
 20  608 
 20  580 
 20  588 
 20  586 
 20  619 
 20  624 
 20  606 
 20  634 
 20  616 
 20  614 
 20  600 
 20  615 
 20  561 
 20  598 
 20  605 
 20  593 
 20  577 
 20  609 
 20  583 
 20  614 
 20  575 
 20  563 
 20  612 
 20  635 
 20  608 
 20  589 
 20  650 
 20  588 
 20  585 
 20  565 
 20  593 
 20  595 
 20  618 
 20  602 
 20  632 
 20  591 
 20  613 
 20  585 
 20  613 
 20  570 
 20  579 
 20  598 
 20  637 
 20  595 
 20  625 
 20  601 
 20  611 
 20  615 
 20  625 
 20  588 
 20  621 
 20  599 
 20  608 
 20  602 
 20  592 
 20  614 
 20  596 
 20  619 
 20  610 
 20  572 
 20  607 
 20  650 
 20  602 
 20  623 
 20  641 
 20  593 
 20  649 
 20  593 
 20  594 
 20  575 
 20  599 
 20  604 
 20  572 
 20  600 
 20  551 
 20  600 
 20  617 
 20  607 
 20  583 
 20  629 
 20  586 
 20  616 
 20  597 
 20  592 
 20  591 
 20  592 
 20  573 
 20  619 
 20  588 
 20  606 
 20  592 
 20  610 
 20  598 
 20  588 
 20  639 
 20  622 
 20  639 
 20  601 
 20  597 
 20  601 
 20  611 
 20  603 
 20  628 
 20  622 
 20  590 
 20  588 
 20  637 
 20  618 
 20  613 
 20  627 
 20  589 
 20  629 
 20  581 
 20  614 
 20  577 
 20  598 
 20  583 
 20  607 
 20  583 
 20  606 
 20  606 
 20  592 
 20  620 
 20  568 
 20  599 
 20  601 
 20  597 
 20  604 
 20  573 
 20  592 
 20  579 
 20  565 
 20  604 
 20  602 
 20  611 
 20  619 
 20  609 
 20  621 
 20  587 
 20  609 
 20  584 
 20  604 
 20  618 
 20  579 
 20  618 
 20  577 
 20  588 
 20  596 
 20  604 
 20  578 
 20  592 
 20  606 
 20  613 
 20  599 
 20  585 
 20  625 
 20  599 
 20  619 
 20  605 
 20  596 
 20  645 
 20  643 
 20  629 
 20  569 
 20  598 
 20  578 
 20  634 
 20  623 
 20  614 
 20  636 
 20  605 
 20  593 
 20  610 
 20  593 
 20  657 
 20  608 
 20  566 
 20  579 
 20  647 
 20  586 
 20  610 
 20  604 
 20  585 
 20  643 
 20  620 
 20  592 
 20  629 
 20  584 
 20  586 
 20  624 
 20  578 
 20  602 
 20  602 
 20  610 
 20  606 
 20  616 
 20  567 
 20  605 
 20  584 
 20  611 
 20  618 
 20  604 
 20  632 
 20  630 
 20  591 
 20  590 
 20  594 
 20  591 
 20  637 
 20  622 
 20  628 
 20  594 
 20  597 
 20  601 
 20  556 
 20  618 
 20  605 
 20  620 
 20  596 
 20  608 
 20  562 
 20  633 
 20  606 
 20  598 
 20  597 
 20  590 
 20  577 
 20  644 
 20  625 
 20  593 
 20  581 
 20  595 
 20  601 
 20  639 
 20  601 
 20  604 
 20  621 
 20  613 
 20  591 
 20  553 
 20  604 
 20  588 
 20  579 
 20  581 
 20  594 
 20  623 
 20  595 
 20  637 
 20  604 
 20  605 
 20  605 
 20  610 
 20  630 
 20  632 
 20  583 
 20  564 
 20  619 
 20  619 
 20  556 
 20  611 
 20  575 
 20  574 
 20  628 
 20  586 
 20  551 
 20  590 
 20  583 
 20  606 
 20  588 
 20  608 
 20  580 
 20  602 
 20  565 
 20  635 
 20  594 
 20  596 
 20  603 
 20  586 
 20  582 
 20  594 
 20  619 
 20  624 
 20  576 
 20  611 
 20  619 
 20  601 
 20  593 
 20  598 
 20  608 
 20  596 
 20  592 
 20  579 
 20  595 
 20  624 
 20  621 
 20  590 
 20  595 
 20  595 
 20  582 
 20  661 
 20  616 
 20  602 
 20  592 
 20  609 
 20  619 
 20  623 
 20  597 
 20  577 
 20  619 
 20  600 
 20  600 
 20  606 
 20  582 
 20  590 
 20  598 
 20  581 
 20  566 
 20  611 
 20  632 
 20  608 
 20  609 
 20  621 
 20  590 
 20  608 
 20  594 
 20  553 
 20  605 
 20  596 
 20  619 
 20  583 
 20  601 
 20  593 
 20  614 
 20  623 
 20  588 
 20  594 
 20  569 
 20  615 
 20  602 
 20  575 
 20  609 
 20  653 
 20  603 
 20  623 
 20  634 
 20  613 
 20  609 
 20  627 
 20  564 
 20  585 
 20  649 
 20  590 
 20  591 
 20  602 
 20  581 
 20  613 
 20  585 
 20  624 
 20  649 
 20  576 
 20  644 
 20  602 
 20  627 
 20  582 
 20  593 
 20  594 
 20  613 
 20  554 
 20  585 
 20  636 
 20  640 
 20  624 
 20  591 
 20  618 
 20  575 
 20  603 
 20  595 
 20  610 
 20  590 
 20  622 
 20  596 
 20  562 
 20  608 
 20  620 
 20  632 
 20  602 
 20  580 
 20  584 
 20  620 
 20  626 
 20  566 
 20  616 
 20  616 
 20  596 
 20  596 
 20  596 
 20  604 
 20  613 
 20  652 
 20  565 
 20  592 
 20  609 
 20  589 
 20  574 
 20  605 
 20  607 
 20  609 
 20  618 
 20  620 
 20  614 
 20  611 
 20  605 
 20  622 
 20  598 
 20  594 
 20  592 
 20  572 
 20  601 
 20  579 
 20  584 
 20  594 
 20  649 
 20  652 
 20  606 
 20  599 
 20  608 
 20  618 
 20  583 
 20  595 
 20  611 
 20  601 
 20  582 
 20  589 
 20  627 
 20  645 
 20  589 
 20  597 
 20  628 
 20  593 
 20  587 
 20  626 
 20  583 
 20  614 
 20  606 
 20  611 
 20  636 
 20  561 
 20  576 
 20  599 
 20  577 
 20  594 
 20  609 
 20  636 
 20  619 
 20  600 
 20  612 
 20  629 
 20  591 
 20  606 
 20  652 
 20  594 
 20  610 
 20  588 
 20  569 
 20  601 
 20  617 
 20  633 
 20  591 
 20  575 
 20  567 
 20  580 
 20  590 
 20  580 
 20  611 
 20  610 
 20  596 
 20  561 
 20  622 
 20  604 
 20  619 
 20  623 
 20  602 
 20  582 
 20  616 
 20  601 
 20  604 
 20  591 
 20  593 
 20  622 
 20  627 
 20  631 
 20  629 
 20  607 
 20  604 
 20  609 
 20  615 
 20  603 
 20  576 
 20  590 
 20  591 
 20  634 
 20  620 
 20  635 
 20  616 
 21  603 
 21  621 
 21  621 
 21  627 
 21  586 
 21  574 
 21  605 
 21  599 
 21  618 
 21  600 
 21  576 
 21  593 
 21  598 
 21  600 
 21  574 
 21  595 
 21  594 
 21  600 
 21  580 
 21  584 
 21  556 
 21  597 
 21  617 
 21  608 
 21  613 
 21  616 
 21  584 
 21  594 
 21  584 
 21  559 
 21  593 
 21  570 
 21  595 
 21  563 
 21  601 
 21  584 
 21  595 
 21  634 
 21  613 
 21  629 
 21  596 
 21  608 
 21  591 
 21  630 
 21  597 
 21  584 
 21  596 
 21  596 
 21  643 
 21  607 
 21  603 
 21  622 
 21  616 
 21  599 
 21  593 
 21  604 
 21  609 
 21  575 
 21  581 
 21  639 
 21  602 
 21  605 
 21  586 
 21  598 
 21  601 
 21  587 
 21  597 
 21  586 
 21  598 
 21  587 
 21  632 
 21  614 
 21  646 
 21  603 
 21  618 
 21  601 
 21  611 
 21  628 
 21  585 
 21  595 
 21  581 
 21  590 
 21  591 
 21  618 
 21  609 
 21  568 
 21  589 
 21  622 
 21  624 
 21  608 
 21  607 
 21  601 
 21  575 
 21  617 
 21  605 
 21  592 
 21  607 
 21  617 
 21  633 
 21  630 
 21  604 
 21  614 
 21  595 
 21  605 
 21  577 
 21  624 
 21  596 
 21  638 
 21  616 
 21  624 
 21  651 
 21  622 
 21  593 
 21  568 
 21  579 
 21  582 
 21  591 
 21  614 
 21  592 
 21  570 
 21  588 
 21  579 
 21  627 
 21  605 
 21  633 
 21  563 
 21  605 
 21  642 
 21  592 
 21  612 
 21  581 
 21  589 
 21  577 
 21  603 
 21  610 
 21  633 
 21  595 
 21  639 
 21  607 
 21  623 
 21  586 
 21  589 
 21  607 
 21  592 
 21  608 
 21  588 
 21  659 
 21  616 
 21  614 
 21  585 
 21  610 
 21  594 
 21  574 
 21  609 
 21  615 
 21  642 
 21  614 
 21  600 
 21  610 
 21  562 
 21  612 
 21  636 
 21  607 
 21  616 
 21  615 
 21  614 
 21  562 
 21  573 
 21  610 
 21  554 
 21  602 
 21  592 
 21  610 
 21  625 
 21  625 
 21  583 
 21  589 
 21  609 
 21  615 
 21  614 
 21  598 
 21  608 
 21  618 
 21  607 
 21  583 
 21  597 
 21  590 
 21  602 
 21  665 
 21  621 
 21  602 
 21  566 
 21  615 
 21  626 
 21  568 
 21  603 
 21  603 
 21  593 
 21  595 
 21  598 
 21  612 
 21  593 
 21  622 
 21  611 
 21  620 
 21  638 
 21  618 
 21  632 
 21  623 
 21  600 
 21  605 
 21  635 
 21  611 
 21  592 
 21  605 
 21  633 
 21  596 
 21  630 
 21  559 
 21  629 
 21  608 
 21  591 
 21  615 
 21  614 
 21  626 
 21  600 
 21  579 
 21  594 
 21  579 
 21  597 
 21  588 
 21  592 
 21  600 
 21  632 
 21  572 
 21  603 
 21  628 
 21  584 
 21  632 
 21  609 
 21  600 
 21  593 
 21  600 
 21  584 
 21  639 
 21  625 
 21  597 
 21  588 
 21  588 
 21  597 
 21  572 
 21  584 
 21  587 
 21  598 
 21  586 
 21  644 
 21  608 
 21  583 
 21  615 
 21  611 
 21  619 
 21  617 
 21  588 
 21  656 
 21  600 
 21  589 
 21  634 
 21  597 
 21  577 
 21  625 
 21  552 
 21  571 
 21  614 
 21  610 
 21  607 
 21  587 
 21  590 
 21  602 
 21  599 
 21  616 
 21  635 
 21  645 
 21  627 
 21  604 
 21  602 
 21  604 
 21  610 
 21  594 
 21  593 
 21  618 
 21  621 
 21  592 
 21  619 
 21  604 
 21  617 
 21  586 
 21  618 
 21  607 
 21  607 
 21  634 
 21  577 
 21  604 
 21  647 
 21  587 
 21  614 
 21  613 
 21  582 
 21  567 
 21  595 
 21  571 
 21  603 
 21  627 
 21  632 
 21  611 
 21  598 
 21  595 
 21  585 
 21  612 
 21  605 
 21  613 
 21  620 
 21  589 
 21  563 
 21  628 
 21  612 
 21  636 
 21  608 
 21  622 
 21  580 
 21  612 
 21  631 
 21  591 
 21  557 
 21  617 
 21  582 
 21  630 
 21  655 
 21  589 
 21  646 
 21  595 
 21  597 
 21  617 
 21  597 
 21  620 
 21  586 
 21  626 
 21  621 
 21  604 
 21  618 
 21  573 
 21  572 
 21  651 
 21  613 
 21  612 
 21  563 
 21  615 
 21  617 
 21  612 
 21  616 
 21  644 
 21  605 
 21  644 
 21  612 
 21  632 
 21  587 
 21  615 
 21  610 
 21  607 
 21  575 
 21  587 
 21  585 
 21  612 
 21  612 
 21  619 
 21  595 
 21  639 
 21  570 
 21  588 
 21  574 
 21  587 
 21  619 
 21  581 
 21  615 
 21  629 
 21  594 
 21  589 
 21  643 
 21  626 
 21  616 
 21  628 
 21  594 
 21  643 
 21  596 
 21  639 
 21  598 
 21  602 
 21  576 
 21  645 
 21  631 
 21  589 
 21  602 
 21  578 
 21  577 
 21  576 
 21  613 
 21  624 
 21  581 
 21  614 
 21  593 
 21  640 
 21  581 
 21  593 
 21  621 
 21  613 
 21  612 
 21  609 
 21  607 
 21  598 
 21  644 
 21  653 
 21  589 
 21  618 
 21  596 
 21  611 
 21  614 
 21  579 
 21  613 
 21  548 
 21  641 
 21  610 
 21  608 
 21  621 
 21  629 
 21  557 
 21  602 
 21  566 
 21  562 
 21  611 
 21  619 
 21  613 
 21  595 
 21  582 
 21  593 
 21  600 
 21  637 
 21  593 
 21  622 
 21  657 
 21  595 
 21  599 
 21  631 
 21  625 
 21  618 
 21  607 
 21  589 
 21  567 
 21  598 
 21  610 
 21  612 
 21  596 
 21  657 
 21  614 
 21  640 
 21  591 
 21  608 
 21  605 
 21  596 
 21  600 
 21  613 
 21  593 
 21  603 
 21  594 
 21  616 
 21  596 
 21  617 
 21  614 
 21  594 
 21  599 
 21  606 
 21  615 
 21  636 
 21  603 
 21  599 
 21  595 
 21  640 
 21  577 
 21  643 
 21  584 
 21  602 
 21  604 
 21  605 
 21  566 
 21  658 
 21  611 
 21  613 
 21  635 
 21  577 
 21  620 
 21  581 
 21  620 
 21  606 
 21  602 
 21  605 
 21  584 
 21  572 
 21  588 
 21  588 
 21  621 
 21  589 
 21  645 
 21  593 
 21  613 
 21  617 
 21  586 
 21  633 
 21  652 
 21  603 
 21  633 
 21  572 
 21  601 
 21  592 
 21  608 
 21  598 
 21  632 
 21  556 
 21  586 
 21  606 
 21  628 
 21  588 
 21  603 
 21  611 
 21  629 
 21  573 
 21  615 
 21  619 
 21  628 
 21  597 
 21  558 
 21  591 
 21  628 
 21  578 
 21  574 
 21  592 
 21  597 
 21  566 
 21  580 
 21  598 
 21  560 
 21  604 
 21  573 
 21  612 
 21  566 
 21  581 
 21  585 
 21  628 
 21  600 
 21  564 
 21  641 
 21  602 
 21  598 
 21  608 
 21  627 
 21  651 
 21  556 
 21  594 
 21  630 
 21  616 
 21  601 
 21  583 
 21  613 
 21  626 
 21  618 
 21  581 
 21  618 
 21  607 
 21  628 
 21  635 
 21  638 
 21  587 
 21  644 
 21  591 
 21  573 
 21  595 
 21  621 
 21  594 
 21  611 
 21  602 
 21  591 
 21  611 
 21  612 
 21  566 
 21  577 
 21  618 
 21  645 
 21  604 
 21  650 
 21  591 
 21  601 
 21  614 
 21  592 
 21  643 
 21  576 
 21  601 
 21  579 
 21  569 
 21  602 
 21  574 
 21  626 
 21  601 
 21  585 
 21  584 
 21  619 
 21  605 
 21  620 
 21  626 
 21  603 
 21  596 
 21  634 
 21  592 
 21  586 
 21  612 
 21  582 
 21  606 
 21  619 
 21  604 
 21  631 
 21  618 
 21  581 
 21  584 
 21  605 
 21  601 
 21  622 
 21  591 
 21  567 
 21  607 
 21  584 
 21  569 
 21  592 
 21  603 
 21  587 
 21  646 
 21  616 
 21  569 
 21  595 
 21  633 
 21  636 
 21  620 
 21  607 
 21  605 
 21  619 
 21  569 
 21  603 
 21  589 
 21  579 
 21  602 
 21  592 
 21  623 
 21  588 
 21  605 
 21  598 
 21  603 
 21  602 
 21  596 
 21  591 
 21  574 
 21  605 
 21  589 
 21  614 
 21  585 
 21  619 
 21  610 
 21  626 
 21  577 
 21  652 
 21  609 
 21  618 
 21  613 
 21  628 
 21  588 
 21  595 
 21  629 
 21  643 
 21  565 
 21  609 
 21  632 
 21  588 
 21  615 
 21  625 
 21  584 
 21  600 
 21  599 
 21  587 
 21  672 
 21  584 
 21  622 
 21  593 
 21  632 
 21  596 
 21  585 
 21  594 
 21  592 
 21  645 
 21  609 
 21  605 
 21  609 
 21  620 
 21  607 
 21  582 
 21  587 
 21  604 
 21  623 
 21  597 
 21  581 
 21  615 
 21  599 
 21  615 
 21  610 
 21  603 
 21  625 
 21  627 
 21  587 
 21  627 
 21  621 
 21  591 
 21  631 
 21  642 
 21  618 
 21  584 
 21  591 
 21  549 
 21  630 
 21  599 
 21  583 
 21  577 
 21  623 
 21  570 
 21  612 
 21  556 
 21  581 
 21  584 
 21  634 
 21  638 
 21  616 
 21  640 
 21  640 
 21  592 
 21  591 
 21  592 
 21  605 
 21  615 
 21  598 
 21  657 
 21  613 
 21  548 
 21  607 
 21  627 
 21  569 
 21  620 
 21  613 
 21  592 
 21  598 
 21  598 
 21  598 
 21  574 
 21  613 
 21  600 
 21  575 
 21  588 
 21  616 
 21  575 
 21  579 
 21  594 
 21  613 
 21  645 
 21  631 
 21  590 
 21  577 
 21  608 
 21  608 
 21  593 
 21  610 
 21  597 
 21  589 
 21  606 
 21  577 
 21  615 
 21  568 
 21  574 
 21  578 
 21  602 
 21  617 
 21  613 
 21  597 
 21  630 
 21  616 
 21  603 
 21  646 
 21  580 
 21  618 
 21  599 
 21  639 
 21  624 
 21  600 
 21  565 
 21  571 
 21  597 
 21  610 
 21  653 
 21  590 
 21  595 
 21  572 
 21  640 
 21  589 
 21  624 
 21  589 
 21  622 
 21  590 
 21  622 
 21  574 
 21  578 
 21  632 
 21  628 
 21  635 
 21  580 
 21  637 
 21  591 
 21  601 
 21  594 
 21  627 
 21  615 
 21  611 
 21  582 
 21  592 
 21  612 
 21  601 
 21  589 
 21  611 
 21  623 
 21  623 
 21  604 
 21  607 
 21  595 
 21  628 
 21  614 
 21  592 
 21  585 
 21  617 
 21  572 
 21  580 
 21  569 
 21  571 
 21  633 
 21  631 
 21  616 
 21  575 
 21  594 
 21  579 
 21  602 
 21  612 
 21  624 
 21  606 
 21  628 
 21  595 
 21  595 
 21  642 
 21  604 
 21  591 
 21  656 
 21  608 
 21  628 
 21  598 
 21  589 
 21  607 
 21  583 
 21  621 
 21  590 
 21  610 
 21  579 
 21  636 
 21  577 
 21  592 
 21  591 
 21  610 
 21  613 
 21  616 
 21  615 
 21  627 
 21  603 
 21  634 
 21  592 
 21  616 
 21  611 
 21  573 
 21  615 
 21  553 
 21  600 
 21  610 
 21  618 
 21  636 
 21  595 
 21  595 
 21  622 
 21  572 
 21  611 
 21  606 
 21  600 
 21  594 
 21  603 
 21  636 
 21  654 
 21  611 
 21  619 
 21  591 
 21  636 
 21  614 
 21  618 
 21  637 
 21  611 
 21  600 
 21  602 
 21  624 
 21  627 
 21  629 
 21  623 
 21  586 
 21  592 
 21  583 
 21  655 
 21  621 
 21  566 
 21  612 
 21  597 
 21  631 
 21  587 
 21  605 
 21  590 
 21  574 
 21  607 
 21  603 
 21  653 
 21  603 
 21  598 
 21  600 
 21  597 
 21  615 
 21  578 
 21  587 
 21  624 
 21  633 
 21  594 
 21  585 
 21  623 
 21  674 
 21  651 
 21  608 
 21  638 
 21  597 
 21  576 
 21  569 
 21  608 
 21  634 
 21  617 
 21  585 
 21  598 
 21  594 
 21  601 
 21  588 
 21  646 
 21  615 
 21  595 
 21  603 
 21  641 
 21  577 
 21  599 
 21  613 
 21  621 
 21  577 
 21  553 
 21  607 
 21  593 
 21  596 
 21  636 
 21  619 
 21  639 
 21  589 
 21  559 
 21  603 
 21  607 
 21  604 
 21  616 
 21  619 
 21  646 
 21  580 
 21  594 
 21  605 
 21  572 
 21  601 
 21  582 
 21  590 
 21  652 
 22  595 
 22  626 
 22  563 
 22  617 
 22  597 
 22  611 
 22  545 
 22  615 
 22  605 
 22  610 
 22  629 
 22  627 
 22  608 
 22  607 
 22  597 
 22  608 
 22  636 
 22  598 
 22  611 
 22  618 
 22  654 
 22  624 
 22  653 
 22  587 
 22  593 
 22  614 
 22  585 
 22  609 
 22  600 
 22  590 
 22  602 
 22  587 
 22  625 
 22  624 
 22  630 
 22  618 
 22  621 
 22  598 
 22  622 
 22  596 
 22  603 
 22  598 
 22  628 
 22  612 
 22  614 
 22  578 
 22  603 
 22  622 
 22  612 
 22  635 
 22  604 
 22  643 
 22  607 
 22  630 
 22  582 
 22  621 
 22  590 
 22  601 
 22  618 
 22  570 
 22  591 
 22  586 
 22  604 
 22  629 
 22  626 
 22  590 
 22  629 
 22  609 
 22  590 
 22  600 
 22  582 
 22  604 
 22  627 
 22  604 
 22  599 
 22  608 
 22  601 
 22  604 
 22  611 
 22  606 
 22  590 
 22  575 
 22  596 
 22  616 
 22  621 
 22  600 
 22  629 
 22  616 
 22  578 
 22  624 
 22  594 
 22  585 
 22  614 
 22  630 
 22  591 
 22  627 
 22  577 
 22  590 
 22  627 
 22  621 
 22  641 
 22  599 
 22  630 
 22  644 
 22  618 
 22  652 
 22  600 
 22  621 
 22  617 
 22  616 
 22  664 
 22  565 
 22  659 
 22  620 
 22  586 
 22  593 
 22  624 
 22  609 
 22  602 
 22  632 
 22  599 
 22  630 
 22  579 
 22  634 
 22  607 
 22  585 
 22  626 
 22  617 
 22  591 
 22  616 
 22  574 
 22  594 
 22  605 
 22  633 
 22  601 
 22  588 
 22  606 
 22  610 
 22  574 
 22  617 
 22  593 
 22  626 
 22  618 
 22  629 
 22  609 
 22  604 
 22  585 
 22  628 
 22  618 
 22  600 
 22  594 
 22  636 
 22  626 
 22  615 
 22  599 
 22  609 
 22  576 
 22  602 
 22  591 
 22  608 
 22  613 
 22  574 
 22  621 
 22  603 
 22  618 
 22  621 
 22  626 
 22  617 
 22  600 
 22  635 
 22  612 
 22  594 
 22  588 
 22  622 
 22  634 
 22  582 
 22  588 
 22  604 
 22  601 
 22  627 
 22  616 
 22  594 
 22  607 
 22  590 
 22  589 
 22  612 
 22  621 
 22  618 
 22  612 
 22  608 
 22  593 
 22  596 
 22  607 
 22  613 
 22  578 
 22  621 
 22  590 
 22  598 
 22  604 
 22  604 
 22  597 
 22  594 
 22  604 
 22  625 
 22  647 
 22  614 
 22  603 
 22  615 
 22  579 
 22  619 
 22  600 
 22  658 
 22  602 
 22  595 
 22  615 
 22  598 
 22  612 
 22  604 
 22  635 
 22  628 
 22  581 
 22  632 
 22  595 
 22  581 
 22  576 
 22  589 
 22  616 
 22  585 
 22  639 
 22  609 
 22  626 
 22  610 
 22  600 
 22  607 
 22  628 
 22  599 
 22  617 
 22  608 
 22  605 
 22  601 
 22  605 
 22  631 
 22  622 
 22  638 
 22  606 
 22  600 
 22  601 
 22  619 
 22  594 
 22  606 
 22  618 
 22  583 
 22  662 
 22  611 
 22  635 
 22  604 
 22  586 
 22  598 
 22  604 
 22  596 
 22  566 
 22  584 
 22  611 
 22  649 
 22  616 
 22  612 
 22  618 
 22  592 
 22  592 
 22  578 
 22  583 
 22  625 
 22  601 
 22  644 
 22  562 
 22  569 
 22  600 
 22  584 
 22  605 
 22  618 
 22  653 
 22  604 
 22  586 
 22  594 
 22  660 
 22  628 
 22  606 
 22  603 
 22  600 
 22  605 
 22  630 
 22  604 
 22  603 
 22  583 
 22  587 
 22  608 
 22  588 
 22  572 
 22  573 
 22  645 
 22  613 
 22  633 
 22  617 
 22  620 
 22  586 
 22  578 
 22  621 
 22  618 
 22  590 
 22  619 
 22  621 
 22  652 
 22  616 
 22  618 
 22  634 
 22  584 
 22  617 
 22  613 
 22  623 
 22  599 
 22  590 
 22  623 
 22  586 
 22  588 
 22  598 
 22  600 
 22  643 
 22  613 
 22  603 
 22  608 
 22  598 
 22  574 
 22  618 
 22  608 
 22  661 
 22  577 
 22  555 
 22  637 
 22  598 
 22  623 
 22  635 
 22  635 
 22  605 
 22  611 
 22  625 
 22  640 
 22  602 
 22  642 
 22  604 
 22  635 
 22  635 
 22  592 
 22  590 
 22  635 
 22  604 
 22  616 
 22  568 
 22  639 
 22  636 
 22  653 
 22  646 
 22  597 
 22  598 
 22  641 
 22  592 
 22  626 
 22  603 
 22  600 
 22  595 
 22  561 
 22  599 
 22  646 
 22  636 
 22  608 
 22  601 
 22  625 
 22  627 
 22  593 
 22  595 
 22  625 
 22  611 
 22  606 
 22  598 
 22  641 
 22  600 
 22  612 
 22  616 
 22  609 
 22  612 
 22  620 
 22  598 
 22  601 
 22  588 
 22  594 
 22  639 
 22  623 
 22  633 
 22  605 
 22  619 
 22  628 
 22  604 
 22  605 
 22  633 
 22  593 
 22  624 
 22  613 
 22  609 
 22  628 
 22  611 
 22  634 
 22  621 
 22  618 
 22  647 
 22  642 
 22  665 
 22  589 
 22  663 
 22  631 
 22  583 
 22  598 
 22  562 
 22  579 
 22  630 
 22  585 
 22  615 
 22  642 
 22  635 
 22  618 
 22  583 
 22  627 
 22  634 
 22  639 
 22  630 
 22  571 
 22  592 
 22  611 
 22  581 
 22  614 
 22  587 
 22  574 
 22  604 
 22  638 
 22  583 
 22  611 
 22  591 
 22  620 
 22  606 
 22  574 
 22  605 
 22  586 
 22  576 
 22  621 
 22  610 
 22  593 
 22  600 
 22  618 
 22  623 
 22  614 
 22  588 
 22  598 
 22  622 
 22  626 
 22  622 
 22  617 
 22  610 
 22  621 
 22  557 
 22  611 
 22  622 
 22  567 
 22  621 
 22  617 
 22  575 
 22  594 
 22  658 
 22  605 
 22  585 
 22  616 
 22  579 
 22  617 
 22  598 
 22  614 
 22  599 
 22  618 
 22  604 
 22  611 
 22  610 
 22  627 
 22  587 
 22  562 
 22  614 
 22  614 
 22  656 
 22  609 
 22  605 
 22  616 
 22  617 
 22  626 
 22  621 
 22  596 
 22  611 
 22  602 
 22  608 
 22  607 
 22  618 
 22  583 
 22  588 
 22  574 
 22  592 
 22  623 
 22  601 
 22  576 
 22  612 
 22  611 
 22  605 
 22  624 
 22  629 
 22  621 
 22  609 
 22  594 
 22  599 
 22  609 
 22  577 
 22  652 
 22  620 
 22  567 
 22  602 
 22  579 
 22  628 
 22  580 
 22  644 
 22  610 
 22  600 
 22  620 
 22  621 
 22  613 
 22  639 
 22  608 
 22  601 
 22  620 
 22  591 
 22  628 
 22  625 
 22  563 
 22  617 
 22  609 
 22  607 
 22  620 
 22  580 
 22  602 
 22  600 
 22  602 
 22  621 
 22  597 
 22  619 
 22  582 
 22  613 
 22  593 
 22  612 
 22  610 
 22  585 
 22  628 
 22  619 
 22  624 
 22  597 
 22  587 
 22  595 
 22  601 
 22  592 
 22  571 
 22  587 
 22  599 
 22  610 
 22  584 
 22  608 
 22  615 
 22  588 
 22  577 
 22  576 
 22  592 
 22  570 
 22  598 
 22  601 
 22  606 
 22  620 
 22  577 
 22  597 
 22  631 
 22  587 
 22  568 
 22  638 
 22  628 
 22  605 
 22  618 
 22  604 
 22  570 
 22  601 
 22  586 
 22  597 
 22  590 
 22  587 
 22  606 
 22  627 
 22  628 
 22  642 
 22  584 
 22  641 
 22  635 
 22  609 
 22  625 
 22  619 
 22  624 
 22  617 
 22  593 
 22  654 
 22  621 
 22  564 
 22  610 
 22  585 
 22  589 
 22  601 
 22  612 
 22  622 
 22  616 
 22  607 
 22  588 
 22  610 
 22  592 
 22  601 
 22  608 
 22  621 
 22  639 
 22  597 
 22  612 
 22  625 
 22  618 
 22  569 
 22  644 
 22  576 
 22  592 
 22  608 
 22  598 
 22  630 
 22  580 
 22  597 
 22  606 
 22  596 
 22  625 
 22  635 
 22  601 
 22  591 
 22  619 
 22  610 
 22  635 
 22  607 
 22  625 
 22  633 
 22  627 
 22  569 
 22  644 
 22  634 
 22  615 
 22  605 
 22  617 
 22  578 
 22  619 
 22  637 
 22  618 
 22  623 
 22  638 
 22  587 
 22  629 
 22  596 
 22  614 
 22  567 
 22  642 
 22  603 
 22  635 
 22  596 
 22  602 
 22  622 
 22  617 
 22  598 
 22  599 
 22  593 
 22  610 
 22  632 
 22  604 
 22  623 
 22  610 
 22  589 
 22  617 
 22  641 
 22  617 
 22  612 
 22  635 
 22  619 
 22  635 
 22  618 
 22  634 
 22  594 
 22  617 
 22  614 
 22  641 
 22  613 
 22  612 
 22  635 
 22  615 
 22  616 
 22  631 
 22  592 
 22  595 
 22  615 
 22  605 
 22  607 
 22  650 
 22  588 
 22  579 
 22  581 
 22  607 
 22  603 
 22  599 
 22  614 
 22  604 
 22  621 
 22  602 
 22  636 
 22  584 
 22  590 
 22  637 
 22  606 
 22  651 
 22  609 
 22  641 
 22  592 
 22  610 
 22  634 
 22  646 
 22  609 
 22  614 
 22  582 
 22  621 
 22  618 
 22  579 
 22  598 
 22  608 
 22  594 
 22  659 
 22  600 
 22  589 
 22  650 
 22  615 
 22  589 
 22  614 
 22  660 
 22  606 
 22  631 
 22  624 
 22  615 
 22  614 
 22  630 
 22  639 
 22  617 
 22  614 
 22  632 
 22  628 
 22  591 
 22  607 
 22  626 
 22  628 
 22  622 
 22  585 
 22  605 
 22  615 
 22  593 
 22  623 
 22  625 
 22  597 
 22  620 
 22  577 
 22  622 
 22  614 
 22  622 
 22  647 
 22  592 
 22  587 
 22  636 
 22  627 
 22  607 
 22  607 
 22  599 
 22  579 
 22  588 
 22  626 
 22  654 
 22  596 
 22  595 
 22  635 
 22  570 
 22  625 
 22  597 
 22  644 
 22  617 
 22  613 
 22  606 
 22  609 
 22  616 
 22  611 
 22  609 
 22  599 
 22  603 
 22  599 
 22  574 
 22  597 
 22  644 
 22  619 
 22  614 
 22  631 
 22  591 
 22  626 
 22  622 
 22  654 
 22  630 
 22  612 
 22  591 
 22  598 
 22  626 
 22  593 
 22  588 
 22  583 
 22  609 
 22  663 
 22  595 
 22  628 
 22  622 
 22  608 
 22  613 
 22  602 
 22  577 
 22  611 
 22  627 
 22  597 
 22  625 
 22  608 
 22  596 
 22  626 
 22  645 
 22  611 
 22  601 
 22  617 
 22  578 
 22  608 
 22  588 
 22  618 
 22  615 
 22  573 
 22  601 
 22  586 
 22  589 
 22  609 
 22  594 
 22  617 
 22  606 
 22  592 
 22  625 
 22  626 
 22  608 
 22  595 
 22  595 
 22  659 
 22  582 
 22  625 
 22  641 
 22  603 
 22  618 
 22  591 
 22  602 
 22  597 
 22  590 
 22  623 
 22  605 
 22  611 
 22  623 
 22  631 
 22  554 
 22  584 
 22  619 
 22  631 
 22  613 
 22  585 
 22  616 
 22  616 
 22  617 
 22  654 
 22  606 
 22  613 
 22  577 
 22  627 
 22  650 
 22  597 
 22  607 
 22  616 
 22  622 
 22  610 
 22  629 
 22  638 
 22  620 
 22  612 
 22  606 
 22  598 
 22  611 
 22  622 
 22  648 
 22  610 
 22  618 
 22  626 
 22  610 
 22  604 
 22  592 
 22  605 
 22  592 
 22  621 
 22  646 
 22  613 
 22  610 
 22  608 
 22  605 
 22  621 
 22  594 
 22  633 
 22  628 
 22  599 
 22  589 
 22  623 
 22  613 
 22  606 
 22  619 
 22  616 
 22  601 
 22  630 
 22  583 
 22  622 
 22  582 
 22  634 
 22  613 
 22  620 
 22  613 
 22  603 
 22  614 
 22  649 
 22  627 
 22  602 
 22  628 
 22  616 
 22  599 
 22  642 
 22  595 
 22  590 
 22  651 
 22  608 
 22  577 
 22  633 
 22  587 
 22  586 
 22  635 
 22  601 
 22  623 
 22  578 
 22  617 
 22  605 
 22  613 
 22  606 
 22  651 
 22  621 
 22  607 
 22  637 
 22  626 
 22  611 
 22  626 
 22  562 
 22  619 
 22  622 
 22  615 
 22  594 
 22  636 
 22  618 
 22  594 
 22  625 
 22  591 
 22  623 
 22  634 
 22  610 
 22  609 
 22  613 
 22  644 
 22  616 
 22  587 
 22  579 
 22  591 
 22  600 
 23  607 
 23  609 
 23  620 
 23  608 
 23  604 
 23  629 
 23  641 
 23  638 
 23  619 
 23  606 
 23  589 
 23  612 
 23  588 
 23  596 
 23  619 
 23  627 
 23  629 
 23  618 
 23  609 
 23  631 
 23  676 
 23  584 
 23  614 
 23  633 
 23  609 
 23  635 
 23  589 
 23  617 
 23  593 
 23  582 
 23  643 
 23  554 
 23  660 
 23  610 
 23  638 
 23  638 
 23  591 
 23  598 
 23  635 
 23  656 
 23  620 
 23  620 
 23  651 
 23  610 
 23  641 
 23  597 
 23  582 
 23  592 
 23  628 
 23  609 
 23  618 
 23  635 
 23  649 
 23  619 
 23  601 
 23  617 
 23  668 
 23  642 
 23  635 
 23  632 
 23  618 
 23  619 
 23  635 
 23  628 
 23  640 
 23  622 
 23  608 
 23  643 
 23  596 
 23  604 
 23  626 
 23  671 
 23  622 
 23  621 
 23  634 
 23  638 
 23  605 
 23  620 
 23  585 
 23  619 
 23  610 
 23  611 
 23  629 
 23  635 
 23  632 
 23  609 
 23  599 
 23  618 
 23  644 
 23  581 
 23  630 
 23  657 
 23  630 
 23  624 
 23  634 
 23  652 
 23  638 
 23  574 
 23  608 
 23  613 
 23  608 
 23  615 
 23  618 
 23  630 
 23  629 
 23  621 
 23  663 
 23  605 
 23  623 
 23  613 
 23  622 
 23  638 
 23  584 
 23  637 
 23  606 
 23  607 
 23  603 
 23  620 
 23  652 
 23  618 
 23  620 
 23  598 
 23  600 
 23  587 
 23  601 
 23  631 
 23  610 
 23  626 
 23  617 
 23  636 
 23  611 
 23  633 
 23  605 
 23  630 
 23  626 
 23  611 
 23  633 
 23  647 
 23  578 
 23  627 
 23  656 
 23  663 
 23  640 
 23  636 
 23  644 
 23  631 
 23  632 
 23  618 
 23  617 
 23  621 
 23  597 
 23  618 
 23  598 
 23  601 
 23  643 
 23  631 
 23  642 
 23  604 
 23  632 
 23  610 
 23  601 
 23  614 
 23  641 
 23  636 
 23  593 
 23  611 
 23  637 
 23  666 
 23  594 
 23  627 
 23  616 
 23  614 
 23  600 
 23  616 
 23  599 
 23  630 
 23  597 
 23  570 
 23  620 
 23  681 
 23  636 
 23  595 
 23  649 
 23  613 
 23  602 
 23  634 
 23  621 
 23  630 
 23  619 
 23  607 
 23  572 
 23  660 
 23  594 
 23  615 
 23  614 
 23  603 
 23  583 
 23  601 
 23  590 
 23  584 
 23  589 
 23  610 
 23  652 
 23  620 
 23  615 
 23  598 
 23  594 
 23  626 
 23  625 
 23  593 
 23  625 
 23  627 
 23  598 
 23  578 
 23  619 
 23  613 
 23  626 
 23  625 
 23  623 
 23  633 
 23  594 
 23  636 
 23  623 
 23  632 
 23  582 
 23  603 
 23  603 
 23  621 
 23  612 
 23  638 
 23  645 
 23  632 
 23  628 
 23  614 
 23  634 
 23  638 
 23  619 
 23  638 
 23  625 
 23  627 
 23  620 
 23  634 
 23  610 
 23  629 
 23  605 
 23  603 
 23  600 
 23  601 
 23  640 
 23  615 
 23  623 
 23  616 
 23  599 
 23  661 
 23  608 
 23  598 
 23  634 
 23  647 
 23  633 
 23  621 
 23  636 
 23  616 
 23  633 
 23  639 
 23  634 
 23  602 
 23  588 
 23  621 
 23  615 
 23  629 
 23  627 
 23  601 
 23  601 
 23  643 
 23  629 
 23  626 
 23  625 
 23  635 
 23  609 
 23  644 
 23  641 
 23  623 
 23  626 
 23  625 
 23  583 
 23  597 
 23  626 
 23  628 
 23  641 
 23  618 
 23  634 
 23  607 
 23  653 
 23  604 
 23  644 
 23  628 
 23  605 
 23  627 
 23  620 
 23  614 
 23  620 
 23  620 
 23  607 
 23  593 
 23  639 
 23  654 
 23  615 
 23  627 
 23  607 
 23  630 
 23  642 
 23  652 
 23  644 
 23  611 
 23  592 
 23  632 
 23  641 
 23  627 
 23  598 
 23  609 
 23  607 
 23  576 
 23  623 
 23  618 
 23  605 
 23  602 
 23  606 
 23  626 
 23  631 
 23  646 
 23  637 
 23  647 
 23  598 
 23  640 
 23  614 
 23  598 
 23  646 
 23  649 
 23  622 
 23  618 
 23  621 
 23  621 
 23  626 
 23  602 
 23  603 
 23  634 
 23  630 
 23  594 
 23  591 
 23  606 
 23  612 
 23  658 
 23  616 
 23  675 
 23  609 
 23  642 
 23  648 
 23  589 
 23  599 
 23  611 
 23  607 
 23  647 
 23  635 
 23  604 
 23  614 
 23  615 
 23  591 
 23  593 
 23  624 
 23  628 
 23  613 
 23  630 
 23  630 
 23  603 
 23  628 
 23  616 
 23  632 
 23  608 
 23  624 
 23  625 
 23  625 
 23  627 
 23  631 
 23  618 
 23  608 
 23  603 
 23  610 
 23  606 
 23  634 
 23  631 
 23  613 
 23  628 
 23  590 
 23  620 
 23  604 
 23  656 
 23  631 
 23  640 
 23  621 
 23  615 
 23  611 
 23  618 
 23  618 
 23  625 
 23  633 
 23  617 
 23  591 
 23  629 
 23  639 
 23  636 
 23  584 
 23  628 
 23  626 
 23  603 
 23  605 
 23  611 
 23  654 
 23  640 
 23  586 
 23  590 
 23  590 
 23  629 
 23  608 
 23  610 
 23  629 
 23  659 
 23  656 
 23  595 
 23  613 
 23  640 
 23  625 
 23  633 
 23  623 
 23  611 
 23  585 
 23  620 
 23  627 
 23  593 
 23  608 
 23  620 
 23  566 
 23  590 
 23  620 
 23  598 
 23  590 
 23  629 
 23  632 
 23  597 
 23  623 
 23  613 
 23  639 
 23  615 
 23  601 
 23  591 
 23  630 
 23  611 
 23  624 
 23  631 
 23  607 
 23  609 
 23  597 
 23  592 
 23  615 
 23  606 
 23  618 
 23  627 
 23  610 
 23  608 
 23  608 
 23  628 
 23  631 
 23  635 
 23  612 
 23  625 
 23  630 
 23  625 
 23  617 
 23  623 
 23  645 
 23  602 
 23  612 
 23  598 
 23  625 
 23  580 
 23  639 
 23  617 
 23  598 
 23  594 
 23  617 
 23  625 
 23  631 
 23  576 
 23  634 
 23  610 
 23  614 
 23  660 
 23  602 
 23  634 
 23  655 
 23  627 
 23  630 
 23  624 
 23  614 
 23  585 
 23  605 
 23  621 
 23  640 
 23  638 
 23  618 
 23  630 
 23  649 
 23  656 
 23  607 
 23  636 
 23  631 
 23  666 
 23  626 
 23  637 
 23  630 
 23  634 
 23  627 
 23  607 
 23  592 
 23  603 
 23  651 
 23  633 
 23  601 
 23  636 
 23  613 
 23  613 
 23  591 
 23  601 
 23  610 
 23  632 
 23  582 
 23  611 
 23  625 
 23  603 
 23  637 
 23  609 
 23  612 
 23  624 
 23  636 
 23  628 
 23  660 
 23  628 
 23  622 
 23  622 
 23  610 
 23  617 
 23  610 
 23  592 
 23  609 
 23  625 
 23  625 
 23  642 
 23  613 
 23  608 
 23  604 
 23  643 
 23  588 
 23  646 
 23  641 
 23  614 
 23  610 
 23  630 
 23  593 
 23  613 
 23  630 
 23  620 
 23  642 
 23  606 
 23  584 
 23  596 
 23  631 
 23  580 
 23  581 
 23  618 
 23  604 
 23  617 
 23  617 
 23  609 
 23  594 
 23  624 
 23  626 
 23  581 
 23  656 
 23  610 
 23  633 
 23  605 
 23  649 
 23  649 
 23  600 
 23  630 
 23  609 
 23  621 
 23  639 
 23  610 
 23  610 
 23  679 
 23  605 
 23  640 
 23  642 
 23  623 
 23  606 
 23  650 
 23  603 
 23  630 
 23  632 
 23  591 
 23  598 
 23  608 
 23  645 
 23  629 
 23  612 
 23  575 
 23  586 
 23  649 
 23  628 
 23  579 
 23  630 
 23  604 
 23  627 
 23  628 
 23  631 
 23  632 
 23  614 
 23  628 
 23  630 
 23  622 
 23  592 
 23  664 
 23  625 
 23  629 
 23  610 
 23  645 
 23  648 
 23  646 
 23  629 
 23  623 
 23  621 
 23  608 
 23  627 
 23  638 
 23  676 
 23  635 
 23  631 
 23  668 
 23  630 
 23  621 
 23  612 
 23  583 
 23  624 
 23  668 
 23  642 
 23  602 
 23  633 
 23  635 
 23  636 
 23  580 
 23  577 
 23  611 
 23  639 
 23  589 
 23  633 
 23  643 
 23  604 
 23  608 
 23  614 
 23  605 
 23  595 
 23  595 
 23  630 
 23  628 
 23  590 
 23  639 
 23  595 
 23  621 
 23  625 
 23  644 
 23  608 
 23  639 
 23  641 
 23  607 
 23  594 
 23  635 
 23  616 
 23  626 
 23  618 
 23  604 
 23  600 
 23  601 
 23  625 
 23  637 
 23  612 
 23  604 
 23  606 
 23  617 
 23  619 
 23  655 
 23  636 
 23  629 
 23  579 
 23  615 
 23  645 
 23  621 
 23  616 
 23  600 
 23  635 
 23  620 
 23  594 
 23  654 
 23  642 
 23  631 
 23  647 
 23  604 
 23  619 
 23  606 
 23  600 
 23  654 
 23  596 
 23  618 
 23  612 
 23  617 
 23  590 
 23  625 
 23  614 
 23  622 
 23  610 
 23  639 
 23  630 
 23  619 
 23  618 
 23  632 
 23  635 
 23  609 
 23  639 
 23  638 
 23  604 
 23  618 
 23  635 
 23  581 
 23  616 
 23  620 
 23  634 
 23  596 
 23  639 
 23  601 
 23  647 
 23  599 
 23  617 
 23  646 
 23  630 
 23  609 
 23  624 
 23  628 
 23  640 
 23  596 
 23  617 
 23  607 
 23  631 
 23  587 
 23  612 
 23  606 
 23  636 
 23  632 
 23  595 
 23  604 
 23  624 
 23  645 
 23  616 
 23  620 
 23  594 
 23  599 
 23  609 
 23  653 
 23  648 
 23  639 
 23  654 
 23  599 
 23  626 
 23  595 
 23  629 
 23  653 
 23  632 
 23  619 
 23  640 
 23  615 
 23  639 
 23  616 
 23  595 
 23  602 
 23  623 
 23  608 
 23  638 
 23  623 
 23  625 
 23  634 
 23  616 
 23  608 
 23  625 
 23  594 
 23  611 
 23  617 
 23  639 
 23  609 
 23  642 
 23  655 
 23  599 
 23  605 
 23  645 
 23  617 
 23  650 
 23  627 
 23  587 
 23  643 
 23  639 
 23  619 
 23  636 
 23  614 
 23  612 
 23  605 
 23  621 
 23  609 
 23  640 
 23  635 
 23  631 
 23  624 
 23  591 
 23  627 
 23  640 
 23  684 
 23  633 
 23  620 
 23  628 
 23  649 
 23  607 
 23  626 
 23  617 
 23  627 
 23  625 
 23  628 
 23  624 
 23  603 
 23  595 
 23  622 
 23  636 
 23  634 
 23  581 
 23  632 
 23  609 
 23  628 
 23  625 
 23  630 
 23  650 
 23  641 
 23  635 
 23  626 
 23  594 
 23  641 
 23  586 
 23  589 
 23  660 
 23  623 
 23  621 
 23  593 
 23  593 
 23  610 
 23  639 
 23  601 
 23  614 
 23  610 
 23  615 
 23  633 
 23  620 
 23  610 
 23  605 
 23  626 
 23  625 
 23  595 
 23  614 
 23  602 
 23  610 
 23  642 
 23  611 
 23  609 
 23  604 
 23  614 
 23  596 
 23  611 
 23  634 
 23  657 
 23  645 
 23  588 
 23  616 
 23  607 
 23  581 
 23  606 
 23  628 
 23  630 
 23  627 
 23  605 
 23  599 
 23  603 
 23  597 
 23  601 
 23  568 
 23  627 
 23  666 
 23  616 
 23  645 
 23  623 
 23  604 
 23  595 
 23  568 
 23  625 
 23  604 
 23  606 
 23  641 
 23  640 
 23  648 
 23  630 
 23  628 
 23  600 
 23  633 
 23  591 
 23  602 
 23  630 
 23  607 
 23  619 
 23  596 
 23  623 
 23  586 
 23  574 
 23  652 
 23  641 
 23  611 
 23  649 
 23  618 
 23  588 
 23  634 
 23  630 
 23  644 
 23  595 
 23  631 
 23  631 
 23  646 
 23  620 
 23  616 
 23  653 
 23  607 
 23  614 
 23  606 
 23  600 
 23  629 
 23  595 
 23  639 
 23  613 
 23  629 
 23  640 
 23  648 
 23  625 
 23  661 
 23  644 
 23  677 
 23  599 
 23  623 
 23  621 
 23  619 
 23  632 
 23  626 
 23  607 
 23  609 
 23  618 
 23  633 
 23  617 
 23  613 
 23  642 
 23  621 
 23  613 
 23  610 
 23  611 
 23  639 
 23  584 
 23  614 
 23  614 
 23  601 
 23  623 
 23  623 
 23  655 
 23  642 
 23  642 
 23  605 
 23  618 
 23  582 
 23  632 
 23  621 
 23  590 
 23  576 
 23  584 
 24  587 
 24  640 
 24  640 
 24  608 
 24  618 
 24  637 
 24  601 
 24  618 
 24  593 
 24  628 
 24  629 
 24  632 
 24  593 
 24  606 
 24  636 
 24  640 
 24  615 
 24  638 
 24  614 
 24  616 
 24  631 
 24  610 
 24  635 
 24  605 
 24  604 
 24  601 
 24  607 
 24  625 
 24  612 
 24  633 
 24  620 
 24  597 
 24  605 
 24  635 
 24  579 
 24  632 
 24  592 
 24  632 
 24  631 
 24  621 
 24  612 
 24  625 
 24  601 
 24  623 
 24  637 
 24  624 
 24  635 
 24  635 
 24  633 
 24  603 
 24  633 
 24  587 
 24  648 
 24  619 
 24  626 
 24  602 
 24  616 
 24  637 
 24  608 
 24  567 
 24  668 
 24  622 
 24  635 
 24  593 
 24  636 
 24  651 
 24  599 
 24  630 
 24  633 
 24  624 
 24  615 
 24  642 
 24  597 
 24  628 
 24  609 
 24  641 
 24  619 
 24  626 
 24  602 
 24  604 
 24  627 
 24  625 
 24  628 
 24  618 
 24  628 
 24  620 
 24  625 
 24  608 
 24  614 
 24  623 
 24  628 
 24  629 
 24  637 
 24  671 
 24  584 
 24  635 
 24  615 
 24  615 
 24  647 
 24  613 
 24  609 
 24  620 
 24  596 
 24  634 
 24  646 
 24  616 
 24  644 
 24  639 
 24  608 
 24  647 
 24  620 
 24  644 
 24  619 
 24  645 
 24  604 
 24  618 
 24  613 
 24  670 
 24  618 
 24  651 
 24  648 
 24  631 
 24  629 
 24  620 
 24  630 
 24  608 
 24  604 
 24  649 
 24  616 
 24  607 
 24  604 
 24  632 
 24  624 
 24  623 
 24  650 
 24  627 
 24  600 
 24  660 
 24  628 
 24  625 
 24  601 
 24  609 
 24  616 
 24  632 
 24  636 
 24  625 
 24  653 
 24  603 
 24  594 
 24  632 
 24  623 
 24  660 
 24  611 
 24  641 
 24  600 
 24  637 
 24  596 
 24  624 
 24  605 
 24  608 
 24  627 
 24  632 
 24  632 
 24  615 
 24  627 
 24  622 
 24  637 
 24  629 
 24  628 
 24  623 
 24  642 
 24  582 
 24  619 
 24  611 
 24  630 
 24  614 
 24  617 
 24  615 
 24  640 
 24  624 
 24  598 
 24  619 
 24  618 
 24  622 
 24  604 
 24  658 
 24  640 
 24  642 
 24  617 
 24  626 
 24  609 
 24  615 
 24  609 
 24  655 
 24  659 
 24  640 
 24  677 
 24  605 
 24  626 
 24  622 
 24  624 
 24  606 
 24  624 
 24  614 
 24  624 
 24  593 
 24  609 
 24  630 
 24  628 
 24  585 
 24  585 
 24  640 
 24  650 
 24  622 
 24  622 
 24  616 
 24  660 
 24  641 
 24  660 
 24  632 
 24  641 
 24  605 
 24  611 
 24  622 
 24  618 
 24  592 
 24  654 
 24  598 
 24  644 
 24  594 
 24  619 
 24  611 
 24  617 
 24  636 
 24  614 
 24  652 
 24  620 
 24  589 
 24  597 
 24  618 
 24  647 
 24  629 
 24  621 
 24  623 
 24  607 
 24  610 
 24  601 
 24  645 
 24  624 
 24  635 
 24  621 
 24  647 
 24  643 
 24  633 
 24  616 
 24  606 
 24  627 
 24  611 
 24  637 
 24  636 
 24  620 
 24  635 
 24  662 
 24  617 
 24  634 
 24  631 
 24  675 
 24  626 
 24  596 
 24  591 
 24  602 
 24  626 
 24  608 
 24  605 
 24  648 
 24  643 
 24  615 
 24  610 
 24  616 
 24  614 
 24  596 
 24  630 
 24  663 
 24  606 
 24  624 
 24  641 
 24  621 
 24  618 
 24  647 
 24  621 
 24  594 
 24  621 
 24  612 
 24  648 
 24  660 
 24  622 
 24  606 
 24  618 
 24  612 
 24  621 
 24  626 
 24  645 
 24  589 
 24  638 
 24  610 
 24  595 
 24  621 
 24  623 
 24  610 
 24  617 
 24  608 
 24  641 
 24  623 
 24  627 
 24  628 
 24  639 
 24  639 
 24  572 
 24  610 
 24  625 
 24  622 
 24  605 
 24  616 
 24  605 
 24  625 
 24  601 
 24  593 
 24  636 
 24  612 
 24  635 
 24  615 
 24  616 
 24  626 
 24  642 
 24  599 
 24  612 
 24  639 
 24  636 
 24  669 
 24  619 
 24  641 
 24  612 
 24  641 
 24  638 
 24  603 
 24  599 
 24  630 
 24  636 
 24  614 
 24  645 
 24  613 
 24  595 
 24  615 
 24  603 
 24  629 
 24  603 
 24  623 
 24  586 
 24  584 
 24  607 
 24  626 
 24  637 
 24  629 
 24  638 
 24  646 
 24  624 
 24  604 
 24  639 
 24  610 
 24  646 
 24  621 
 24  596 
 24  659 
 24  646 
 24  639 
 24  619 
 24  611 
 24  622 
 24  644 
 24  629 
 24  641 
 24  632 
 24  623 
 24  598 
 24  617 
 24  646 
 24  611 
 24  611 
 24  666 
 24  623 
 24  634 
 24  592 
 24  626 
 24  607 
 24  635 
 24  652 
 24  615 
 24  608 
 24  601 
 24  618 
 24  621 
 24  593 
 24  639 
 24  605 
 24  633 
 24  561 
 24  623 
 24  629 
 24  584 
 24  594 
 24  681 
 24  591 
 24  646 
 24  610 
 24  640 
 24  604 
 24  659 
 24  632 
 24  586 
 24  639 
 24  635 
 24  640 
 24  607 
 24  662 
 24  639 
 24  604 
 24  649 
 24  601 
 24  636 
 24  613 
 24  601 
 24  627 
 24  664 
 24  613 
 24  631 
 24  594 
 24  589 
 24  598 
 24  651 
 24  602 
 24  625 
 24  624 
 24  617 
 24  624 
 24  625 
 24  614 
 24  659 
 24  622 
 24  667 
 24  614 
 24  618 
 24  624 
 24  614 
 24  627 
 24  624 
 24  607 
 24  607 
 24  651 
 24  616 
 24  634 
 24  623 
 24  648 
 24  623 
 24  620 
 24  641 
 24  644 
 24  593 
 24  669 
 24  634 
 24  649 
 24  609 
 24  610 
 24  633 
 24  628 
 24  600 
 24  654 
 24  624 
 24  619 
 24  593 
 24  624 
 24  647 
 24  651 
 24  593 
 24  632 
 24  614 
 24  625 
 24  618 
 24  629 
 24  601 
 24  630 
 24  613 
 24  624 
 24  633 
 24  619 
 24  629 
 24  626 
 24  641 
 24  641 
 24  585 
 24  646 
 24  615 
 24  622 
 24  582 
 24  611 
 24  636 
 24  633 
 24  636 
 24  603 
 24  646 
 24  621 
 24  620 
 24  655 
 24  632 
 24  628 
 24  595 
 24  617 
 24  599 
 24  614 
 24  621 
 24  641 
 24  615 
 24  629 
 24  603 
 24  619 
 24  621 
 24  602 
 24  623 
 24  618 
 24  650 
 24  620 
 24  615 
 24  623 
 24  607 
 24  649 
 24  606 
 24  602 
 24  624 
 24  607 
 24  652 
 24  613 
 24  621 
 24  604 
 24  648 
 24  627 
 24  624 
 24  610 
 24  647 
 24  612 
 24  584 
 24  633 
 24  589 
 24  602 
 24  615 
 24  625 
 24  617 
 24  609 
 24  641 
 24  625 
 24  614 
 24  625 
 24  644 
 24  628 
 24  633 
 24  583 
 24  606 
 24  611 
 24  650 
 24  628 
 24  618 
 24  650 
 24  592 
 24  643 
 24  618 
 24  611 
 24  616 
 24  640 
 24  606 
 24  629 
 24  608 
 24  591 
 24  651 
 24  661 
 24  631 
 24  601 
 24  626 
 24  599 
 24  598 
 24  636 
 24  621 
 24  610 
 24  629 
 24  613 
 24  632 
 24  623 
 24  620 
 24  611 
 24  610 
 24  644 
 24  616 
 24  586 
 24  621 
 24  622 
 24  636 
 24  610 
 24  606 
 24  580 
 24  630 
 24  660 
 24  623 
 24  653 
 24  642 
 24  632 
 24  605 
 24  629 
 24  632 
 24  619 
 24  608 
 24  648 
 24  597 
 24  626 
 24  634 
 24  653 
 24  624 
 24  652 
 24  647 
 24  602 
 24  614 
 24  631 
 24  595 
 24  627 
 24  635 
 24  613 
 24  627 
 24  632 
 24  648 
 24  616 
 24  632 
 24  614 
 24  608 
 24  606 
 24  608 
 24  656 
 24  659 
 24  620 
 24  578 
 24  594 
 24  648 
 24  607 
 24  645 
 24  614 
 24  640 
 24  601 
 24  636 
 24  607 
 24  637 
 24  628 
 24  646 
 24  590 
 24  657 
 24  615 
 24  645 
 24  612 
 24  628 
 24  638 
 24  649 
 24  643 
 24  628 
 24  624 
 24  629 
 24  604 
 24  578 
 24  602 
 24  610 
 24  615 
 24  659 
 24  660 
 24  658 
 24  640 
 24  628 
 24  634 
 24  607 
 24  645 
 24  658 
 24  623 
 24  632 
 24  626 
 24  601 
 24  647 
 24  624 
 24  595 
 24  610 
 24  643 
 24  624 
 24  658 
 24  617 
 24  623 
 24  639 
 24  631 
 24  641 
 24  622 
 24  642 
 24  648 
 24  611 
 24  642 
 24  628 
 24  590 
 24  632 
 24  675 
 24  608 
 24  633 
 24  616 
 24  602 
 24  609 
 24  633 
 24  606 
 24  621 
 24  623 
 24  608 
 24  649 
 24  634 
 24  597 
 24  608 
 24  630 
 24  640 
 24  601 
 24  598 
 24  646 
 24  638 
 24  596 
 24  654 
 24  643 
 24  637 
 24  645 
 24  621 
 24  650 
 24  618 
 24  660 
 24  596 
 24  608 
 24  628 
 24  610 
 24  633 
 24  619 
 24  586 
 24  604 
 24  600 
 24  627 
 24  620 
 24  616 
 24  621 
 24  582 
 24  646 
 24  597 
 24  632 
 24  647 
 24  611 
 24  636 
 24  643 
 24  571 
 24  601 
 24  634 
 24  606 
 24  638 
 24  625 
 24  639 
 24  597 
 24  614 
 24  662 
 24  624 
 24  634 
 24  606 
 24  600 
 24  617 
 24  585 
 24  612 
 24  634 
 24  672 
 24  640 
 24  611 
 24  606 
 24  606 
 24  630 
 24  600 
 24  624 
 24  622 
 24  640 
 24  631 
 24  609 
 24  607 
 24  642 
 24  632 
 24  648 
 24  629 
 24  627 
 24  638 
 24  646 
 24  632 
 24  618 
 24  640 
 24  634 
 24  610 
 24  625 
 24  616 
 24  628 
 24  631 
 24  633 
 24  630 
 24  645 
 24  605 
 24  621 
 24  599 
 24  620 
 24  614 
 24  627 
 24  636 
 24  607 
 24  626 
 24  596 
 24  624 
 24  621 
 24  621 
 24  634 
 24  616 
 24  649 
 24  631 
 24  584 
 24  632 
 24  606 
 24  624 
 24  634 
 24  630 
 24  603 
 24  615 
 24  625 
 24  649 
 24  600 
 24  630 
 24  662 
 24  615 
 24  644 
 24  612 
 24  653 
 24  624 
 24  614 
 24  583 
 24  594 
 24  642 
 24  628 
 24  621 
 24  641 
 24  620 
 24  607 
 24  619 
 24  602 
 24  633 
 24  617 
 24  616 
 24  610 
 24  645 
 24  607 
 24  615 
 24  612 
 24  616 
 24  626 
 24  639 
 24  638 
 24  583 
 24  637 
 24  622 
 24  632 
 24  634 
 24  647 
 24  650 
 24  643 
 24  635 
 24  654 
 24  605 
 24  643 
 24  638 
 24  660 
 24  650 
 24  580 
 24  602 
 24  639 
 24  625 
 24  613 
 24  624 
 24  611 
 24  624 
 24  631 
 24  616 
 24  603 
 24  613 
 24  625 
 24  610 
 24  613 
 24  617 
 24  649 
 24  613 
 24  615 
 24  587 
 24  623 
 24  635 
 24  620 
 24  649 
 24  601 
 24  579 
 24  634 
 24  617 
 24  643 
 24  623 
 24  621 
 24  653 
 24  610 
 24  627 
 24  633 
 24  623 
 24  624 
 24  592 
 24  592 
 24  638 
 24  589 
 24  644 
 24  614 
 24  644 
 24  643 
 24  609 
 24  626 
 24  600 
 24  649 
 24  629 
 24  646 
 24  612 
 24  635 
 24  592 
 24  617 
 24  649 
 24  633 
 24  609 
 24  629 
 24  599 
 24  634 
 24  655 
 24  623 
 24  608 
 24  628 
 24  629 
 24  657 
 24  616 
 24  622 
 24  615 
 24  614 
 24  628 
 24  625 
 24  643 
 24  638 
 24  667 
 24  613 
 24  639 
 24  616 
 24  645 
 24  636 
 24  625 
 24  638 
 24  596 
 24  666 
 24  609 
 24  645 
 24  604 
 24  660 
 24  596 
 24  621 
 24  620 
 24  650 
 24  651 
 24  608 
 24  634 
 24  629 
 24  617 
 24  619 
 24  614 
 24  628 
 24  608 
 24  611 
 24  598 
 24  645 
 24  637 
 24  615 
 24  642 
 24  618 
 24  654 
 24  634 
 24  624 
 24  635 
 24  621 
 24  623 
 24  632 
 24  653 
 24  624 
 24  591 
 25  661 
 25  658 
 25  631 
 25  615 
 25  611 
 25  615 
 25  608 
 25  605 
 25  653 
 25  591 
 25  607 
 25  679 
 25  658 
 25  612 
 25  597 
 25  635 
 25  613 
 25  647 
 25  626 
 25  612 
 25  646 
 25  622 
 25  593 
 25  672 
 25  609 
 25  641 
 25  640 
 25  647 
 25  631 
 25  641 
 25  612 
 25  635 
 25  624 
 25  620 
 25  627 
 25  612 
 25  636 
 25  612 
 25  638 
 25  592 
 25  626 
 25  633 
 25  615 
 25  644 
 25  654 
 25  622 
 25  617 
 25  630 
 25  654 
 25  637 
 25  609 
 25  623 
 25  640 
 25  609 
 25  589 
 25  618 
 25  614 
 25  636 
 25  575 
 25  645 
 25  626 
 25  654 
 25  632 
 25  620 
 25  652 
 25  650 
 25  639 
 25  646 
 25  638 
 25  621 
 25  671 
 25  621 
 25  642 
 25  617 
 25  614 
 25  608 
 25  623 
 25  607 
 25  646 
 25  658 
 25  620 
 25  635 
 25  656 
 25  634 
 25  627 
 25  660 
 25  634 
 25  636 
 25  612 
 25  598 
 25  634 
 25  654 
 25  620 
 25  623 
 25  575 
 25  619 
 25  623 
 25  617 
 25  596 
 25  646 
 25  646 
 25  625 
 25  611 
 25  638 
 25  646 
 25  601 
 25  604 
 25  596 
 25  664 
 25  615 
 25  607 
 25  613 
 25  636 
 25  639 
 25  608 
 25  613 
 25  661 
 25  650 
 25  630 
 25  625 
 25  624 
 25  634 
 25  661 
 25  648 
 25  608 
 25  645 
 25  626 
 25  612 
 25  611 
 25  614 
 25  667 
 25  635 
 25  618 
 25  609 
 25  615 
 25  614 
 25  626 
 25  629 
 25  649 
 25  613 
 25  635 
 25  620 
 25  626 
 25  649 
 25  626 
 25  639 
 25  638 
 25  586 
 25  617 
 25  606 
 25  585 
 25  611 
 25  617 
 25  648 
 25  612 
 25  592 
 25  665 
 25  610 
 25  616 
 25  659 
 25  630 
 25  627 
 25  614 
 25  614 
 25  619 
 25  636 
 25  626 
 25  629 
 25  612 
 25  624 
 25  619 
 25  653 
 25  623 
 25  620 
 25  594 
 25  657 
 25  612 
 25  630 
 25  624 
 25  602 
 25  649 
 25  633 
 25  649 
 25  610 
 25  617 
 25  621 
 25  613 
 25  616 
 25  629 
 25  614 
 25  643 
 25  653 
 25  605 
 25  634 
 25  632 
 25  630 
 25  641 
 25  582 
 25  632 
 25  585 
 25  639 
 25  591 
 25  656 
 25  620 
 25  620 
 25  682 
 25  638 
 25  618 
 25  611 
 25  638 
 25  658 
 25  615 
 25  626 
 25  659 
 25  592 
 25  650 
 25  629 
 25  632 
 25  653 
 25  634 
 25  677 
 25  655 
 25  621 
 25  606 
 25  651 
 25  628 
 25  609 
 25  623 
 25  618 
 25  640 
 25  655 
 25  675 
 25  631 
 25  614 
 25  636 
 25  651 
 25  615 
 25  656 
 25  628 
 25  608 
 25  639 
 25  626 
 25  647 
 25  609 
 25  655 
 25  645 
 25  628 
 25  640 
 25  662 
 25  621 
 25  624 
 25  606 
 25  595 
 25  699 
 25  648 
 25  640 
 25  621 
 25  645 
 25  619 
 25  641 
 25  641 
 25  645 
 25  634 
 25  615 
 25  647 
 25  599 
 25  639 
 25  628 
 25  614 
 25  636 
 25  633 
 25  638 
 25  634 
 25  638 
 25  639 
 25  635 
 25  664 
 25  606 
 25  582 
 25  608 
 25  635 
 25  664 
 25  629 
 25  653 
 25  598 
 25  630 
 25  619 
 25  615 
 25  644 
 25  653 
 25  648 
 25  615 
 25  595 
 25  634 
 25  647 
 25  648 
 25  642 
 25  632 
 25  611 
 25  614 
 25  629 
 25  618 
 25  633 
 25  622 
 25  623 
 25  630 
 25  619 
 25  612 
 25  603 
 25  619 
 25  630 
 25  650 
 25  637 
 25  613 
 25  654 
 25  602 
 25  655 
 25  652 
 25  608 
 25  621 
 25  656 
 25  624 
 25  606 
 25  608 
 25  627 
 25  638 
 25  643 
 25  623 
 25  606 
 25  643 
 25  614 
 25  629 
 25  637 
 25  612 
 25  633 
 25  612 
 25  636 
 25  609 
 25  637 
 25  647 
 25  663 
 25  585 
 25  643 
 25  611 
 25  621 
 25  642 
 25  606 
 25  614 
 25  628 
 25  631 
 25  637 
 25  641 
 25  620 
 25  616 
 25  634 
 25  613 
 25  628 
 25  640 
 25  671 
 25  593 
 25  633 
 25  592 
 25  664 
 25  619 
 25  639 
 25  620 
 25  653 
 25  631 
 25  619 
 25  599 
 25  633 
 25  650 
 25  609 
 25  617 
 25  633 
 25  624 
 25  633 
 25  626 
 25  637 
 25  656 
 25  621 
 25  619 
 25  630 
 25  679 
 25  600 
 25  636 
 25  617 
 25  620 
 25  601 
 25  627 
 25  650 
 25  635 
 25  627 
 25  654 
 25  618 
 25  662 
 25  613 
 25  676 
 25  610 
 25  626 
 25  629 
 25  608 
 25  604 
 25  647 
 25  624 
 25  643 
 25  622 
 25  610 
 25  629 
 25  645 
 25  609 
 25  625 
 25  620 
 25  644 
 25  638 
 25  611 
 25  604 
 25  636 
 25  627 
 25  618 
 25  652 
 25  645 
 25  660 
 25  688 
 25  649 
 25  622 
 25  639 
 25  607 
 25  651 
 25  643 
 25  613 
 25  625 
 25  595 
 25  626 
 25  634 
 25  605 
 25  615 
 25  620 
 25  597 
 25  655 
 25  645 
 25  651 
 25  639 
 25  652 
 25  619 
 25  594 
 25  640 
 25  612 
 25  637 
 25  660 
 25  624 
 25  612 
 25  636 
 25  611 
 25  623 
 25  646 
 25  599 
 25  618 
 25  624 
 25  663 
 25  629 
 25  635 
 25  635 
 25  650 
 25  677 
 25  620 
 25  609 
 25  610 
 25  674 
 25  633 
 25  662 
 25  626 
 25  648 
 25  630 
 25  666 
 25  649 
 25  661 
 25  628 
 25  648 
 25  613 
 25  649 
 25  603 
 25  628 
 25  606 
 25  678 
 25  626 
 25  645 
 25  622 
 25  632 
 25  635 
 25  621 
 25  647 
 25  585 
 25  645 
 25  650 
 25  627 
 25  650 
 25  645 
 25  625 
 25  622 
 25  624 
 25  638 
 25  618 
 25  633 
 25  638 
 25  612 
 25  621 
 25  680 
 25  640 
 25  611 
 25  655 
 25  689 
 25  635 
 25  623 
 25  621 
 25  626 
 25  656 
 25  641 
 25  618 
 25  637 
 25  655 
 25  635 
 25  633 
 25  612 
 25  627 
 25  622 
 25  601 
 25  659 
 25  633 
 25  644 
 25  615 
 25  627 
 25  607 
 25  633 
 25  633 
 25  583 
 25  617 
 25  635 
 25  615 
 25  608 
 25  582 
 25  644 
 25  605 
 25  645 
 25  621 
 25  624 
 25  640 
 25  653 
 25  624 
 25  624 
 25  639 
 25  616 
 25  660 
 25  611 
 25  627 
 25  656 
 25  660 
 25  618 
 25  627 
 25  660 
 25  647 
 25  621 
 25  600 
 25  601 
 25  657 
 25  676 
 25  643 
 25  619 
 25  616 
 25  623 
 25  619 
 25  593 
 25  630 
 25  646 
 25  611 
 25  590 
 25  625 
 25  599 
 25  614 
 25  627 
 25  619 
 25  634 
 25  604 
 25  612 
 25  629 
 25  615 
 25  601 
 25  653 
 25  633 
 25  647 
 25  644 
 25  629 
 25  633 
 25  657 
 25  625 
 25  627 
 25  662 
 25  614 
 25  630 
 25  677 
 25  640 
 25  621 
 25  628 
 25  653 
 25  658 
 25  634 
 25  639 
 25  649 
 25  640 
 25  630 
 25  666 
 25  612 
 25  624 
 25  645 
 25  634 
 25  634 
 25  619 
 25  637 
 25  597 
 25  602 
 25  638 
 25  659 
 25  617 
 25  651 
 25  601 
 25  654 
 25  613 
 25  631 
 25  655 
 25  634 
 25  625 
 25  620 
 25  650 
 25  612 
 25  615 
 25  644 
 25  638 
 25  601 
 25  638 
 25  682 
 25  599 
 25  635 
 25  682 
 25  649 
 25  640 
 25  622 
 25  630 
 25  614 
 25  603 
 25  613 
 25  641 
 25  597 
 25  639 
 25  619 
 25  634 
 25  642 
 25  627 
 25  650 
 25  640 
 25  618 
 25  669 
 25  636 
 25  677 
 25  633 
 25  629 
 25  636 
 25  659 
 25  682 
 25  614 
 25  595 
 25  653 
 25  633 
 25  630 
 25  608 
 25  617 
 25  604 
 25  658 
 25  632 
 25  618 
 25  625 
 25  612 
 25  620 
 25  632 
 25  674 
 25  652 
 25  651 
 25  607 
 25  634 
 25  615 
 25  632 
 25  647 
 25  613 
 25  640 
 25  596 
 25  606 
 25  621 
 25  629 
 25  644 
 25  622 
 25  675 
 25  656 
 25  632 
 25  645 
 25  637 
 25  645 
 25  680 
 25  657 
 25  661 
 25  618 
 25  615 
 25  586 
 25  651 
 25  643 
 25  655 
 25  582 
 25  582 
 25  644 
 25  656 
 25  618 
 25  656 
 25  642 
 25  676 
 25  620 
 25  654 
 25  647 
 25  613 
 25  641 
 25  668 
 25  607 
 25  626 
 25  620 
 25  667 
 25  638 
 25  656 
 25  613 
 25  621 
 25  639 
 25  657 
 25  615 
 25  626 
 25  599 
 25  602 
 25  638 
 25  629 
 25  633 
 25  623 
 25  617 
 25  625 
 25  627 
 25  652 
 25  644 
 25  652 
 25  621 
 25  625 
 25  607 
 25  658 
 25  607 
 25  614 
 25  652 
 25  641 
 25  655 
 25  621 
 25  647 
 25  635 
 25  617 
 25  618 
 25  608 
 25  619 
 25  622 
 25  627 
 25  634 
 25  630 
 25  633 
 25  626 
 25  600 
 25  610 
 25  650 
 25  615 
 25  622 
 25  646 
 25  636 
 25  640 
 25  640 
 25  655 
 25  609 
 25  637 
 25  608 
 25  644 
 25  665 
 25  622 
 25  648 
 25  631 
 25  600 
 25  615 
 25  621 
 25  638 
 25  629 
 25  657 
 25  616 
 25  627 
 25  652 
 25  666 
 25  643 
 25  624 
 25  615 
 25  610 
 25  638 
 25  640 
 25  639 
 25  583 
 25  636 
 25  639 
 25  630 
 25  635 
 25  636 
 25  628 
 25  623 
 25  633 
 25  613 
 25  658 
 25  638 
 25  646 
 25  638 
 25  620 
 25  684 
 25  622 
 25  610 
 25  632 
 25  635 
 25  641 
 25  652 
 25  651 
 25  665 
 25  606 
 25  640 
 25  628 
 25  643 
 25  636 
 25  600 
 25  625 
 25  621 
 25  609 
 25  618 
 25  628 
 25  656 
 25  609 
 25  659 
 25  641 
 25  613 
 25  612 
 25  631 
 25  598 
 25  617 
 25  624 
 25  608 
 25  603 
 25  612 
 25  635 
 25  603 
 25  647 
 25  615 
 25  605 
 25  628 
 25  634 
 25  625 
 25  611 
 25  661 
 25  665 
 25  654 
 25  586 
 25  648 
 25  601 
 25  588 
 25  631 
 25  670 
 25  636 
 25  593 
 25  634 
 25  635 
 25  635 
 25  632 
 25  641 
 25  664 
 25  631 
 25  668 
 25  646 
 25  627 
 25  617 
 25  658 
 25  636 
 25  637 
 25  635 
 25  670 
 25  643 
 25  623 
 25  619 
 25  643 
 25  631 
 25  654 
 25  602 
 25  645 
 25  641 
 25  618 
 25  634 
 25  645 
 25  633 
 25  598 
 25  616 
 25  640 
 25  633 
 25  661 
 25  607 
 25  646 
 25  608 
 25  610 
 25  606 
 25  646 
 25  613 
 25  633 
 25  622 
 25  637 
 25  650 
 25  593 
 25  615 
 25  609 
 25  652 
 25  634 
 25  625 
 25  584 
 25  647 
 25  637 
 25  636 
 25  644 
 25  650 
 25  632 
 25  628 
 25  596 
 25  624 
 25  618 
 25  643 
 25  641 
 25  619 
 25  651 
 25  648 
 25  647 
 25  646 
 25  643 
 25  643 
 25  584 
 25  634 
 25  613 
 25  649 
 25  649 
 25  648 
 25  618 
 25  660 
 25  670 
 25  652 
 25  634 
 25  636 
 25  639 
 25  637 
 25  645 
 25  659 
 25  689 
 25  638 
 25  634 
 25  620 
 25  643 
 25  631 
 25  630 
 25  649 
 25  620 
 25  625 
 25  601 
 25  627 
 25  613 
 25  631 
 25  597 
 25  650 
 25  641 
 25  616 
 25  638 
 25  647 
 25  632 
 25  608 
 25  632 
 25  657 
 25  602 
 25  630 
 25  637 
 25  634 
 25  583 
 25  613 
 25  626 
 25  628 
 25  615 
 25  641 
 25  637 
 25  625 
 26  628 
 26  647 
 26  641 
 26  628 
 26  642 
 26  646 
 26  628 
 26  660 
 26  635 
 26  663 
 26  609 
 26  642 
 26  612 
 26  637 
 26  645 
 26  649 
 26  621 
 26  670 
 26  625 
 26  646 
 26  618 
 26  628 
 26  612 
 26  620 
 26  655 
 26  611 
 26  628 
 26  612 
 26  639 
 26  647 
 26  671 
 26  629 
 26  650 
 26  663 
 26  589 
 26  637 
 26  648 
 26  642 
 26  603 
 26  632 
 26  620 
 26  645 
 26  617 
 26  625 
 26  635 
 26  619 
 26  656 
 26  633 
 26  624 
 26  647 
 26  633 
 26  639 
 26  643 
 26  621 
 26  639 
 26  635 
 26  659 
 26  612 
 26  617 
 26  632 
 26  644 
 26  632 
 26  627 
 26  648 
 26  636 
 26  626 
 26  647 
 26  638 
 26  590 
 26  627 
 26  645 
 26  628 
 26  625 
 26  657 
 26  632 
 26  637 
 26  636 
 26  654 
 26  607 
 26  641 
 26  640 
 26  632 
 26  633 
 26  633 
 26  625 
 26  621 
 26  593 
 26  629 
 26  642 
 26  658 
 26  642 
 26  626 
 26  630 
 26  649 
 26  639 
 26  621 
 26  660 
 26  614 
 26  618 
 26  614 
 26  611 
 26  625 
 26  638 
 26  618 
 26  668 
 26  657 
 26  631 
 26  644 
 26  649 
 26  649 
 26  639 
 26  610 
 26  635 
 26  606 
 26  639 
 26  624 
 26  620 
 26  634 
 26  631 
 26  613 
 26  671 
 26  613 
 26  610 
 26  603 
 26  594 
 26  650 
 26  645 
 26  647 
 26  612 
 26  622 
 26  612 
 26  609 
 26  618 
 26  644 
 26  654 
 26  649 
 26  604 
 26  655 
 26  628 
 26  649 
 26  605 
 26  636 
 26  640 
 26  616 
 26  605 
 26  637 
 26  657 
 26  613 
 26  664 
 26  640 
 26  653 
 26  656 
 26  650 
 26  669 
 26  628 
 26  608 
 26  659 
 26  625 
 26  650 
 26  626 
 26  608 
 26  641 
 26  623 
 26  627 
 26  635 
 26  660 
 26  609 
 26  612 
 26  591 
 26  610 
 26  602 
 26  618 
 26  627 
 26  614 
 26  591 
 26  641 
 26  616 
 26  634 
 26  638 
 26  590 
 26  646 
 26  641 
 26  645 
 26  648 
 26  642 
 26  635 
 26  666 
 26  670 
 26  658 
 26  643 
 26  615 
 26  677 
 26  619 
 26  633 
 26  645 
 26  644 
 26  607 
 26  610 
 26  649 
 26  662 
 26  651 
 26  629 
 26  636 
 26  635 
 26  623 
 26  650 
 26  665 
 26  610 
 26  592 
 26  621 
 26  652 
 26  641 
 26  660 
 26  626 
 26  600 
 26  633 
 26  616 
 26  640 
 26  597 
 26  642 
 26  623 
 26  637 
 26  644 
 26  600 
 26  634 
 26  582 
 26  643 
 26  625 
 26  597 
 26  615 
 26  669 
 26  611 
 26  673 
 26  619 
 26  621 
 26  611 
 26  600 
 26  613 
 26  660 
 26  602 
 26  613 
 26  642 
 26  599 
 26  639 
 26  626 
 26  649 
 26  630 
 26  623 
 26  644 
 26  606 
 26  618 
 26  655 
 26  652 
 26  615 
 26  646 
 26  640 
 26  682 
 26  634 
 26  619 
 26  625 
 26  631 
 26  640 
 26  682 
 26  632 
 26  636 
 26  654 
 26  647 
 26  663 
 26  639 
 26  645 
 26  627 
 26  633 
 26  650 
 26  675 
 26  641 
 26  617 
 26  659 
 26  614 
 26  634 
 26  635 
 26  632 
 26  631 
 26  615 
 26  620 
 26  613 
 26  626 
 26  658 
 26  637 
 26  633 
 26  643 
 26  613 
 26  629 
 26  584 
 26  639 
 26  622 
 26  608 
 26  658 
 26  624 
 26  640 
 26  637 
 26  633 
 26  642 
 26  606 
 26  651 
 26  614 
 26  641 
 26  623 
 26  670 
 26  650 
 26  622 
 26  618 
 26  686 
 26  597 
 26  639 
 26  649 
 26  630 
 26  616 
 26  610 
 26  619 
 26  625 
 26  599 
 26  644 
 26  667 
 26  652 
 26  672 
 26  655 
 26  607 
 26  630 
 26  617 
 26  627 
 26  632 
 26  672 
 26  637 
 26  655 
 26  643 
 26  638 
 26  629 
 26  603 
 26  611 
 26  615 
 26  605 
 26  625 
 26  616 
 26  637 
 26  650 
 26  607 
 26  619 
 26  650 
 26  627 
 26  610 
 26  635 
 26  623 
 26  649 
 26  686 
 26  611 
 26  648 
 26  640 
 26  653 
 26  615 
 26  651 
 26  608 
 26  613 
 26  600 
 26  636 
 26  614 
 26  611 
 26  653 
 26  606 
 26  639 
 26  620 
 26  619 
 26  637 
 26  626 
 26  609 
 26  642 
 26  619 
 26  668 
 26  637 
 26  638 
 26  651 
 26  621 
 26  631 
 26  631 
 26  586 
 26  641 
 26  599 
 26  604 
 26  623 
 26  595 
 26  621 
 26  615 
 26  619 
 26  618 
 26  620 
 26  640 
 26  631 
 26  617 
 26  627 
 26  651 
 26  658 
 26  637 
 26  618 
 26  636 
 26  633 
 26  600 
 26  638 
 26  628 
 26  620 
 26  638 
 26  626 
 26  590 
 26  620 
 26  593 
 26  623 
 26  649 
 26  644 
 26  600 
 26  611 
 26  617 
 26  628 
 26  654 
 26  654 
 26  652 
 26  610 
 26  652 
 26  622 
 26  623 
 26  623 
 26  646 
 26  646 
 26  651 
 26  618 
 26  614 
 26  650 
 26  612 
 26  659 
 26  602 
 26  615 
 26  667 
 26  629 
 26  645 
 26  637 
 26  652 
 26  647 
 26  623 
 26  686 
 26  621 
 26  599 
 26  637 
 26  611 
 26  628 
 26  628 
 26  603 
 26  658 
 26  662 
 26  638 
 26  635 
 26  635 
 26  626 
 26  608 
 26  637 
 26  617 
 26  665 
 26  636 
 26  646 
 26  620 
 26  599 
 26  623 
 26  604 
 26  624 
 26  634 
 26  604 
 26  638 
 26  661 
 26  635 
 26  616 
 26  640 
 26  621 
 26  633 
 26  644 
 26  618 
 26  608 
 26  640 
 26  661 
 26  593 
 26  628 
 26  643 
 26  616 
 26  644 
 26  642 
 26  635 
 26  628 
 26  629 
 26  652 
 26  602 
 26  646 
 26  652 
 26  630 
 26  606 
 26  619 
 26  653 
 26  639 
 26  617 
 26  614 
 26  618 
 26  613 
 26  630 
 26  639 
 26  655 
 26  600 
 26  642 
 26  657 
 26  620 
 26  632 
 26  643 
 26  633 
 26  628 
 26  624 
 26  613 
 26  642 
 26  624 
 26  640 
 26  627 
 26  646 
 26  618 
 26  657 
 26  640 
 26  657 
 26  653 
 26  638 
 26  648 
 26  630 
 26  667 
 26  644 
 26  630 
 26  637 
 26  648 
 26  642 
 26  638 
 26  617 
 26  620 
 26  655 
 26  625 
 26  598 
 26  643 
 26  601 
 26  617 
 26  630 
 26  623 
 26  628 
 26  628 
 26  627 
 26  660 
 26  640 
 26  669 
 26  628 
 26  636 
 26  620 
 26  626 
 26  636 
 26  651 
 26  593 
 26  656 
 26  662 
 26  619 
 26  650 
 26  634 
 26  633 
 26  617 
 26  614 
 26  602 
 26  640 
 26  636 
 26  615 
 26  618 
 26  598 
 26  630 
 26  658 
 26  640 
 26  623 
 26  651 
 26  678 
 26  644 
 26  635 
 26  630 
 26  619 
 26  626 
 26  600 
 26  609 
 26  646 
 26  632 
 26  619 
 26  657 
 26  647 
 26  587 
 26  609 
 26  605 
 26  620 
 26  647 
 26  598 
 26  625 
 26  637 
 26  643 
 26  629 
 26  578 
 26  618 
 26  640 
 26  617 
 26  621 
 26  636 
 26  651 
 26  629 
 26  601 
 26  604 
 26  614 
 26  601 
 26  628 
 26  632 
 26  689 
 26  654 
 26  628 
 26  634 
 26  657 
 26  612 
 26  630 
 26  616 
 26  644 
 26  610 
 26  640 
 26  605 
 26  634 
 26  616 
 26  613 
 26  604 
 26  662 
 26  629 
 26  620 
 26  619 
 26  628 
 26  647 
 26  638 
 26  634 
 26  648 
 26  652 
 26  677 
 26  634 
 26  685 
 26  651 
 26  636 
 26  635 
 26  644 
 26  620 
 26  645 
 26  614 
 26  613 
 26  670 
 26  645 
 26  617 
 26  621 
 26  612 
 26  650 
 26  602 
 26  631 
 26  635 
 26  619 
 26  641 
 26  613 
 26  619 
 26  640 
 26  672 
 26  605 
 26  618 
 26  589 
 26  638 
 26  637 
 26  634 
 26  640 
 26  617 
 26  642 
 26  626 
 26  598 
 26  620 
 26  664 
 26  639 
 26  628 
 26  625 
 26  639 
 26  585 
 26  650 
 26  634 
 26  610 
 26  644 
 26  670 
 26  636 
 26  631 
 26  619 
 26  662 
 26  644 
 26  620 
 26  619 
 26  622 
 26  641 
 26  635 
 26  637 
 26  661 
 26  618 
 26  640 
 26  608 
 26  636 
 26  631 
 26  648 
 26  653 
 26  602 
 26  654 
 26  663 
 26  620 
 26  638 
 26  628 
 26  658 
 26  609 
 26  614 
 26  627 
 26  628 
 26  675 
 26  647 
 26  608 
 26  654 
 26  628 
 26  621 
 26  628 
 26  622 
 26  607 
 26  623 
 26  621 
 26  611 
 26  624 
 26  621 
 26  622 
 26  647 
 26  622 
 26  658 
 26  641 
 26  656 
 26  638 
 26  639 
 26  639 
 26  627 
 26  621 
 26  645 
 26  647 
 26  664 
 26  613 
 26  622 
 26  589 
 26  620 
 26  643 
 26  650 
 26  630 
 26  629 
 26  675 
 26  622 
 26  620 
 26  585 
 26  644 
 26  644 
 26  624 
 26  645 
 26  598 
 26  639 
 26  651 
 26  625 
 26  645 
 26  636 
 26  627 
 26  651 
 26  641 
 26  612 
 26  613 
 26  640 
 26  636 
 26  647 
 26  604 
 26  695 
 26  639 
 26  657 
 26  638 
 26  641 
 26  626 
 26  649 
 26  634 
 26  628 
 26  644 
 26  627 
 26  650 
 26  617 
 26  616 
 26  630 
 26  627 
 26  621 
 26  657 
 26  608 
 26  659 
 26  626 
 26  631 
 26  622 
 26  631 
 26  628 
 26  632 
 26  639 
 26  605 
 26  581 
 26  644 
 26  601 
 26  622 
 26  615 
 26  631 
 26  625 
 26  639 
 26  651 
 26  652 
 26  635 
 26  631 
 26  620 
 26  647 
 26  657 
 26  634 
 26  621 
 26  625 
 26  571 
 26  589 
 26  591 
 26  613 
 26  641 
 26  654 
 26  647 
 26  612 
 26  650 
 26  650 
 26  643 
 26  609 
 26  641 
 26  640 
 26  623 
 26  635 
 26  620 
 26  647 
 26  623 
 26  648 
 26  666 
 26  662 
 26  628 
 26  667 
 26  647 
 26  604 
 26  607 
 26  629 
 26  616 
 26  643 
 26  607 
 26  623 
 26  614 
 26  606 
 26  637 
 26  644 
 26  596 
 26  644 
 26  619 
 26  591 
 26  666 
 26  611 
 26  611 
 26  637 
 26  637 
 26  643 
 26  630 
 26  621 
 26  656 
 26  664 
 26  606 
 26  586 
 26  664 
 26  657 
 26  668 
 26  651 
 26  628 
 26  618 
 26  664 
 26  635 
 26  638 
 26  606 
 26  674 
 26  618 
 26  623 
 26  620 
 26  612 
 26  625 
 26  645 
 26  628 
 26  619 
 26  601 
 26  622 
 26  617 
 26  615 
 26  605 
 26  601 
 26  668 
 26  628 
 26  645 
 26  661 
 26  648 
 26  640 
 26  612 
 26  616 
 26  656 
 26  646 
 26  645 
 26  608 
 26  642 
 26  607 
 26  642 
 26  650 
 26  648 
 26  620 
 26  641 
 26  607 
 26  626 
 26  624 
 26  624 
 26  601 
 26  627 
 26  638 
 26  622 
 26  631 
 26  652 
 26  614 
 26  655 
 26  640 
 26  629 
 26  632 
 26  601 
 26  639 
 26  619 
 26  606 
 26  633 
 26  662 
 26  628 
 26  660 
 26  655 
 26  604 
 26  634 
 26  621 
 26  622 
 26  647 
 26  604 
 26  623 
 26  611 
 26  653 
 26  655 
 26  615 
 26  631 
 26  651 
 26  628 
 26  617 
 26  613 
 26  628 
 26  634 
 26  673 
 26  650 
 26  597 
 26  640 
 26  638 
 26  636 
 26  640 
 26  638 
 26  623 
 26  624 
 26  614 
 26  657 
 26  603 
 26  630 
 26  664 
 26  627 
 26  619 
 26  589 
 26  651 
 26  604 
 26  631 
 26  627 
 26  640 
 26  627 
 26  648 
 26  644 
 26  598 
 26  621 
 26  621 
 26  637 
 26  579 
 26  647 
 26  618 
 26  666 
 27  610 
 27  640 
 27  618 
 27  618 
 27  637 
 27  633 
 27  651 
 27  639 
 27  625 
 27  651 
 27  625 
 27  650 
 27  628 
 27  647 
 27  625 
 27  603 
 27  630 
 27  614 
 27  646 
 27  635 
 27  614 
 27  639 
 27  643 
 27  646 
 27  639 
 27  608 
 27  614 
 27  637 
 27  622 
 27  603 
 27  670 
 27  651 
 27  647 
 27  661 
 27  659 
 27  643 
 27  667 
 27  657 
 27  629 
 27  603 
 27  608 
 27  597 
 27  632 
 27  640 
 27  614 
 27  631 
 27  623 
 27  596 
 27  637 
 27  640 
 27  648 
 27  639 
 27  631 
 27  637 
 27  647 
 27  662 
 27  660 
 27  625 
 27  617 
 27  630 
 27  615 
 27  628 
 27  651 
 27  626 
 27  653 
 27  641 
 27  637 
 27  624 
 27  631 
 27  600 
 27  617 
 27  622 
 27  619 
 27  651 
 27  664 
 27  624 
 27  615 
 27  662 
 27  645 
 27  641 
 27  626 
 27  599 
 27  635 
 27  616 
 27  642 
 27  638 
 27  616 
 27  606 
 27  669 
 27  660 
 27  630 
 27  674 
 27  631 
 27  662 
 27  641 
 27  648 
 27  636 
 27  661 
 27  636 
 27  655 
 27  655 
 27  640 
 27  653 
 27  594 
 27  662 
 27  640 
 27  620 
 27  630 
 27  618 
 27  637 
 27  628 
 27  640 
 27  627 
 27  641 
 27  615 
 27  639 
 27  619 
 27  645 
 27  652 
 27  639 
 27  621 
 27  636 
 27  636 
 27  656 
 27  656 
 27  624 
 27  654 
 27  617 
 27  605 
 27  645 
 27  635 
 27  642 
 27  637 
 27  634 
 27  619 
 27  617 
 27  642 
 27  650 
 27  612 
 27  627 
 27  614 
 27  645 
 27  625 
 27  616 
 27  639 
 27  634 
 27  602 
 27  616 
 27  620 
 27  618 
 27  611 
 27  629 
 27  635 
 27  642 
 27  625 
 27  658 
 27  658 
 27  632 
 27  619 
 27  620 
 27  627 
 27  633 
 27  624 
 27  616 
 27  654 
 27  645 
 27  624 
 27  669 
 27  657 
 27  608 
 27  641 
 27  636 
 27  634 
 27  671 
 27  648 
 27  634 
 27  637 
 27  623 
 27  642 
 27  608 
 27  638 
 27  638 
 27  627 
 27  659 
 27  638 
 27  613 
 27  613 
 27  633 
 27  652 
 27  630 
 27  656 
 27  655 
 27  622 
 27  664 
 27  611 
 27  623 
 27  655 
 27  598 
 27  638 
 27  659 
 27  667 
 27  673 
 27  637 
 27  664 
 27  656 
 27  619 
 27  633 
 27  638 
 27  621 
 27  664 
 27  656 
 27  668 
 27  670 
 27  636 
 27  613 
 27  625 
 27  632 
 27  603 
 27  639 
 27  644 
 27  658 
 27  662 
 27  662 
 27  617 
 27  647 
 27  605 
 27  629 
 27  628 
 27  626 
 27  607 
 27  659 
 27  636 
 27  616 
 27  612 
 27  601 
 27  641 
 27  684 
 27  644 
 27  623 
 27  658 
 27  640 
 27  617 
 27  681 
 27  634 
 27  672 
 27  618 
 27  639 
 27  632 
 27  646 
 27  641 
 27  621 
 27  578 
 27  627 
 27  640 
 27  629 
 27  600 
 27  617 
 27  649 
 27  624 
 27  642 
 27  627 
 27  656 
 27  641 
 27  604 
 27  636 
 27  635 
 27  654 
 27  602 
 27  609 
 27  633 
 27  629 
 27  655 
 27  645 
 27  634 
 27  678 
 27  640 
 27  648 
 27  650 
 27  656 
 27  627 
 27  619 
 27  645 
 27  642 
 27  628 
 27  624 
 27  620 
 27  638 
 27  627 
 27  599 
 27  678 
 27  654 
 27  632 
 27  613 
 27  642 
 27  686 
 27  634 
 27  638 
 27  614 
 27  641 
 27  622 
 27  625 
 27  633 
 27  620 
 27  648 
 27  637 
 27  655 
 27  628 
 27  615 
 27  616 
 27  617 
 27  612 
 27  624 
 27  613 
 27  640 
 27  594 
 27  643 
 27  652 
 27  623 
 27  614 
 27  653 
 27  635 
 27  640 
 27  639 
 27  609 
 27  612 
 27  622 
 27  629 
 27  630 
 27  642 
 27  625 
 27  623 
 27  630 
 27  664 
 27  635 
 27  631 
 27  655 
 27  677 
 27  615 
 27  628 
 27  611 
 27  613 
 27  621 
 27  654 
 27  625 
 27  664 
 27  640 
 27  607 
 27  660 
 27  637 
 27  646 
 27  616 
 27  623 
 27  637 
 27  632 
 27  620 
 27  626 
 27  654 
 27  600 
 27  658 
 27  633 
 27  613 
 27  630 
 27  631 
 27  615 
 27  609 
 27  642 
 27  612 
 27  648 
 27  651 
 27  626 
 27  608 
 27  649 
 27  621 
 27  658 
 27  627 
 27  625 
 27  658 
 27  658 
 27  610 
 27  635 
 27  649 
 27  629 
 27  610 
 27  642 
 27  658 
 27  649 
 27  629 
 27  632 
 27  622 
 27  642 
 27  647 
 27  643 
 27  636 
 27  635 
 27  622 
 27  651 
 27  668 
 27  649 
 27  637 
 27  643 
 27  646 
 27  622 
 27  633 
 27  612 
 27  622 
 27  622 
 27  624 
 27  648 
 27  622 
 27  621 
 27  616 
 27  627 
 27  668 
 27  627 
 27  633 
 27  629 
 27  638 
 27  621 
 27  624 
 27  635 
 27  636 
 27  663 
 27  634 
 27  633 
 27  639 
 27  626 
 27  628 
 27  646 
 27  599 
 27  609 
 27  633 
 27  607 
 27  609 
 27  642 
 27  618 
 27  646 
 27  591 
 27  651 
 27  648 
 27  633 
 27  643 
 27  631 
 27  618 
 27  609 
 27  608 
 27  624 
 27  652 
 27  630 
 27  623 
 27  616 
 27  670 
 27  663 
 27  677 
 27  647 
 27  634 
 27  634 
 27  625 
 27  660 
 27  635 
 27  615 
 27  661 
 27  615 
 27  630 
 27  642 
 27  629 
 27  617 
 27  629 
 27  630 
 27  631 
 27  661 
 27  659 
 27  627 
 27  630 
 27  636 
 27  645 
 27  649 
 27  625 
 27  668 
 27  650 
 27  635 
 27  614 
 27  626 
 27  615 
 27  614 
 27  659 
 27  638 
 27  620 
 27  654 
 27  662 
 27  620 
 27  622 
 27  636 
 27  643 
 27  618 
 27  616 
 27  639 
 27  614 
 27  600 
 27  667 
 27  633 
 27  650 
 27  655 
 27  642 
 27  622 
 27  631 
 27  645 
 27  654 
 27  655 
 27  656 
 27  630 
 27  622 
 27  646 
 27  633 
 27  656 
 27  635 
 27  626 
 27  623 
 27  649 
 27  670 
 27  636 
 27  653 
 27  673 
 27  596 
 27  639 
 27  629 
 27  641 
 27  631 
 27  644 
 27  636 
 27  638 
 27  632 
 27  650 
 27  626 
 27  628 
 27  615 
 27  611 
 27  611 
 27  630 
 27  622 
 27  663 
 27  636 
 27  630 
 27  646 
 27  598 
 27  647 
 27  663 
 27  663 
 27  609 
 27  624 
 27  654 
 27  676 
 27  628 
 27  659 
 27  634 
 27  622 
 27  637 
 27  663 
 27  622 
 27  669 
 27  655 
 27  631 
 27  608 
 27  619 
 27  618 
 27  636 
 27  672 
 27  637 
 27  651 
 27  629 
 27  621 
 27  634 
 27  678 
 27  609 
 27  641 
 27  627 
 27  637 
 27  626 
 27  636 
 27  626 
 27  613 
 27  648 
 27  611 
 27  662 
 27  609 
 27  607 
 27  637 
 27  615 
 27  663 
 27  648 
 27  619 
 27  615 
 27  667 
 27  611 
 27  624 
 27  646 
 27  616 
 27  605 
 27  622 
 27  654 
 27  587 
 27  613 
 27  652 
 27  629 
 27  660 
 27  664 
 27  623 
 27  664 
 27  614 
 27  629 
 27  643 
 27  617 
 27  649 
 27  636 
 27  632 
 27  618 
 27  661 
 27  640 
 27  663 
 27  647 
 27  605 
 27  639 
 27  592 
 27  624 
 27  634 
 27  641 
 27  613 
 27  629 
 27  629 
 27  645 
 27  638 
 27  662 
 27  639 
 27  687 
 27  640 
 27  623 
 27  641 
 27  654 
 27  651 
 27  605 
 27  659 
 27  630 
 27  612 
 27  645 
 27  618 
 27  645 
 27  616 
 27  659 
 27  635 
 27  639 
 27  637 
 27  618 
 27  640 
 27  617 
 27  643 
 27  619 
 27  623 
 27  602 
 27  650 
 27  652 
 27  645 
 27  596 
 27  646 
 27  627 
 27  661 
 27  662 
 27  653 
 27  637 
 27  635 
 27  612 
 27  627 
 27  635 
 27  679 
 27  639 
 27  634 
 27  657 
 27  634 
 27  630 
 27  664 
 27  640 
 27  631 
 27  597 
 27  661 
 27  607 
 27  617 
 27  654 
 27  663 
 27  617 
 27  636 
 27  649 
 27  668 
 27  620 
 27  645 
 27  683 
 27  643 
 27  620 
 27  663 
 27  630 
 27  626 
 27  606 
 27  597 
 27  661 
 27  646 
 27  604 
 27  605 
 27  605 
 27  645 
 27  649 
 27  602 
 27  637 
 27  646 
 27  635 
 27  638 
 27  635 
 27  639 
 27  614 
 27  655 
 27  609 
 27  629 
 27  666 
 27  662 
 27  663 
 27  627 
 27  630 
 27  599 
 27  650 
 27  626 
 27  648 
 27  644 
 27  617 
 27  605 
 27  622 
 27  621 
 27  673 
 27  642 
 27  611 
 27  644 
 27  614 
 27  619 
 27  618 
 27  658 
 27  619 
 27  654 
 27  620 
 27  637 
 27  623 
 27  659 
 27  620 
 27  657 
 27  635 
 27  627 
 27  614 
 27  627 
 27  600 
 27  617 
 27  665 
 27  647 
 27  646 
 27  641 
 27  677 
 27  615 
 27  655 
 27  599 
 27  644 
 27  632 
 27  665 
 27  618 
 27  614 
 27  633 
 27  634 
 27  627 
 27  645 
 27  609 
 27  625 
 27  614 
 27  642 
 27  649 
 27  651 
 27  662 
 27  630 
 27  630 
 27  668 
 27  642 
 27  664 
 27  606 
 27  669 
 27  599 
 27  643 
 27  640 
 27  638 
 27  620 
 27  653 
 27  661 
 27  673 
 27  610 
 27  621 
 27  622 
 27  636 
 27  603 
 27  615 
 27  630 
 27  632 
 27  625 
 27  642 
 27  626 
 27  650 
 27  642 
 27  649 
 27  585 
 27  598 
 27  640 
 27  616 
 27  609 
 27  650 
 27  635 
 27  611 
 27  599 
 27  644 
 27  605 
 27  646 
 27  651 
 27  647 
 27  628 
 27  650 
 27  619 
 27  628 
 27  658 
 27  656 
 27  639 
 27  668 
 27  611 
 27  620 
 27  627 
 27  655 
 27  630 
 27  645 
 27  635 
 27  618 
 27  658 
 27  632 
 27  620 
 27  657 
 27  598 
 27  667 
 27  632 
 27  616 
 27  637 
 27  625 
 27  639 
 27  683 
 27  633 
 27  653 
 27  602 
 27  635 
 27  625 
 27  613 
 27  693 
 27  673 
 27  635 
 27  630 
 27  608 
 27  603 
 27  609 
 27  660 
 27  620 
 27  629 
 27  629 
 27  630 
 27  593 
 27  649 
 27  623 
 27  647 
 27  645 
 27  630 
 27  637 
 27  624 
 27  630 
 27  655 
 27  621 
 27  645 
 27  619 
 27  594 
 27  652 
 27  636 
 27  621 
 27  624 
 27  608 
 27  665 
 27  644 
 27  593 
 27  636 
 27  609 
 27  642 
 27  638 
 27  611 
 27  608 
 27  639 
 27  603 
 27  631 
 27  659 
 27  651 
 27  616 
 27  664 
 27  631 
 27  622 
 27  620 
 27  653 
 27  626 
 27  637 
 27  633 
 27  609 
 27  636 
 27  628 
 27  623 
 27  670 
 27  680 
 27  602 
 27  644 
 27  637 
 27  633 
 27  641 
 27  652 
 27  653 
 27  620 
 27  610 
 27  618 
 27  659 
 27  642 
 27  634 
 27  616 
 27  635 
 27  618 
 27  659 
 27  604 
 27  657 
 27  648 
 27  634 
 27  627 
 27  618 
 27  666 
 27  627 
 27  656 
 27  607 
 27  622 
 27  636 
 27  638 
 27  640 
 27  605 
 27  661 
 27  604 
 27  614 
 27  648 
 27  640 
 27  672 
 27  656 
 27  626 
 27  601 
 27  648 
 27  592 
 27  676 
 27  606 
 27  644 
 27  631 
 27  608 
 27  630 
 27  623 
 27  593 
 27  654 
 27  653 
 27  666 
 27  648 
 27  649 
 27  614 
 27  610 
 27  627 
 27  665 
 27  618 
 27  637 
 27  621 
 27  632 
 27  647 
 27  625 
 27  665 
 27  661 
 27  629 
 27  624 
 27  664 
 27  658 
 27  597 
 27  666 
 27  652 
 27  616 
 27  637 
 27  628 
 27  633 
 27  633 
 27  667 
 27  629 
 27  590 
 27  615 
 27  651 
 28  622 
 28  627 
 28  648 
 28  641 
 28  645 
 28  646 
 28  653 
 28  619 
 28  634 
 28  653 
 28  629 
 28  610 
 28  647 
 28  622 
 28  615 
 28  628 
 28  596 
 28  642 
 28  605 
 28  621 
 28  633 
 28  664 
 28  626 
 28  628 
 28  651 
 28  640 
 28  622 
 28  669 
 28  670 
 28  622 
 28  662 
 28  654 
 28  659 
 28  660 
 28  665 
 28  644 
 28  655 
 28  621 
 28  635 
 28  625 
 28  627 
 28  590 
 28  633 
 28  678 
 28  634 
 28  675 
 28  624 
 28  624 
 28  670 
 28  648 
 28  618 
 28  634 
 28  620 
 28  633 
 28  657 
 28  638 
 28  649 
 28  649 
 28  674 
 28  626 
 28  648 
 28  683 
 28  607 
 28  629 
 28  618 
 28  628 
 28  635 
 28  634 
 28  673 
 28  656 
 28  648 
 28  655 
 28  643 
 28  653 
 28  628 
 28  629 
 28  702 
 28  635 
 28  624 
 28  612 
 28  637 
 28  625 
 28  584 
 28  619 
 28  647 
 28  611 
 28  634 
 28  590 
 28  635 
 28  665 
 28  627 
 28  631 
 28  636 
 28  605 
 28  628 
 28  644 
 28  639 
 28  651 
 28  641 
 28  659 
 28  630 
 28  653 
 28  676 
 28  638 
 28  654 
 28  644 
 28  659 
 28  637 
 28  625 
 28  639 
 28  650 
 28  658 
 28  627 
 28  633 
 28  606 
 28  617 
 28  636 
 28  634 
 28  652 
 28  603 
 28  619 
 28  675 
 28  606 
 28  617 
 28  636 
 28  637 
 28  639 
 28  645 
 28  638 
 28  613 
 28  665 
 28  612 
 28  645 
 28  664 
 28  637 
 28  649 
 28  662 
 28  607 
 28  634 
 28  635 
 28  652 
 28  643 
 28  646 
 28  673 
 28  610 
 28  629 
 28  621 
 28  639 
 28  607 
 28  634 
 28  649 
 28  674 
 28  621 
 28  644 
 28  632 
 28  636 
 28  603 
 28  606 
 28  659 
 28  612 
 28  636 
 28  643 
 28  664 
 28  652 
 28  630 
 28  644 
 28  627 
 28  626 
 28  626 
 28  570 
 28  641 
 28  648 
 28  636 
 28  658 
 28  615 
 28  627 
 28  622 
 28  645 
 28  631 
 28  661 
 28  643 
 28  644 
 28  644 
 28  626 
 28  634 
 28  608 
 28  623 
 28  637 
 28  633 
 28  631 
 28  622 
 28  613 
 28  635 
 28  639 
 28  644 
 28  628 
 28  620 
 28  626 
 28  622 
 28  602 
 28  612 
 28  628 
 28  659 
 28  654 
 28  638 
 28  609 
 28  630 
 28  632 
 28  646 
 28  648 
 28  661 
 28  631 
 28  665 
 28  661 
 28  657 
 28  645 
 28  620 
 28  580 
 28  651 
 28  612 
 28  606 
 28  642 
 28  628 
 28  621 
 28  674 
 28  652 
 28  632 
 28  636 
 28  655 
 28  602 
 28  650 
 28  636 
 28  608 
 28  637 
 28  648 
 28  633 
 28  610 
 28  656 
 28  627 
 28  641 
 28  630 
 28  662 
 28  604 
 28  630 
 28  621 
 28  620 
 28  643 
 28  649 
 28  637 
 28  618 
 28  628 
 28  639 
 28  645 
 28  634 
 28  637 
 28  653 
 28  646 
 28  645 
 28  662 
 28  654 
 28  622 
 28  631 
 28  610 
 28  657 
 28  654 
 28  656 
 28  624 
 28  636 
 28  607 
 28  638 
 28  636 
 28  623 
 28  620 
 28  642 
 28  650 
 28  645 
 28  623 
 28  610 
 28  607 
 28  645 
 28  644 
 28  657 
 28  636 
 28  651 
 28  643 
 28  659 
 28  640 
 28  654 
 28  618 
 28  641 
 28  605 
 28  646 
 28  646 
 28  659 
 28  613 
 28  661 
 28  662 
 28  605 
 28  654 
 28  684 
 28  659 
 28  632 
 28  638 
 28  603 
 28  646 
 28  632 
 28  642 
 28  644 
 28  650 
 28  639 
 28  627 
 28  679 
 28  627 
 28  614 
 28  669 
 28  625 
 28  639 
 28  642 
 28  640 
 28  640 
 28  649 
 28  673 
 28  666 
 28  646 
 28  632 
 28  645 
 28  625 
 28  655 
 28  646 
 28  603 
 28  625 
 28  635 
 28  625 
 28  622 
 28  629 
 28  625 
 28  642 
 28  602 
 28  634 
 28  635 
 28  643 
 28  647 
 28  646 
 28  649 
 28  634 
 28  635 
 28  644 
 28  666 
 28  664 
 28  676 
 28  641 
 28  607 
 28  651 
 28  657 
 28  646 
 28  641 
 28  620 
 28  643 
 28  623 
 28  643 
 28  669 
 28  644 
 28  687 
 28  644 
 28  623 
 28  656 
 28  632 
 28  653 
 28  626 
 28  630 
 28  656 
 28  641 
 28  634 
 28  622 
 28  629 
 28  625 
 28  655 
 28  670 
 28  639 
 28  630 
 28  633 
 28  656 
 28  620 
 28  646 
 28  625 
 28  654 
 28  624 
 28  647 
 28  638 
 28  657 
 28  644 
 28  609 
 28  657 
 28  627 
 28  631 
 28  628 
 28  630 
 28  645 
 28  625 
 28  662 
 28  637 
 28  628 
 28  641 
 28  666 
 28  614 
 28  621 
 28  610 
 28  647 
 28  641 
 28  617 
 28  646 
 28  655 
 28  607 
 28  643 
 28  666 
 28  628 
 28  665 
 28  618 
 28  635 
 28  625 
 28  639 
 28  604 
 28  645 
 28  622 
 28  642 
 28  652 
 28  643 
 28  615 
 28  642 
 28  634 
 28  632 
 28  639 
 28  608 
 28  632 
 28  636 
 28  682 
 28  655 
 28  621 
 28  657 
 28  673 
 28  634 
 28  644 
 28  646 
 28  627 
 28  663 
 28  670 
 28  628 
 28  645 
 28  645 
 28  637 
 28  627 
 28  640 
 28  638 
 28  608 
 28  643 
 28  645 
 28  632 
 28  636 
 28  649 
 28  673 
 28  600 
 28  608 
 28  644 
 28  630 
 28  648 
 28  633 
 28  606 
 28  623 
 28  630 
 28  617 
 28  610 
 28  656 
 28  627 
 28  637 
 28  612 
 28  653 
 28  650 
 28  611 
 28  615 
 28  623 
 28  639 
 28  616 
 28  630 
 28  623 
 28  635 
 28  654 
 28  614 
 28  635 
 28  639 
 28  635 
 28  648 
 28  634 
 28  614 
 28  648 
 28  660 
 28  652 
 28  653 
 28  655 
 28  649 
 28  637 
 28  601 
 28  626 
 28  651 
 28  623 
 28  637 
 28  657 
 28  634 
 28  668 
 28  657 
 28  635 
 28  637 
 28  661 
 28  652 
 28  614 
 28  602 
 28  646 
 28  645 
 28  620 
 28  632 
 28  617 
 28  665 
 28  638 
 28  622 
 28  659 
 28  666 
 28  655 
 28  647 
 28  616 
 28  615 
 28  644 
 28  598 
 28  664 
 28  604 
 28  637 
 28  620 
 28  644 
 28  649 
 28  646 
 28  632 
 28  606 
 28  629 
 28  641 
 28  625 
 28  609 
 28  651 
 28  664 
 28  605 
 28  654 
 28  651 
 28  673 
 28  654 
 28  642 
 28  628 
 28  638 
 28  636 
 28  654 
 28  641 
 28  633 
 28  612 
 28  614 
 28  618 
 28  629 
 28  626 
 28  631 
 28  678 
 28  637 
 28  623 
 28  672 
 28  626 
 28  682 
 28  630 
 28  680 
 28  640 
 28  664 
 28  645 
 28  609 
 28  657 
 28  609 
 28  640 
 28  636 
 28  670 
 28  632 
 28  634 
 28  604 
 28  624 
 28  634 
 28  619 
 28  644 
 28  652 
 28  599 
 28  608 
 28  609 
 28  640 
 28  676 
 28  656 
 28  674 
 28  635 
 28  640 
 28  634 
 28  646 
 28  625 
 28  668 
 28  678 
 28  624 
 28  623 
 28  631 
 28  640 
 28  645 
 28  665 
 28  604 
 28  639 
 28  652 
 28  652 
 28  626 
 28  630 
 28  659 
 28  652 
 28  605 
 28  620 
 28  648 
 28  633 
 28  650 
 28  643 
 28  627 
 28  651 
 28  673 
 28  650 
 28  651 
 28  644 
 28  651 
 28  647 
 28  625 
 28  639 
 28  646 
 28  631 
 28  635 
 28  636 
 28  617 
 28  638 
 28  628 
 28  636 
 28  603 
 28  636 
 28  647 
 28  631 
 28  623 
 28  637 
 28  640 
 28  628 
 28  605 
 28  627 
 28  647 
 28  627 
 28  632 
 28  624 
 28  640 
 28  636 
 28  666 
 28  634 
 28  601 
 28  623 
 28  656 
 28  642 
 28  626 
 28  606 
 28  651 
 28  647 
 28  643 
 28  649 
 28  639 
 28  632 
 28  651 
 28  635 
 28  637 
 28  658 
 28  677 
 28  601 
 28  630 
 28  632 
 28  617 
 28  645 
 28  645 
 28  634 
 28  635 
 28  644 
 28  649 
 28  652 
 28  638 
 28  658 
 28  612 
 28  649 
 28  642 
 28  630 
 28  626 
 28  638 
 28  613 
 28  642 
 28  634 
 28  634 
 28  623 
 28  588 
 28  627 
 28  644 
 28  659 
 28  617 
 28  638 
 28  634 
 28  652 
 28  603 
 28  620 
 28  639 
 28  626 
 28  630 
 28  650 
 28  623 
 28  605 
 28  626 
 28  607 
 28  643 
 28  644 
 28  647 
 28  651 
 28  622 
 28  646 
 28  673 
 28  650 
 28  646 
 28  668 
 28  612 
 28  655 
 28  661 
 28  666 
 28  627 
 28  651 
 28  620 
 28  618 
 28  637 
 28  599 
 28  605 
 28  666 
 28  649 
 28  636 
 28  613 
 28  654 
 28  637 
 28  653 
 28  635 
 28  627 
 28  610 
 28  621 
 28  637 
 28  612 
 28  660 
 28  645 
 28  651 
 28  623 
 28  620 
 28  635 
 28  624 
 28  652 
 28  653 
 28  650 
 28  658 
 28  646 
 28  638 
 28  616 
 28  656 
 28  659 
 28  667 
 28  642 
 28  636 
 28  640 
 28  625 
 28  674 
 28  616 
 28  632 
 28  628 
 28  638 
 28  630 
 28  609 
 28  648 
 28  640 
 28  623 
 28  648 
 28  590 
 28  603 
 28  644 
 28  628 
 28  629 
 28  622 
 28  648 
 28  666 
 28  660 
 28  676 
 28  654 
 28  631 
 28  603 
 28  598 
 28  634 
 28  634 
 28  644 
 28  618 
 28  639 
 28  662 
 28  673 
 28  640 
 28  627 
 28  643 
 28  636 
 28  629 
 28  671 
 28  672 
 28  646 
 28  643 
 28  639 
 28  637 
 28  651 
 28  654 
 28  645 
 28  639 
 28  635 
 28  628 
 28  625 
 28  627 
 28  592 
 28  668 
 28  652 
 28  622 
 28  607 
 28  635 
 28  627 
 28  633 
 28  647 
 28  628 
 28  637 
 28  664 
 28  662 
 28  604 
 28  658 
 28  626 
 28  624 
 28  609 
 28  644 
 28  658 
 28  649 
 28  617 
 28  646 
 28  651 
 28  648 
 28  671 
 28  640 
 28  626 
 28  637 
 28  620 
 28  628 
 28  669 
 28  619 
 28  661 
 28  625 
 28  613 
 28  625 
 28  648 
 28  670 
 28  631 
 28  651 
 28  619 
 28  627 
 28  617 
 28  659 
 28  680 
 28  651 
 28  598 
 28  639 
 28  627 
 28  646 
 28  640 
 28  662 
 28  658 
 28  651 
 28  635 
 28  628 
 28  623 
 28  649 
 28  633 
 28  674 
 28  646 
 28  664 
 28  617 
 28  654 
 28  635 
 28  649 
 28  603 
 28  625 
 28  636 
 28  641 
 28  639 
 28  646 
 28  659 
 28  631 
 28  645 
 28  629 
 28  639 
 28  632 
 28  670 
 28  621 
 28  665 
 28  635 
 28  659 
 28  635 
 28  671 
 28  645 
 28  633 
 28  684 
 28  601 
 28  598 
 28  621 
 28  623 
 28  617 
 28  584 
 28  653 
 28  651 
 28  605 
 28  624 
 28  647 
 28  615 
 28  645 
 28  637 
 28  637 
 28  636 
 28  644 
 28  651 
 28  618 
 28  657 
 28  652 
 28  647 
 28  681 
 28  633 
 28  667 
 28  645 
 28  651 
 28  621 
 28  606 
 28  622 
 28  656 
 28  612 
 28  610 
 28  635 
 28  618 
 28  623 
 28  635 
 28  623 
 28  654 
 28  640 
 28  653 
 28  659 
 28  649 
 28  595 
 28  639 
 28  620 
 28  660 
 28  636 
 28  630 
 28  659 
 28  622 
 28  635 
 28  640 
 28  622 
 28  618 
 28  629 
 28  622 
 28  636 
 28  653 
 28  660 
 28  618 
 28  684 
 28  637 
 28  625 
 28  610 
 28  619 
 28  666 
 28  626 
 28  660 
 28  645 
 28  628 
 28  631 
 28  600 
 28  661 
 28  646 
 28  670 
 28  630 
 28  664 
 28  645 
 28  659 
 28  643 
 28  630 
 28  619 
 28  588 
 28  584 
 28  635 
 28  622 
 29  618 
 29  682 
 29  622 
 29  595 
 29  660 
 29  644 
 29  629 
 29  621 
 29  645 
 29  635 
 29  647 
 29  642 
 29  617 
 29  641 
 29  633 
 29  628 
 29  620 
 29  670 
 29  663 
 29  621 
 29  646 
 29  608 
 29  616 
 29  649 
 29  639 
 29  663 
 29  634 
 29  643 
 29  645 
 29  630 
 29  629 
 29  613 
 29  642 
 29  659 
 29  654 
 29  634 
 29  630 
 29  631 
 29  652 
 29  644 
 29  626 
 29  654 
 29  642 
 29  644 
 29  625 
 29  659 
 29  621 
 29  652 
 29  592 
 29  653 
 29  637 
 29  652 
 29  664 
 29  618 
 29  625 
 29  656 
 29  623 
 29  640 
 29  606 
 29  667 
 29  651 
 29  669 
 29  683 
 29  632 
 29  663 
 29  641 
 29  646 
 29  612 
 29  628 
 29  634 
 29  668 
 29  634 
 29  652 
 29  650 
 29  647 
 29  628 
 29  608 
 29  645 
 29  671 
 29  640 
 29  630 
 29  643 
 29  659 
 29  655 
 29  620 
 29  613 
 29  628 
 29  651 
 29  643 
 29  635 
 29  677 
 29  655 
 29  645 
 29  649 
 29  651 
 29  655 
 29  669 
 29  636 
 29  627 
 29  650 
 29  635 
 29  656 
 29  659 
 29  635 
 29  626 
 29  633 
 29  661 
 29  650 
 29  622 
 29  638 
 29  654 
 29  664 
 29  640 
 29  637 
 29  653 
 29  612 
 29  631 
 29  636 
 29  627 
 29  649 
 29  645 
 29  622 
 29  626 
 29  662 
 29  673 
 29  644 
 29  616 
 29  650 
 29  686 
 29  663 
 29  652 
 29  632 
 29  640 
 29  612 
 29  634 
 29  632 
 29  660 
 29  644 
 29  658 
 29  627 
 29  630 
 29  650 
 29  674 
 29  657 
 29  599 
 29  615 
 29  650 
 29  663 
 29  612 
 29  675 
 29  662 
 29  639 
 29  654 
 29  682 
 29  681 
 29  604 
 29  645 
 29  615 
 29  632 
 29  665 
 29  617 
 29  637 
 29  683 
 29  633 
 29  663 
 29  660 
 29  608 
 29  627 
 29  599 
 29  649 
 29  633 
 29  662 
 29  643 
 29  641 
 29  626 
 29  596 
 29  649 
 29  634 
 29  639 
 29  647 
 29  670 
 29  626 
 29  650 
 29  645 
 29  633 
 29  668 
 29  633 
 29  654 
 29  630 
 29  634 
 29  615 
 29  651 
 29  646 
 29  672 
 29  630 
 29  646 
 29  662 
 29  613 
 29  613 
 29  619 
 29  654 
 29  669 
 29  671 
 29  646 
 29  633 
 29  669 
 29  626 
 29  608 
 29  673 
 29  639 
 29  672 
 29  635 
 29  648 
 29  650 
 29  642 
 29  629 
 29  665 
 29  613 
 29  651 
 29  692 
 29  678 
 29  618 
 29  669 
 29  660 
 29  661 
 29  667 
 29  635 
 29  631 
 29  667 
 29  627 
 29  605 
 29  637 
 29  650 
 29  635 
 29  633 
 29  631 
 29  628 
 29  656 
 29  667 
 29  661 
 29  616 
 29  622 
 29  637 
 29  654 
 29  647 
 29  657 
 29  648 
 29  624 
 29  623 
 29  641 
 29  627 
 29  615 
 29  612 
 29  619 
 29  659 
 29  625 
 29  672 
 29  677 
 29  626 
 29  633 
 29  669 
 29  656 
 29  629 
 29  606 
 29  677 
 29  642 
 29  650 
 29  658 
 29  633 
 29  591 
 29  611 
 29  643 
 29  640 
 29  630 
 29  640 
 29  634 
 29  607 
 29  641 
 29  660 
 29  676 
 29  641 
 29  624 
 29  636 
 29  629 
 29  620 
 29  655 
 29  672 
 29  668 
 29  623 
 29  634 
 29  654 
 29  634 
 29  637 
 29  601 
 29  616 
 29  622 
 29  660 
 29  628 
 29  609 
 29  627 
 29  608 
 29  661 
 29  649 
 29  643 
 29  642 
 29  680 
 29  645 
 29  631 
 29  627 
 29  643 
 29  650 
 29  609 
 29  624 
 29  610 
 29  627 
 29  621 
 29  652 
 29  624 
 29  620 
 29  635 
 29  657 
 29  664 
 29  644 
 29  626 
 29  614 
 29  615 
 29  681 
 29  650 
 29  659 
 29  627 
 29  639 
 29  630 
 29  631 
 29  674 
 29  618 
 29  637 
 29  643 
 29  639 
 29  651 
 29  663 
 29  614 
 29  644 
 29  640 
 29  656 
 29  671 
 29  639 
 29  649 
 29  662 
 29  694 
 29  663 
 29  610 
 29  609 
 29  656 
 29  600 
 29  631 
 29  626 
 29  611 
 29  651 
 29  634 
 29  645 
 29  643 
 29  641 
 29  623 
 29  629 
 29  622 
 29  629 
 29  641 
 29  630 
 29  649 
 29  648 
 29  640 
 29  648 
 29  625 
 29  636 
 29  638 
 29  626 
 29  683 
 29  639 
 29  650 
 29  647 
 29  636 
 29  632 
 29  630 
 29  613 
 29  670 
 29  627 
 29  642 
 29  663 
 29  605 
 29  611 
 29  646 
 29  619 
 29  621 
 29  648 
 29  646 
 29  605 
 29  635 
 29  623 
 29  630 
 29  624 
 29  606 
 29  665 
 29  625 
 29  647 
 29  640 
 29  635 
 29  629 
 29  642 
 29  608 
 29  637 
 29  645 
 29  665 
 29  608 
 29  667 
 29  650 
 29  651 
 29  652 
 29  635 
 29  623 
 29  618 
 29  631 
 29  638 
 29  617 
 29  649 
 29  666 
 29  641 
 29  656 
 29  660 
 29  625 
 29  634 
 29  657 
 29  658 
 29  643 
 29  634 
 29  643 
 29  628 
 29  649 
 29  682 
 29  626 
 29  615 
 29  631 
 29  643 
 29  641 
 29  646 
 29  631 
 29  635 
 29  639 
 29  659 
 29  650 
 29  627 
 29  660 
 29  635 
 29  647 
 29  646 
 29  656 
 29  642 
 29  677 
 29  674 
 29  648 
 29  652 
 29  627 
 29  659 
 29  614 
 29  644 
 29  657 
 29  635 
 29  644 
 29  640 
 29  651 
 29  648 
 29  645 
 29  638 
 29  640 
 29  673 
 29  638 
 29  647 
 29  626 
 29  614 
 29  664 
 29  699 
 29  646 
 29  639 
 29  634 
 29  645 
 29  630 
 29  634 
 29  619 
 29  662 
 29  597 
 29  632 
 29  639 
 29  648 
 29  601 
 29  659 
 29  649 
 29  611 
 29  619 
 29  658 
 29  668 
 29  648 
 29  637 
 29  611 
 29  645 
 29  621 
 29  653 
 29  656 
 29  625 
 29  637 
 29  628 
 29  625 
 29  634 
 29  641 
 29  628 
 29  628 
 29  617 
 29  651 
 29  649 
 29  644 
 29  660 
 29  695 
 29  664 
 29  632 
 29  612 
 29  650 
 29  667 
 29  647 
 29  642 
 29  642 
 29  613 
 29  637 
 29  654 
 29  635 
 29  644 
 29  618 
 29  630 
 29  646 
 29  646 
 29  676 
 29  635 
 29  650 
 29  662 
 29  634 
 29  644 
 29  637 
 29  633 
 29  647 
 29  640 
 29  647 
 29  641 
 29  631 
 29  661 
 29  639 
 29  639 
 29  642 
 29  647 
 29  663 
 29  652 
 29  659 
 29  645 
 29  677 
 29  637 
 29  624 
 29  640 
 29  674 
 29  643 
 29  665 
 29  643 
 29  629 
 29  654 
 29  629 
 29  644 
 29  590 
 29  652 
 29  654 
 29  628 
 29  654 
 29  638 
 29  650 
 29  650 
 29  640 
 29  631 
 29  621 
 29  637 
 29  635 
 29  630 
 29  612 
 29  624 
 29  647 
 29  640 
 29  652 
 29  614 
 29  599 
 29  640 
 29  662 
 29  661 
 29  630 
 29  616 
 29  650 
 29  571 
 29  630 
 29  646 
 29  627 
 29  611 
 29  641 
 29  657 
 29  639 
 29  705 
 29  620 
 29  652 
 29  611 
 29  646 
 29  644 
 29  622 
 29  686 
 29  659 
 29  635 
 29  662 
 29  638 
 29  644 
 29  660 
 29  628 
 29  622 
 29  663 
 29  648 
 29  614 
 29  640 
 29  672 
 29  634 
 29  643 
 29  667 
 29  637 
 29  648 
 29  653 
 29  656 
 29  621 
 29  638 
 29  673 
 29  641 
 29  641 
 29  639 
 29  640 
 29  635 
 29  662 
 29  630 
 29  669 
 29  614 
 29  624 
 29  649 
 29  604 
 29  706 
 29  599 
 29  649 
 29  612 
 29  624 
 29  674 
 29  636 
 29  636 
 29  665 
 29  629 
 29  641 
 29  629 
 29  657 
 29  651 
 29  679 
 29  627 
 29  637 
 29  650 
 29  676 
 29  638 
 29  665 
 29  659 
 29  681 
 29  671 
 29  620 
 29  638 
 29  635 
 29  654 
 29  668 
 29  662 
 29  634 
 29  651 
 29  639 
 29  689 
 29  635 
 29  662 
 29  654 
 29  640 
 29  671 
 29  686 
 29  672 
 29  614 
 29  645 
 29  650 
 29  659 
 29  628 
 29  653 
 29  640 
 29  650 
 29  634 
 29  654 
 29  631 
 29  627 
 29  647 
 29  631 
 29  632 
 29  617 
 29  620 
 29  634 
 29  637 
 29  653 
 29  643 
 29  643 
 29  638 
 29  642 
 29  635 
 29  643 
 29  642 
 29  651 
 29  634 
 29  618 
 29  626 
 29  616 
 29  656 
 29  636 
 29  654 
 29  643 
 29  620 
 29  664 
 29  625 
 29  625 
 29  642 
 29  619 
 29  636 
 29  627 
 29  604 
 29  640 
 29  611 
 29  655 
 29  621 
 29  654 
 29  649 
 29  617 
 29  683 
 29  636 
 29  619 
 29  646 
 29  626 
 29  649 
 29  627 
 29  624 
 29  634 
 29  629 
 29  659 
 29  670 
 29  624 
 29  641 
 29  664 
 29  664 
 29  608 
 29  660 
 29  625 
 29  643 
 29  683 
 29  635 
 29  650 
 29  685 
 29  646 
 29  658 
 29  643 
 29  640 
 29  640 
 29  663 
 29  658 
 29  648 
 29  703 
 29  611 
 29  630 
 29  657 
 29  598 
 29  630 
 29  627 
 29  618 
 29  658 
 29  639 
 29  663 
 29  644 
 29  622 
 29  633 
 29  635 
 29  630 
 29  617 
 29  653 
 29  631 
 29  621 
 29  675 
 29  612 
 29  642 
 29  614 
 29  626 
 29  669 
 29  644 
 29  616 
 29  650 
 29  654 
 29  605 
 29  648 
 29  633 
 29  629 
 29  650 
 29  652 
 29  640 
 29  629 
 29  628 
 29  671 
 29  628 
 29  650 
 29  636 
 29  631 
 29  601 
 29  631 
 29  681 
 29  641 
 29  633 
 29  660 
 29  657 
 29  640 
 29  644 
 29  623 
 29  623 
 29  651 
 29  644 
 29  665 
 29  609 
 29  633 
 29  675 
 29  607 
 29  619 
 29  675 
 29  638 
 29  627 
 29  620 
 29  621 
 29  644 
 29  682 
 29  632 
 29  634 
 29  652 
 29  688 
 29  678 
 29  637 
 29  668 
 29  657 
 29  658 
 29  658 
 29  635 
 29  614 
 29  601 
 29  657 
 29  655 
 29  631 
 29  597 
 29  641 
 29  640 
 29  636 
 29  636 
 29  619 
 29  655 
 29  635 
 29  663 
 29  653 
 29  641 
 29  655 
 29  672 
 29  605 
 29  651 
 29  662 
 29  621 
 29  633 
 29  627 
 29  602 
 29  638 
 29  662 
 29  654 
 29  660 
 29  648 
 29  611 
 29  618 
 29  663 
 29  624 
 29  637 
 29  656 
 29  655 
 29  639 
 29  651 
 29  621 
 29  643 
 29  638 
 29  624 
 29  639 
 29  638 
 29  640 
 29  644 
 29  666 
 29  657 
 29  659 
 29  640 
 29  635 
 29  645 
 29  620 
 29  684 
 29  659 
 29  659 
 29  642 
 29  639 
 29  632 
 29  643 
 29  648 
 29  626 
 29  644 
 29  654 
 29  663 
 29  645 
 29  609 
 29  654 
 29  637 
 29  658 
 29  596 
 29  612 
 29  652 
 29  670 
 29  651 
 29  623 
 29  654 
 29  625 
 29  632 
 29  637 
 29  641 
 29  622 
 29  632 
 29  626 
 29  635 
 29  615 
 29  636 
 29  675 
 29  650 
 29  633 
 29  632 
 29  623 
 29  649 
 29  651 
 29  634 
 29  693 
 29  623 
 29  635 
 29  646 
 29  623 
 29  662 
 29  662 
 29  648 
 29  618 
 29  629 
 29  625 
 29  636 
 29  632 
 29  664 
 29  643 
 29  634 
 29  644 
 29  640 
 29  655 
 29  650 
 29  651 
 29  643 
 29  597 
 29  649 
 29  637 
 29  666 
 29  618 
 29  628 
 29  652 
 29  685 
 29  621 
 29  663 
 29  654 
 29  649 
 29  640 
 29  658 
 29  635 
 29  661 
 29  660 
 29  630 
 29  619 
 29  667 
 29  654 
 29  660 
 29  645 
 29  646 
 29  659 
 29  633 
 29  626 
 30  645 
 30  656 
 30  628 
 30  631 
 30  661 
 30  653 
 30  644 
 30  650 
 30  668 
 30  646 
 30  690 
 30  647 
 30  645 
 30  643 
 30  639 
 30  647 
 30  647 
 30  680 
 30  668 
 30  638 
 30  604 
 30  649 
 30  628 
 30  639 
 30  630 
 30  656 
 30  675 
 30  670 
 30  645 
 30  649 
 30  647 
 30  653 
 30  638 
 30  621 
 30  660 
 30  641 
 30  706 
 30  637 
 30  665 
 30  649 
 30  650 
 30  629 
 30  650 
 30  638 
 30  638 
 30  610 
 30  649 
 30  647 
 30  676 
 30  668 
 30  648 
 30  654 
 30  665 
 30  650 
 30  631 
 30  642 
 30  635 
 30  634 
 30  663 
 30  649 
 30  654 
 30  637 
 30  648 
 30  667 
 30  646 
 30  646 
 30  652 
 30  630 
 30  637 
 30  669 
 30  644 
 30  633 
 30  676 
 30  664 
 30  633 
 30  643 
 30  611 
 30  654 
 30  659 
 30  646 
 30  662 
 30  636 
 30  642 
 30  670 
 30  618 
 30  629 
 30  658 
 30  692 
 30  652 
 30  631 
 30  619 
 30  615 
 30  622 
 30  686 
 30  607 
 30  670 
 30  624 
 30  664 
 30  650 
 30  695 
 30  676 
 30  621 
 30  654 
 30  669 
 30  666 
 30  644 
 30  663 
 30  617 
 30  665 
 30  655 
 30  648 
 30  635 
 30  671 
 30  641 
 30  645 
 30  637 
 30  645 
 30  645 
 30  654 
 30  612 
 30  632 
 30  648 
 30  658 
 30  654 
 30  658 
 30  665 
 30  659 
 30  633 
 30  623 
 30  611 
 30  630 
 30  679 
 30  672 
 30  648 
 30  640 
 30  611 
 30  672 
 30  659 
 30  621 
 30  657 
 30  629 
 30  613 
 30  625 
 30  640 
 30  626 
 30  664 
 30  663 
 30  666 
 30  644 
 30  643 
 30  638 
 30  631 
 30  635 
 30  644 
 30  622 
 30  660 
 30  596 
 30  671 
 30  655 
 30  634 
 30  665 
 30  661 
 30  634 
 30  637 
 30  623 
 30  651 
 30  641 
 30  634 
 30  648 
 30  668 
 30  613 
 30  646 
 30  633 
 30  663 
 30  640 
 30  665 
 30  631 
 30  628 
 30  684 
 30  665 
 30  620 
 30  673 
 30  626 
 30  622 
 30  654 
 30  656 
 30  653 
 30  675 
 30  635 
 30  636 
 30  634 
 30  625 
 30  620 
 30  620 
 30  670 
 30  631 
 30  596 
 30  635 
 30  655 
 30  626 
 30  659 
 30  652 
 30  618 
 30  659 
 30  645 
 30  621 
 30  656 
 30  667 
 30  633 
 30  639 
 30  686 
 30  639 
 30  628 
 30  654 
 30  643 
 30  659 
 30  676 
 30  615 
 30  648 
 30  605 
 30  659 
 30  630 
 30  657 
 30  655 
 30  670 
 30  631 
 30  682 
 30  667 
 30  664 
 30  623 
 30  639 
 30  663 
 30  623 
 30  621 
 30  656 
 30  637 
 30  686 
 30  639 
 30  612 
 30  663 
 30  668 
 30  655 
 30  656 
 30  636 
 30  608 
 30  625 
 30  610 
 30  624 
 30  658 
 30  678 
 30  670 
 30  660 
 30  621 
 30  634 
 30  635 
 30  653 
 30  662 
 30  646 
 30  667 
 30  660 
 30  660 
 30  664 
 30  614 
 30  642 
 30  636 
 30  614 
 30  635 
 30  674 
 30  605 
 30  641 
 30  640 
 30  655 
 30  656 
 30  652 
 30  709 
 30  636 
 30  652 
 30  695 
 30  682 
 30  646 
 30  632 
 30  636 
 30  653 
 30  636 
 30  663 
 30  615 
 30  672 
 30  616 
 30  671 
 30  653 
 30  623 
 30  656 
 30  658 
 30  666 
 30  639 
 30  668 
 30  652 
 30  672 
 30  651 
 30  680 
 30  646 
 30  652 
 30  640 
 30  630 
 30  640 
 30  627 
 30  644 
 30  642 
 30  689 
 30  677 
 30  652 
 30  629 
 30  660 
 30  667 
 30  643 
 30  671 
 30  639 
 30  652 
 30  639 
 30  680 
 30  666 
 30  656 
 30  685 
 30  653 
 30  616 
 30  618 
 30  635 
 30  647 
 30  661 
 30  691 
 30  680 
 30  638 
 30  671 
 30  643 
 30  662 
 30  673 
 30  650 
 30  636 
 30  682 
 30  627 
 30  647 
 30  615 
 30  646 
 30  681 
 30  641 
 30  647 
 30  633 
 30  661 
 30  680 
 30  679 
 30  655 
 30  653 
 30  637 
 30  633 
 30  647 
 30  672 
 30  647 
 30  634 
 30  658 
 30  634 
 30  653 
 30  633 
 30  638 
 30  690 
 30  644 
 30  634 
 30  635 
 30  620 
 30  619 
 30  664 
 30  661 
 30  665 
 30  645 
 30  655 
 30  652 
 30  664 
 30  635 
 30  676 
 30  641 
 30  626 
 30  628 
 30  675 
 30  689 
 30  676 
 30  669 
 30  659 
 30  626 
 30  637 
 30  649 
 30  665 
 30  630 
 30  647 
 30  631 
 30  628 
 30  648 
 30  686 
 30  628 
 30  688 
 30  674 
 30  680 
 30  704 
 30  666 
 30  640 
 30  687 
 30  649 
 30  627 
 30  651 
 30  668 
 30  616 
 30  633 
 30  619 
 30  680 
 30  660 
 30  663 
 30  658 
 30  648 
 30  641 
 30  683 
 30  626 
 30  634 
 30  653 
 30  675 
 30  680 
 30  649 
 30  641 
 30  645 
 30  659 
 30  646 
 30  625 
 30  640 
 30  677 
 30  637 
 30  658 
 30  610 
 30  664 
 30  662 
 30  651 
 30  603 
 30  665 
 30  622 
 30  655 
 30  623 
 30  629 
 30  621 
 30  614 
 30  611 
 30  647 
 30  650 
 30  635 
 30  616 
 30  647 
 30  650 
 30  651 
 30  668 
 30  651 
 30  651 
 30  639 
 30  668 
 30  636 
 30  647 
 30  644 
 30  698 
 30  645 
 30  691 
 30  654 
 30  625 
 30  652 
 30  649 
 30  685 
 30  643 
 30  645 
 30  627 
 30  681 
 30  623 
 30  641 
 30  658 
 30  647 
 30  635 
 30  676 
 30  642 
 30  637 
 30  662 
 30  664 
 30  642 
 30  625 
 30  665 
 30  647 
 30  615 
 30  661 
 30  637 
 30  620 
 30  623 
 30  666 
 30  674 
 30  665 
 30  625 
 30  628 
 30  658 
 30  676 
 30  621 
 30  631 
 30  654 
 30  646 
 30  674 
 30  660 
 30  674 
 30  627 
 30  676 
 30  664 
 30  614 
 30  650 
 30  612 
 30  674 
 30  653 
 30  618 
 30  651 
 30  648 
 30  657 
 30  665 
 30  643 
 30  597 
 30  657 
 30  661 
 30  661 
 30  655 
 30  647 
 30  634 
 30  614 
 30  641 
 30  666 
 30  646 
 30  635 
 30  630 
 30  634 
 30  667 
 30  620 
 30  691 
 30  659 
 30  640 
 30  647 
 30  702 
 30  648 
 30  650 
 30  680 
 30  634 
 30  663 
 30  666 
 30  683 
 30  638 
 30  640 
 30  647 
 30  663 
 30  642 
 30  632 
 30  685 
 30  633 
 30  646 
 30  624 
 30  639 
 30  641 
 30  667 
 30  623 
 30  669 
 30  647 
 30  627 
 30  709 
 30  626 
 30  626 
 30  640 
 30  570 
 30  658 
 30  668 
 30  657 
 30  660 
 30  651 
 30  649 
 30  639 
 30  661 
 30  663 
 30  654 
 30  624 
 30  634 
 30  659 
 30  616 
 30  660 
 30  613 
 30  629 
 30  627 
 30  655 
 30  610 
 30  626 
 30  660 
 30  612 
 30  646 
 30  663 
 30  619 
 30  633 
 30  661 
 30  643 
 30  668 
 30  692 
 30  650 
 30  651 
 30  666 
 30  660 
 30  659 
 30  668 
 30  663 
 30  630 
 30  648 
 30  652 
 30  694 
 30  621 
 30  629 
 30  662 
 30  656 
 30  639 
 30  656 
 30  662 
 30  664 
 30  720 
 30  671 
 30  647 
 30  636 
 30  658 
 30  648 
 30  667 
 30  661 
 30  655 
 30  645 
 30  622 
 30  663 
 30  654 
 30  615 
 30  619 
 30  630 
 30  658 
 30  655 
 30  650 
 30  621 
 30  660 
 30  636 
 30  662 
 30  612 
 30  676 
 30  689 
 30  628 
 30  643 
 30  625 
 30  631 
 30  659 
 30  642 
 30  602 
 30  649 
 30  636 
 30  657 
 30  619 
 30  660 
 30  652 
 30  652 
 30  641 
 30  661 
 30  643 
 30  596 
 30  637 
 30  627 
 30  653 
 30  638 
 30  640 
 30  649 
 30  661 
 30  627 
 30  667 
 30  641 
 30  656 
 30  650 
 30  663 
 30  652 
 30  689 
 30  690 
 30  638 
 30  619 
 30  645 
 30  662 
 30  636 
 30  624 
 30  634 
 30  661 
 30  673 
 30  648 
 30  675 
 30  660 
 30  674 
 30  629 
 30  676 
 30  676 
 30  630 
 30  645 
 30  626 
 30  673 
 30  639 
 30  636 
 30  630 
 30  665 
 30  647 
 30  629 
 30  620 
 30  654 
 30  673 
 30  656 
 30  634 
 30  683 
 30  680 
 30  621 
 30  646 
 30  639 
 30  617 
 30  651 
 30  656 
 30  633 
 30  587 
 30  631 
 30  625 
 30  609 
 30  618 
 30  644 
 30  678 
 30  674 
 30  649 
 30  679 
 30  634 
 30  661 
 30  650 
 30  638 
 30  627 
 30  620 
 30  604 
 30  651 
 30  620 
 30  679 
 30  692 
 30  667 
 30  644 
 30  673 
 30  652 
 30  631 
 30  669 
 30  671 
 30  668 
 30  654 
 30  697 
 30  646 
 30  649 
 30  678 
 30  614 
 30  661 
 30  658 
 30  609 
 30  651 
 30  637 
 30  645 
 30  642 
 30  653 
 30  635 
 30  644 
 30  621 
 30  641 
 30  633 
 30  653 
 30  624 
 30  694 
 30  609 
 30  654 
 30  659 
 30  651 
 30  675 
 30  649 
 30  670 
 30  635 
 30  654 
 30  655 
 30  619 
 30  657 
 30  669 
 30  624 
 30  654 
 30  641 
 30  615 
 30  644 
 30  665 
 30  663 
 30  670 
 30  692 
 30  669 
 30  628 
 30  677 
 30  606 
 30  675 
 30  654 
 30  667 
 30  630 
 30  646 
 30  663 
 30  625 
 30  676 
 30  671 
 30  637 
 30  641 
 30  614 
 30  655 
 30  652 
 30  623 
 30  665 
 30  680 
 30  650 
 30  655 
 30  615 
 30  613 
 30  654 
 30  659 
 30  626 
 30  667 
 30  657 
 30  640 
 30  680 
 30  665 
 30  685 
 30  633 
 30  651 
 30  651 
 30  652 
 30  670 
 30  656 
 30  614 
 30  653 
 30  641 
 30  664 
 30  662 
 30  654 
 30  638 
 30  616 
 30  646 
 30  645 
 30  625 
 30  675 
 30  686 
 30  644 
 30  675 
 30  646 
 30  660 
 30  633 
 30  659 
 30  671 
 30  662 
 30  629 
 30  648 
 30  668 
 30  634 
 30  649 
 30  655 
 30  671 
 30  633 
 30  672 
 30  620 
 30  614 
 30  672 
 30  637 
 30  626 
 30  644 
 30  658 
 30  630 
 30  643 
 30  661 
 30  650 
 30  621 
 30  672 
 30  635 
 30  677 
 30  635 
 30  630 
 30  636 
 30  654 
 30  655 
 30  621 
 30  662 
 30  648 
 30  674 
 30  656 
 30  644 
 30  674 
 30  693 
 30  698 
 30  673 
 30  645 
 30  624 
 30  648 
 30  654 
 30  641 
 30  664 
 30  673 
 30  637 
 30  649 
 30  603 
 30  674 
 30  666 
 30  665 
 30  635 
 30  659 
 30  655 
 30  647 
 30  663 
 30  651 
 30  683 
 30  627 
 30  621 
 30  666 
 30  641 
 30  668 
 30  653 
 30  651 
 30  660 
 30  629 
 30  637 
 30  662 
 30  675 
 30  661 
 30  616 
 30  632 
 30  697 
 30  638 
 30  658 
 30  675 
 30  626 
 30  671 
 30  649 
 30  660 
 30  664 
 30  668 
 30  657 
 30  646 
 30  656 
 30  666 
 30  688 
 30  655 
 30  658 
 30  639 
 30  620 
 30  631 
 30  631 
 30  671 
 30  663 
 30  669 
 30  641 
 30  632 
 30  622 
 30  633 
 30  641 
 30  644 
 30  629 
 30  687 
 30  632 
 30  615 
 30  665 
 30  662 
 30  645 
 30  679 
 30  652 
 30  635 
 30  648 
 30  645 
 30  680 
 30  654 
 30  655 
 30  632 
 30  663 
 30  644 
 30  644 
 30  655 
 30  676 
 30  659 
 30  612 
 30  640 
 30  627 
 30  650 
 30  624 
 30  679 
 30  655 
 30  668 
 30  656 
 30  680 
 30  650 
 30  651 
 30  608 
 30  680 
 30  626 
 30  579 
 30  612 
 30  655 
 30  636 
 30  632 
 31  624 
 31  665 
 31  621 
 31  633 
 31  657 
 31  624 
 31  635 
 31  675 
 31  658 
 31  663 
 31  710 
 31  643 
 31  645 
 31  648 
 31  682 
 31  645 
 31  663 
 31  653 
 31  642 
 31  663 
 31  671 
 31  677 
 31  671 
 31  669 
 31  662 
 31  678 
 31  683 
 31  646 
 31  649 
 31  644 
 31  658 
 31  658 
 31  642 
 31  673 
 31  672 
 31  650 
 31  665 
 31  664 
 31  676 
 31  691 
 31  684 
 31  677 
 31  645 
 31  655 
 31  643 
 31  663 
 31  645 
 31  635 
 31  658 
 31  674 
 31  671 
 31  652 
 31  645 
 31  677 
 31  666 
 31  630 
 31  639 
 31  645 
 31  650 
 31  684 
 31  638 
 31  662 
 31  643 
 31  664 
 31  636 
 31  692 
 31  652 
 31  679 
 31  662 
 31  684 
 31  657 
 31  652 
 31  690 
 31  647 
 31  614 
 31  631 
 31  635 
 31  653 
 31  673 
 31  659 
 31  682 
 31  640 
 31  673 
 31  647 
 31  661 
 31  667 
 31  666 
 31  677 
 31  637 
 31  674 
 31  608 
 31  654 
 31  648 
 31  655 
 31  671 
 31  679 
 31  623 
 31  662 
 31  650 
 31  680 
 31  653 
 31  682 
 31  652 
 31  662 
 31  616 
 31  614 
 31  631 
 31  688 
 31  688 
 31  650 
 31  633 
 31  663 
 31  670 
 31  671 
 31  675 
 31  682 
 31  662 
 31  667 
 31  614 
 31  654 
 31  652 
 31  657 
 31  659 
 31  640 
 31  650 
 31  652 
 31  658 
 31  653 
 31  667 
 31  653 
 31  630 
 31  663 
 31  642 
 31  675 
 31  638 
 31  636 
 31  613 
 31  656 
 31  624 
 31  646 
 31  675 
 31  682 
 31  651 
 31  651 
 31  678 
 31  650 
 31  645 
 31  671 
 31  652 
 31  614 
 31  623 
 31  689 
 31  656 
 31  684 
 31  643 
 31  675 
 31  646 
 31  653 
 31  640 
 31  668 
 31  667 
 31  623 
 31  671 
 31  680 
 31  656 
 31  681 
 31  650 
 31  623 
 31  671 
 31  690 
 31  656 
 31  629 
 31  626 
 31  681 
 31  669 
 31  651 
 31  643 
 31  648 
 31  633 
 31  664 
 31  665 
 31  652 
 31  630 
 31  636 
 31  626 
 31  636 
 31  677 
 31  650 
 31  649 
 31  698 
 31  651 
 31  626 
 31  663 
 31  629 
 31  606 
 31  668 
 31  674 
 31  689 
 31  649 
 31  665 
 31  621 
 31  656 
 31  660 
 31  608 
 31  663 
 31  641 
 31  657 
 31  645 
 31  658 
 31  639 
 31  683 
 31  648 
 31  630 
 31  632 
 31  657 
 31  678 
 31  653 
 31  662 
 31  639 
 31  663 
 31  687 
 31  662 
 31  646 
 31  664 
 31  680 
 31  635 
 31  663 
 31  648 
 31  659 
 31  694 
 31  655 
 31  670 
 31  655 
 31  662 
 31  659 
 31  616 
 31  660 
 31  647 
 31  646 
 31  654 
 31  666 
 31  640 
 31  680 
 31  649 
 31  668 
 31  659 
 31  638 
 31  636 
 31  633 
 31  630 
 31  648 
 31  654 
 31  654 
 31  647 
 31  694 
 31  628 
 31  676 
 31  655 
 31  651 
 31  623 
 31  710 
 31  651 
 31  661 
 31  653 
 31  639 
 31  662 
 31  662 
 31  651 
 31  632 
 31  649 
 31  683 
 31  635 
 31  605 
 31  666 
 31  660 
 31  674 
 31  668 
 31  666 
 31  636 
 31  661 
 31  666 
 31  648 
 31  677 
 31  664 
 31  657 
 31  671 
 31  612 
 31  674 
 31  629 
 31  646 
 31  659 
 31  685 
 31  637 
 31  652 
 31  673 
 31  680 
 31  637 
 31  644 
 31  647 
 31  646 
 31  642 
 31  649 
 31  660 
 31  632 
 31  667 
 31  659 
 31  649 
 31  645 
 31  636 
 31  645 
 31  639 
 31  633 
 31  628 
 31  629 
 31  690 
 31  678 
 31  633 
 31  670 
 31  671 
 31  670 
 31  668 
 31  641 
 31  615 
 31  677 
 31  653 
 31  699 
 31  670 
 31  604 
 31  657 
 31  675 
 31  672 
 31  670 
 31  611 
 31  646 
 31  659 
 31  640 
 31  659 
 31  678 
 31  638 
 31  649 
 31  647 
 31  646 
 31  685 
 31  640 
 31  640 
 31  627 
 31  637 
 31  663 
 31  651 
 31  660 
 31  658 
 31  694 
 31  615 
 31  671 
 31  661 
 31  641 
 31  675 
 31  655 
 31  645 
 31  630 
 31  674 
 31  704 
 31  662 
 31  629 
 31  649 
 31  631 
 31  641 
 31  655 
 31  636 
 31  643 
 31  674 
 31  660 
 31  673 
 31  672 
 31  706 
 31  688 
 31  669 
 31  677 
 31  620 
 31  616 
 31  628 
 31  638 
 31  620 
 31  628 
 31  627 
 31  621 
 31  652 
 31  656 
 31  680 
 31  648 
 31  642 
 31  666 
 31  654 
 31  645 
 31  634 
 31  686 
 31  615 
 31  666 
 31  670 
 31  657 
 31  665 
 31  612 
 31  648 
 31  601 
 31  613 
 31  662 
 31  671 
 31  692 
 31  671 
 31  656 
 31  660 
 31  702 
 31  666 
 31  667 
 31  660 
 31  642 
 31  661 
 31  629 
 31  646 
 31  701 
 31  653 
 31  638 
 31  645 
 31  682 
 31  636 
 31  656 
 31  669 
 31  660 
 31  631 
 31  639 
 31  655 
 31  657 
 31  626 
 31  676 
 31  652 
 31  655 
 31  655 
 31  678 
 31  685 
 31  670 
 31  667 
 31  657 
 31  672 
 31  693 
 31  667 
 31  618 
 31  641 
 31  620 
 31  685 
 31  676 
 31  674 
 31  666 
 31  644 
 31  687 
 31  656 
 31  710 
 31  616 
 31  670 
 31  654 
 31  659 
 31  647 
 31  698 
 31  652 
 31  620 
 31  659 
 31  664 
 31  656 
 31  634 
 31  638 
 31  631 
 31  681 
 31  665 
 31  652 
 31  664 
 31  634 
 31  641 
 31  640 
 31  682 
 31  669 
 31  670 
 31  631 
 31  675 
 31  648 
 31  655 
 31  616 
 31  685 
 31  629 
 31  659 
 31  615 
 31  613 
 31  619 
 31  645 
 31  654 
 31  620 
 31  644 
 31  669 
 31  663 
 31  657 
 31  635 
 31  638 
 31  685 
 31  669 
 31  653 
 31  643 
 31  637 
 31  629 
 31  654 
 31  666 
 31  705 
 31  646 
 31  640 
 31  644 
 31  641 
 31  644 
 31  666 
 31  653 
 31  621 
 31  672 
 31  628 
 31  646 
 31  658 
 31  615 
 31  626 
 31  632 
 31  695 
 31  675 
 31  667 
 31  640 
 31  638 
 31  633 
 31  665 
 31  638 
 31  661 
 31  661 
 31  642 
 31  658 
 31  654 
 31  680 
 31  657 
 31  656 
 31  654 
 31  669 
 31  666 
 31  659 
 31  673 
 31  630 
 31  622 
 31  637 
 31  662 
 31  655 
 31  662 
 31  663 
 31  644 
 31  670 
 31  687 
 31  631 
 31  664 
 31  657 
 31  674 
 31  621 
 31  645 
 31  680 
 31  663 
 31  631 
 31  622 
 31  636 
 31  631 
 31  661 
 31  627 
 31  650 
 31  649 
 31  673 
 31  669 
 31  650 
 31  661 
 31  623 
 31  638 
 31  618 
 31  638 
 31  663 
 31  688 
 31  636 
 31  630 
 31  677 
 31  666 
 31  652 
 31  674 
 31  681 
 31  688 
 31  675 
 31  630 
 31  678 
 31  650 
 31  626 
 31  662 
 31  641 
 31  671 
 31  660 
 31  650 
 31  641 
 31  643 
 31  685 
 31  646 
 31  617 
 31  631 
 31  656 
 31  647 
 31  669 
 31  681 
 31  676 
 31  642 
 31  644 
 31  651 
 31  655 
 31  651 
 31  627 
 31  661 
 31  640 
 31  625 
 31  627 
 31  633 
 31  649 
 31  639 
 31  655 
 31  640 
 31  668 
 31  624 
 31  685 
 31  654 
 31  658 
 31  658 
 31  660 
 31  600 
 31  641 
 31  626 
 31  692 
 31  641 
 31  666 
 31  644 
 31  698 
 31  647 
 31  608 
 31  643 
 31  649 
 31  657 
 31  621 
 31  663 
 31  663 
 31  631 
 31  620 
 31  657 
 31  663 
 31  663 
 31  659 
 31  646 
 31  653 
 31  688 
 31  690 
 31  642 
 31  657 
 31  677 
 31  624 
 31  661 
 31  620 
 31  673 
 31  637 
 31  674 
 31  648 
 31  656 
 31  673 
 31  649 
 31  644 
 31  686 
 31  651 
 31  644 
 31  666 
 31  635 
 31  655 
 31  666 
 31  664 
 31  647 
 31  616 
 31  662 
 31  655 
 31  667 
 31  667 
 31  667 
 31  631 
 31  669 
 31  656 
 31  667 
 31  680 
 31  641 
 31  666 
 31  664 
 31  646 
 31  644 
 31  690 
 31  659 
 31  659 
 31  672 
 31  680 
 31  662 
 31  657 
 31  681 
 31  673 
 31  634 
 31  646 
 31  633 
 31  681 
 31  641 
 31  680 
 31  658 
 31  671 
 31  653 
 31  672 
 31  643 
 31  643 
 31  662 
 31  635 
 31  613 
 31  660 
 31  668 
 31  652 
 31  648 
 31  649 
 31  663 
 31  660 
 31  652 
 31  668 
 31  624 
 31  639 
 31  672 
 31  663 
 31  619 
 31  689 
 31  648 
 31  660 
 31  658 
 31  664 
 31  650 
 31  637 
 31  642 
 31  668 
 31  682 
 31  630 
 31  653 
 31  671 
 31  682 
 31  655 
 31  666 
 31  646 
 31  661 
 31  654 
 31  639 
 31  645 
 31  631 
 31  610 
 31  653 
 31  656 
 31  678 
 31  656 
 31  659 
 31  648 
 31  637 
 31  654 
 31  656 
 31  644 
 31  648 
 31  668 
 31  663 
 31  659 
 31  656 
 31  637 
 31  694 
 31  685 
 31  650 
 31  670 
 31  665 
 31  628 
 31  658 
 31  693 
 31  647 
 31  644 
 31  639 
 31  657 
 31  663 
 31  675 
 31  672 
 31  651 
 31  682 
 31  651 
 31  680 
 31  634 
 31  654 
 31  645 
 31  656 
 31  653 
 31  685 
 31  646 
 31  635 
 31  630 
 31  673 
 31  638 
 31  638 
 31  658 
 31  651 
 31  680 
 31  697 
 31  631 
 31  664 
 31  680 
 31  671 
 31  659 
 31  665 
 31  611 
 31  611 
 31  614 
 31  635 
 31  628 
 31  623 
 31  654 
 31  660 
 31  668 
 31  661 
 31  639 
 31  665 
 31  653 
 31  633 
 31  642 
 31  664 
 31  660 
 31  627 
 31  632 
 31  635 
 31  657 
 31  621 
 31  625 
 31  656 
 31  664 
 31  637 
 31  641 
 31  629 
 31  626 
 31  659 
 31  651 
 31  639 
 31  673 
 31  628 
 31  667 
 31  644 
 31  655 
 31  627 
 31  648 
 31  682 
 31  689 
 31  638 
 31  667 
 31  657 
 31  665 
 31  635 
 31  658 
 31  620 
 31  624 
 31  641 
 31  645 
 31  669 
 31  658 
 31  677 
 31  673 
 31  649 
 31  661 
 31  613 
 31  650 
 31  622 
 31  642 
 31  637 
 31  638 
 31  666 
 31  659 
 31  677 
 31  656 
 31  662 
 31  653 
 31  679 
 31  638 
 31  653 
 31  629 
 31  669 
 31  677 
 31  671 
 31  633 
 31  652 
 31  678 
 31  623 
 31  685 
 31  646 
 31  637 
 31  664 
 31  635 
 31  652 
 31  655 
 31  642 
 31  647 
 31  701 
 31  612 
 31  636 
 31  676 
 31  689 
 31  658 
 31  683 
 31  657 
 31  659 
 31  637 
 31  671 
 31  647 
 31  622 
 31  653 
 31  630 
 31  630 
 31  642 
 31  647 
 31  653 
 31  703 
 31  687 
 31  664 
 31  597 
 31  661 
 31  705 
 31  663 
 31  652 
 31  648 
 31  621 
 31  632 
 31  674 
 31  667 
 31  661 
 31  671 
 31  666 
 31  651 
 31  654 
 31  640 
 31  640 
 31  643 
 31  633 
 31  654 
 31  642 
 31  651 
 31  626 
 31  658 
 31  684 
 31  644 
 31  625 
 31  687 
 31  645 
 31  663 
 31  703 
 31  665 
 31  720 
 31  635 
 31  628 
 31  672 
 31  638 
 31  630 
 31  667 
 31  610 
 31  664 
 31  662 
 31  664 
 31  671 
 31  688 
 31  615 
 31  662 
 31  659 
 31  630 
 31  652 
 31  643 
 31  648 
 31  679 
 31  672 
 31  639 
 31  619 
 31  651 
 31  641 
 31  621 
 31  637 
 31  655 
 31  637 
 31  629 
 31  691 
 31  672 
 31  663 
 31  637 
 31  668 
 31  636 
 31  685 
 31  638 
 31  653 
 31  625 
 31  640 
 32  674 
 32  646 
 32  650 
 32  641 
 32  629 
 32  694 
 32  659 
 32  639 
 32  648 
 32  667 
 32  635 
 32  669 
 32  696 
 32  636 
 32  658 
 32  651 
 32  689 
 32  673 
 32  676 
 32  698 
 32  658 
 32  683 
 32  644 
 32  676 
 32  682 
 32  668 
 32  659 
 32  637 
 32  692 
 32  643 
 32  693 
 32  635 
 32  686 
 32  659 
 32  645 
 32  655 
 32  646 
 32  652 
 32  658 
 32  636 
 32  659 
 32  672 
 32  662 
 32  642 
 32  656 
 32  655 
 32  671 
 32  620 
 32  656 
 32  652 
 32  673 
 32  676 
 32  664 
 32  683 
 32  721 
 32  626 
 32  638 
 32  664 
 32  648 
 32  667 
 32  646 
 32  653 
 32  675 
 32  638 
 32  632 
 32  640 
 32  671 
 32  702 
 32  620 
 32  654 
 32  641 
 32  651 
 32  639 
 32  674 
 32  664 
 32  669 
 32  641 
 32  638 
 32  629 
 32  687 
 32  634 
 32  652 
 32  684 
 32  661 
 32  664 
 32  684 
 32  637 
 32  654 
 32  662 
 32  669 
 32  672 
 32  678 
 32  701 
 32  656 
 32  630 
 32  670 
 32  611 
 32  643 
 32  677 
 32  693 
 32  644 
 32  648 
 32  645 
 32  674 
 32  631 
 32  663 
 32  661 
 32  676 
 32  662 
 32  661 
 32  635 
 32  649 
 32  664 
 32  697 
 32  669 
 32  669 
 32  686 
 32  683 
 32  687 
 32  651 
 32  670 
 32  641 
 32  714 
 32  634 
 32  668 
 32  630 
 32  642 
 32  656 
 32  665 
 32  661 
 32  687 
 32  694 
 32  675 
 32  661 
 32  695 
 32  653 
 32  650 
 32  632 
 32  626 
 32  674 
 32  647 
 32  670 
 32  658 
 32  687 
 32  651 
 32  663 
 32  626 
 32  670 
 32  643 
 32  662 
 32  623 
 32  674 
 32  681 
 32  640 
 32  645 
 32  668 
 32  696 
 32  658 
 32  655 
 32  611 
 32  651 
 32  664 
 32  654 
 32  659 
 32  684 
 32  658 
 32  656 
 32  652 
 32  649 
 32  638 
 32  661 
 32  651 
 32  695 
 32  650 
 32  635 
 32  675 
 32  679 
 32  669 
 32  669 
 32  674 
 32  657 
 32  657 
 32  645 
 32  671 
 32  678 
 32  617 
 32  661 
 32  627 
 32  645 
 32  638 
 32  656 
 32  636 
 32  620 
 32  677 
 32  682 
 32  628 
 32  680 
 32  694 
 32  662 
 32  671 
 32  644 
 32  659 
 32  674 
 32  633 
 32  644 
 32  661 
 32  675 
 32  697 
 32  652 
 32  629 
 32  676 
 32  647 
 32  686 
 32  651 
 32  654 
 32  666 
 32  651 
 32  675 
 32  630 
 32  663 
 32  684 
 32  627 
 32  688 
 32  672 
 32  641 
 32  625 
 32  671 
 32  641 
 32  634 
 32  661 
 32  662 
 32  670 
 32  647 
 32  680 
 32  648 
 32  650 
 32  650 
 32  679 
 32  680 
 32  703 
 32  643 
 32  653 
 32  649 
 32  663 
 32  638 
 32  654 
 32  658 
 32  650 
 32  653 
 32  670 
 32  658 
 32  657 
 32  665 
 32  681 
 32  663 
 32  653 
 32  683 
 32  693 
 32  653 
 32  673 
 32  667 
 32  637 
 32  668 
 32  629 
 32  670 
 32  669 
 32  628 
 32  639 
 32  671 
 32  660 
 32  663 
 32  647 
 32  636 
 32  691 
 32  655 
 32  663 
 32  638 
 32  667 
 32  645 
 32  671 
 32  692 
 32  643 
 32  663 
 32  679 
 32  654 
 32  668 
 32  708 
 32  645 
 32  708 
 32  663 
 32  625 
 32  661 
 32  694 
 32  635 
 32  677 
 32  616 
 32  622 
 32  650 
 32  672 
 32  705 
 32  631 
 32  684 
 32  650 
 32  640 
 32  715 
 32  664 
 32  656 
 32  645 
 32  653 
 32  630 
 32  708 
 32  674 
 32  681 
 32  640 
 32  644 
 32  674 
 32  679 
 32  663 
 32  649 
 32  642 
 32  645 
 32  676 
 32  665 
 32  647 
 32  682 
 32  620 
 32  638 
 32  674 
 32  659 
 32  662 
 32  652 
 32  665 
 32  655 
 32  678 
 32  688 
 32  652 
 32  640 
 32  663 
 32  644 
 32  668 
 32  665 
 32  656 
 32  619 
 32  641 
 32  655 
 32  685 
 32  647 
 32  673 
 32  670 
 32  680 
 32  662 
 32  644 
 32  669 
 32  627 
 32  646 
 32  649 
 32  665 
 32  652 
 32  658 
 32  653 
 32  681 
 32  663 
 32  659 
 32  679 
 32  686 
 32  637 
 32  627 
 32  676 
 32  677 
 32  605 
 32  659 
 32  672 
 32  662 
 32  659 
 32  653 
 32  647 
 32  672 
 32  644 
 32  646 
 32  655 
 32  645 
 32  671 
 32  653 
 32  677 
 32  647 
 32  650 
 32  673 
 32  668 
 32  653 
 32  653 
 32  616 
 32  647 
 32  656 
 32  650 
 32  656 
 32  674 
 32  672 
 32  647 
 32  637 
 32  626 
 32  649 
 32  664 
 32  646 
 32  663 
 32  679 
 32  653 
 32  660 
 32  653 
 32  658 
 32  625 
 32  637 
 32  661 
 32  669 
 32  665 
 32  695 
 32  683 
 32  675 
 32  670 
 32  660 
 32  683 
 32  647 
 32  654 
 32  623 
 32  637 
 32  683 
 32  640 
 32  645 
 32  643 
 32  631 
 32  657 
 32  688 
 32  650 
 32  673 
 32  647 
 32  676 
 32  661 
 32  641 
 32  661 
 32  649 
 32  645 
 32  670 
 32  678 
 32  698 
 32  660 
 32  643 
 32  669 
 32  652 
 32  641 
 32  665 
 32  643 
 32  643 
 32  670 
 32  665 
 32  662 
 32  648 
 32  659 
 32  641 
 32  656 
 32  637 
 32  671 
 32  684 
 32  645 
 32  649 
 32  642 
 32  638 
 32  654 
 32  661 
 32  625 
 32  613 
 32  656 
 32  646 
 32  641 
 32  691 
 32  675 
 32  658 
 32  658 
 32  657 
 32  669 
 32  651 
 32  659 
 32  693 
 32  666 
 32  648 
 32  667 
 32  725 
 32  649 
 32  651 
 32  655 
 32  690 
 32  673 
 32  673 
 32  622 
 32  633 
 32  651 
 32  668 
 32  670 
 32  654 
 32  629 
 32  636 
 32  656 
 32  657 
 32  630 
 32  656 
 32  658 
 32  644 
 32  665 
 32  684 
 32  683 
 32  665 
 32  643 
 32  619 
 32  641 
 32  686 
 32  635 
 32  639 
 32  619 
 32  706 
 32  690 
 32  661 
 32  681 
 32  698 
 32  696 
 32  627 
 32  651 
 32  659 
 32  655 
 32  671 
 32  685 
 32  677 
 32  662 
 32  647 
 32  639 
 32  653 
 32  634 
 32  661 
 32  651 
 32  647 
 32  621 
 32  682 
 32  648 
 32  665 
 32  639 
 32  692 
 32  662 
 32  665 
 32  661 
 32  640 
 32  660 
 32  663 
 32  662 
 32  642 
 32  665 
 32  672 
 32  648 
 32  657 
 32  654 
 32  678 
 32  639 
 32  632 
 32  676 
 32  643 
 32  661 
 32  666 
 32  680 
 32  690 
 32  635 
 32  642 
 32  656 
 32  693 
 32  634 
 32  639 
 32  660 
 32  673 
 32  663 
 32  637 
 32  668 
 32  695 
 32  675 
 32  671 
 32  684 
 32  615 
 32  632 
 32  678 
 32  681 
 32  683 
 32  649 
 32  692 
 32  645 
 32  660 
 32  643 
 32  658 
 32  666 
 32  645 
 32  660 
 32  645 
 32  676 
 32  675 
 32  638 
 32  647 
 32  660 
 32  712 
 32  675 
 32  687 
 32  655 
 32  644 
 32  634 
 32  618 
 32  646 
 32  698 
 32  644 
 32  636 
 32  676 
 32  657 
 32  691 
 32  712 
 32  647 
 32  664 
 32  636 
 32  648 
 32  642 
 32  672 
 32  659 
 32  669 
 32  666 
 32  660 
 32  655 
 32  659 
 32  663 
 32  630 
 32  686 
 32  709 
 32  642 
 32  637 
 32  648 
 32  675 
 32  662 
 32  671 
 32  686 
 32  676 
 32  627 
 32  653 
 32  626 
 32  670 
 32  678 
 32  619 
 32  639 
 32  657 
 32  670 
 32  631 
 32  633 
 32  640 
 32  656 
 32  648 
 32  625 
 32  646 
 32  617 
 32  643 
 32  644 
 32  661 
 32  676 
 32  682 
 32  689 
 32  657 
 32  636 
 32  702 
 32  647 
 32  631 
 32  671 
 32  654 
 32  655 
 32  626 
 32  663 
 32  655 
 32  652 
 32  628 
 32  677 
 32  677 
 32  680 
 32  661 
 32  698 
 32  678 
 32  682 
 32  655 
 32  634 
 32  656 
 32  666 
 32  685 
 32  669 
 32  638 
 32  655 
 32  691 
 32  665 
 32  624 
 32  650 
 32  694 
 32  695 
 32  671 
 32  674 
 32  692 
 32  662 
 32  646 
 32  694 
 32  674 
 32  657 
 32  639 
 32  672 
 32  696 
 32  657 
 32  690 
 32  679 
 32  678 
 32  643 
 32  637 
 32  651 
 32  683 
 32  630 
 32  653 
 32  671 
 32  680 
 32  682 
 32  650 
 32  663 
 32  660 
 32  655 
 32  646 
 32  638 
 32  674 
 32  694 
 32  676 
 32  631 
 32  685 
 32  661 
 32  642 
 32  626 
 32  671 
 32  673 
 32  661 
 32  652 
 32  672 
 32  642 
 32  650 
 32  641 
 32  665 
 32  674 
 32  649 
 32  627 
 32  658 
 32  674 
 32  662 
 32  680 
 32  656 
 32  623 
 32  668 
 32  652 
 32  671 
 32  657 
 32  625 
 32  645 
 32  668 
 32  646 
 32  632 
 32  645 
 32  672 
 32  650 
 32  646 
 32  674 
 32  666 
 32  688 
 32  673 
 32  681 
 32  655 
 32  633 
 32  683 
 32  663 
 32  658 
 32  674 
 32  648 
 32  664 
 32  698 
 32  682 
 32  665 
 32  686 
 32  674 
 32  616 
 32  653 
 32  680 
 32  631 
 32  651 
 32  622 
 32  654 
 32  652 
 32  658 
 32  649 
 32  645 
 32  675 
 32  709 
 32  662 
 32  654 
 32  668 
 32  683 
 32  632 
 32  676 
 32  675 
 32  649 
 32  629 
 32  642 
 32  670 
 32  685 
 32  657 
 32  674 
 32  658 
 32  639 
 32  658 
 32  663 
 32  666 
 32  679 
 32  638 
 32  634 
 32  675 
 32  699 
 32  691 
 32  664 
 32  637 
 32  656 
 32  658 
 32  655 
 32  646 
 32  682 
 32  682 
 32  653 
 32  664 
 32  655 
 32  706 
 32  671 
 32  676 
 32  662 
 32  652 
 32  648 
 32  606 
 32  626 
 32  624 
 32  634 
 32  662 
 32  677 
 32  681 
 32  631 
 32  631 
 32  653 
 32  655 
 32  649 
 32  647 
 32  642 
 32  678 
 32  634 
 32  644 
 32  655 
 32  657 
 32  678 
 32  628 
 32  662 
 32  700 
 32  678 
 32  645 
 32  645 
 32  638 
 32  637 
 32  641 
 32  634 
 32  650 
 32  703 
 32  635 
 32  645 
 32  670 
 32  658 
 32  673 
 32  689 
 32  676 
 32  652 
 32  666 
 32  654 
 32  634 
 32  670 
 32  688 
 32  695 
 32  672 
 32  678 
 32  662 
 32  653 
 32  633 
 32  633 
 32  653 
 32  649 
 32  676 
 32  671 
 32  668 
 32  662 
 32  689 
 32  649 
 32  663 
 32  622 
 32  661 
 32  644 
 32  683 
 32  704 
 32  653 
 32  681 
 32  637 
 32  699 
 32  682 
 32  673 
 32  659 
 32  660 
 32  622 
 32  650 
 32  662 
 32  717 
 32  677 
 32  669 
 32  636 
 32  655 
 32  681 
 32  636 
 32  646 
 32  665 
 32  666 
 32  652 
 32  621 
 32  650 
 32  638 
 32  649 
 32  665 
 32  643 
 32  684 
 32  646 
 32  631 
 32  665 
 32  673 
 32  658 
 32  634 
 32  701 
 32  657 
 32  665 
 32  640 
 32  670 
 32  656 
 32  627 
 32  655 
 32  692 
 32  672 
 32  668 
 32  656 
 32  631 
 32  677 
 32  668 
 32  652 
 32  692 
 32  680 
 32  640 
 32  637 
 32  645 
 32  659 
 32  669 
 32  651 
 32  680 
 32  635 
 32  631 
 32  644 
 32  667 
 32  659 
 32  657 
 32  671 
 32  693 
 32  670 
 32  681 
 32  655 
 32  652 
 32  657 
 32  675 
 32  636 
 32  656 
 32  666 
 32  650 
 32  676 
 32  657 
 32  676 
 32  676 
 32  639 
 32  671 
 32  678 
 32  661 
 32  658 
 32  674 
 32  638 
 32  639 
 32  639 
 32  659 
 32  630 
 32  690 
 32  640 
 32  652 
 33  686 
 33  636 
 33  648 
 33  664 
 33  711 
 33  712 
 33  645 
 33  663 
 33  695 
 33  692 
 33  639 
 33  692 
 33  688 
 33  637 
 33  648 
 33  679 
 33  670 
 33  678 
 33  640 
 33  652 
 33  689 
 33  647 
 33  619 
 33  682 
 33  656 
 33  672 
 33  718 
 33  667 
 33  650 
 33  669 
 33  653 
 33  640 
 33  663 
 33  646 
 33  672 
 33  653 
 33  648 
 33  658 
 33  675 
 33  667 
 33  675 
 33  701 
 33  684 
 33  654 
 33  633 
 33  685 
 33  655 
 33  677 
 33  689 
 33  668 
 33  668 
 33  644 
 33  643 
 33  643 
 33  640 
 33  637 
 33  707 
 33  651 
 33  653 
 33  721 
 33  653 
 33  665 
 33  710 
 33  654 
 33  673 
 33  650 
 33  644 
 33  643 
 33  667 
 33  651 
 33  663 
 33  704 
 33  662 
 33  624 
 33  662 
 33  684 
 33  690 
 33  642 
 33  689 
 33  671 
 33  647 
 33  699 
 33  649 
 33  630 
 33  658 
 33  664 
 33  650 
 33  672 
 33  674 
 33  667 
 33  652 
 33  676 
 33  680 
 33  663 
 33  685 
 33  651 
 33  656 
 33  691 
 33  673 
 33  649 
 33  669 
 33  662 
 33  672 
 33  671 
 33  682 
 33  655 
 33  637 
 33  675 
 33  686 
 33  673 
 33  689 
 33  625 
 33  664 
 33  649 
 33  657 
 33  655 
 33  646 
 33  643 
 33  649 
 33  642 
 33  640 
 33  645 
 33  640 
 33  647 
 33  655 
 33  676 
 33  680 
 33  650 
 33  662 
 33  643 
 33  703 
 33  653 
 33  696 
 33  656 
 33  682 
 33  632 
 33  664 
 33  640 
 33  676 
 33  671 
 33  647 
 33  693 
 33  700 
 33  678 
 33  685 
 33  656 
 33  671 
 33  628 
 33  668 
 33  638 
 33  640 
 33  656 
 33  686 
 33  650 
 33  680 
 33  631 
 33  626 
 33  636 
 33  679 
 33  653 
 33  663 
 33  669 
 33  648 
 33  680 
 33  674 
 33  679 
 33  674 
 33  677 
 33  655 
 33  677 
 33  702 
 33  672 
 33  671 
 33  672 
 33  651 
 33  669 
 33  652 
 33  660 
 33  666 
 33  651 
 33  666 
 33  656 
 33  680 
 33  668 
 33  673 
 33  635 
 33  667 
 33  615 
 33  693 
 33  670 
 33  649 
 33  657 
 33  657 
 33  619 
 33  689 
 33  689 
 33  638 
 33  662 
 33  661 
 33  669 
 33  692 
 33  654 
 33  659 
 33  671 
 33  675 
 33  630 
 33  651 
 33  646 
 33  657 
 33  654 
 33  649 
 33  638 
 33  673 
 33  631 
 33  660 
 33  681 
 33  646 
 33  678 
 33  635 
 33  660 
 33  649 
 33  671 
 33  630 
 33  675 
 33  677 
 33  676 
 33  646 
 33  670 
 33  671 
 33  624 
 33  646 
 33  660 
 33  660 
 33  699 
 33  648 
 33  664 
 33  674 
 33  640 
 33  711 
 33  651 
 33  651 
 33  694 
 33  660 
 33  640 
 33  699 
 33  647 
 33  680 
 33  674 
 33  666 
 33  692 
 33  680 
 33  659 
 33  694 
 33  656 
 33  644 
 33  671 
 33  643 
 33  698 
 33  668 
 33  651 
 33  643 
 33  636 
 33  687 
 33  657 
 33  673 
 33  663 
 33  667 
 33  679 
 33  643 
 33  658 
 33  692 
 33  666 
 33  658 
 33  681 
 33  685 
 33  640 
 33  620 
 33  663 
 33  677 
 33  668 
 33  681 
 33  677 
 33  643 
 33  683 
 33  655 
 33  669 
 33  666 
 33  678 
 33  656 
 33  650 
 33  650 
 33  676 
 33  644 
 33  643 
 33  675 
 33  658 
 33  658 
 33  645 
 33  629 
 33  661 
 33  678 
 33  654 
 33  634 
 33  653 
 33  638 
 33  688 
 33  691 
 33  705 
 33  641 
 33  654 
 33  641 
 33  678 
 33  658 
 33  649 
 33  684 
 33  703 
 33  695 
 33  647 
 33  645 
 33  663 
 33  635 
 33  684 
 33  658 
 33  670 
 33  635 
 33  659 
 33  626 
 33  651 
 33  663 
 33  622 
 33  646 
 33  680 
 33  666 
 33  640 
 33  658 
 33  627 
 33  690 
 33  645 
 33  645 
 33  624 
 33  661 
 33  677 
 33  645 
 33  652 
 33  674 
 33  680 
 33  706 
 33  657 
 33  665 
 33  665 
 33  687 
 33  640 
 33  645 
 33  625 
 33  632 
 33  701 
 33  626 
 33  664 
 33  681 
 33  671 
 33  668 
 33  691 
 33  649 
 33  642 
 33  665 
 33  673 
 33  657 
 33  646 
 33  658 
 33  656 
 33  696 
 33  629 
 33  661 
 33  689 
 33  647 
 33  642 
 33  675 
 33  691 
 33  668 
 33  681 
 33  691 
 33  646 
 33  672 
 33  675 
 33  682 
 33  682 
 33  696 
 33  694 
 33  673 
 33  666 
 33  668 
 33  676 
 33  644 
 33  649 
 33  670 
 33  664 
 33  656 
 33  634 
 33  635 
 33  667 
 33  708 
 33  640 
 33  643 
 33  688 
 33  645 
 33  671 
 33  642 
 33  680 
 33  628 
 33  660 
 33  658 
 33  664 
 33  672 
 33  606 
 33  644 
 33  706 
 33  651 
 33  659 
 33  674 
 33  668 
 33  653 
 33  642 
 33  674 
 33  699 
 33  658 
 33  687 
 33  693 
 33  662 
 33  669 
 33  687 
 33  676 
 33  614 
 33  679 
 33  674 
 33  660 
 33  666 
 33  680 
 33  673 
 33  650 
 33  636 
 33  662 
 33  620 
 33  638 
 33  649 
 33  668 
 33  669 
 33  688 
 33  651 
 33  671 
 33  660 
 33  652 
 33  666 
 33  665 
 33  641 
 33  653 
 33  690 
 33  647 
 33  681 
 33  666 
 33  673 
 33  647 
 33  639 
 33  699 
 33  721 
 33  680 
 33  653 
 33  673 
 33  652 
 33  657 
 33  684 
 33  664 
 33  653 
 33  634 
 33  663 
 33  672 
 33  665 
 33  664 
 33  656 
 33  662 
 33  635 
 33  664 
 33  646 
 33  666 
 33  652 
 33  681 
 33  641 
 33  652 
 33  701 
 33  667 
 33  667 
 33  653 
 33  644 
 33  653 
 33  647 
 33  712 
 33  684 
 33  662 
 33  637 
 33  666 
 33  688 
 33  644 
 33  658 
 33  665 
 33  630 
 33  679 
 33  652 
 33  649 
 33  635 
 33  718 
 33  676 
 33  637 
 33  654 
 33  657 
 33  680 
 33  646 
 33  712 
 33  660 
 33  676 
 33  643 
 33  663 
 33  624 
 33  665 
 33  660 
 33  644 
 33  673 
 33  659 
 33  672 
 33  665 
 33  682 
 33  643 
 33  684 
 33  667 
 33  634 
 33  644 
 33  686 
 33  649 
 33  674 
 33  627 
 33  680 
 33  678 
 33  654 
 33  646 
 33  650 
 33  650 
 33  643 
 33  674 
 33  646 
 33  657 
 33  663 
 33  681 
 33  664 
 33  674 
 33  662 
 33  657 
 33  647 
 33  673 
 33  660 
 33  667 
 33  670 
 33  649 
 33  652 
 33  649 
 33  682 
 33  633 
 33  670 
 33  682 
 33  661 
 33  656 
 33  681 
 33  656 
 33  670 
 33  675 
 33  690 
 33  653 
 33  633 
 33  648 
 33  655 
 33  629 
 33  650 
 33  681 
 33  636 
 33  695 
 33  679 
 33  677 
 33  669 
 33  663 
 33  650 
 33  653 
 33  653 
 33  645 
 33  640 
 33  652 
 33  641 
 33  665 
 33  635 
 33  652 
 33  668 
 33  658 
 33  658 
 33  632 
 33  666 
 33  673 
 33  667 
 33  680 
 33  662 
 33  662 
 33  691 
 33  660 
 33  686 
 33  675 
 33  656 
 33  640 
 33  656 
 33  662 
 33  680 
 33  685 
 33  660 
 33  615 
 33  681 
 33  637 
 33  640 
 33  647 
 33  669 
 33  653 
 33  673 
 33  661 
 33  660 
 33  684 
 33  633 
 33  665 
 33  647 
 33  637 
 33  654 
 33  621 
 33  705 
 33  628 
 33  669 
 33  659 
 33  677 
 33  676 
 33  688 
 33  654 
 33  675 
 33  676 
 33  675 
 33  670 
 33  673 
 33  689 
 33  678 
 33  644 
 33  657 
 33  637 
 33  673 
 33  657 
 33  617 
 33  663 
 33  661 
 33  640 
 33  671 
 33  653 
 33  665 
 33  629 
 33  628 
 33  693 
 33  677 
 33  691 
 33  645 
 33  642 
 33  666 
 33  664 
 33  672 
 33  670 
 33  721 
 33  647 
 33  671 
 33  675 
 33  646 
 33  703 
 33  641 
 33  681 
 33  667 
 33  652 
 33  637 
 33  682 
 33  672 
 33  650 
 33  664 
 33  665 
 33  686 
 33  652 
 33  667 
 33  644 
 33  712 
 33  632 
 33  648 
 33  614 
 33  651 
 33  660 
 33  656 
 33  665 
 33  630 
 33  671 
 33  669 
 33  664 
 33  660 
 33  647 
 33  672 
 33  627 
 33  703 
 33  687 
 33  654 
 33  668 
 33  664 
 33  669 
 33  655 
 33  663 
 33  655 
 33  696 
 33  649 
 33  668 
 33  705 
 33  651 
 33  678 
 33  648 
 33  676 
 33  651 
 33  668 
 33  653 
 33  625 
 33  681 
 33  666 
 33  677 
 33  651 
 33  651 
 33  660 
 33  680 
 33  640 
 33  597 
 33  656 
 33  644 
 33  670 
 33  679 
 33  692 
 33  647 
 33  665 
 33  648 
 33  663 
 33  663 
 33  644 
 33  671 
 33  647 
 33  660 
 33  635 
 33  665 
 33  658 
 33  675 
 33  682 
 33  673 
 33  630 
 33  630 
 33  629 
 33  672 
 33  668 
 33  653 
 33  656 
 33  655 
 33  641 
 33  634 
 33  686 
 33  623 
 33  637 
 33  651 
 33  653 
 33  631 
 33  623 
 33  638 
 33  685 
 33  656 
 33  669 
 33  599 
 33  682 
 33  681 
 33  657 
 33  681 
 33  639 
 33  668 
 33  633 
 33  629 
 33  695 
 33  655 
 33  672 
 33  661 
 33  676 
 33  632 
 33  665 
 33  684 
 33  644 
 33  621 
 33  676 
 33  678 
 33  661 
 33  647 
 33  635 
 33  679 
 33  680 
 33  657 
 33  671 
 33  712 
 33  664 
 33  682 
 33  659 
 33  637 
 33  626 
 33  663 
 33  654 
 33  660 
 33  654 
 33  684 
 33  667 
 33  634 
 33  636 
 33  671 
 33  627 
 33  653 
 33  660 
 33  667 
 33  642 
 33  685 
 33  665 
 33  671 
 33  665 
 33  670 
 33  624 
 33  640 
 33  665 
 33  684 
 33  647 
 33  655 
 33  630 
 33  667 
 33  656 
 33  665 
 33  690 
 33  663 
 33  684 
 33  665 
 33  654 
 33  659 
 33  655 
 33  673 
 33  635 
 33  689 
 33  655 
 33  669 
 33  659 
 33  676 
 33  661 
 33  662 
 33  664 
 33  647 
 33  663 
 33  678 
 33  655 
 33  640 
 33  668 
 33  682 
 33  661 
 33  670 
 33  641 
 33  679 
 33  657 
 33  651 
 33  697 
 33  654 
 33  658 
 33  652 
 33  653 
 33  680 
 33  631 
 33  665 
 33  669 
 33  681 
 33  699 
 33  681 
 33  682 
 33  700 
 33  646 
 33  640 
 33  666 
 33  666 
 33  667 
 33  631 
 33  680 
 33  665 
 33  645 
 33  686 
 33  684 
 33  614 
 33  610 
 33  639 
 33  654 
 33  661 
 33  687 
 33  700 
 33  686 
 33  667 
 33  636 
 33  671 
 33  687 
 33  663 
 33  683 
 33  638 
 33  672 
 33  658 
 33  654 
 33  695 
 33  652 
 33  670 
 33  640 
 33  659 
 33  638 
 33  703 
 33  648 
 33  668 
 33  680 
 33  651 
 33  652 
 33  645 
 33  618 
 33  668 
 33  666 
 33  688 
 33  660 
 33  691 
 33  632 
 33  682 
 33  623 
 33  695 
 33  646 
 33  630 
 33  631 
 33  670 
 33  661 
 33  703 
 33  690 
 33  643 
 33  650 
 33  682 
 33  648 
 33  690 
 33  671 
 33  672 
 33  630 
 33  639 
 33  668 
 33  677 
 33  679 
 33  642 
 33  700 
 33  684 
 33  677 
 33  690 
 33  634 
 33  653 
 33  689 
 33  651 
 33  665 
 33  666 
 33  660 
 33  676 
 33  688 
 33  689 
 33  654 
 33  709 
 33  637 
 33  637 
 33  671 
 33  694 
 33  662 
 33  681 
 33  636 
 33  665 
 33  647 
 33  609 
 33  682 
 33  648 
 33  672 
 33  630 
 33  657 
 33  669 
 33  657 
 33  690 
 33  634 
 33  662 
 33  677 
 33  662 
 33  677 
 33  694 
 33  618 
 33  690 
 34  656 
 34  634 
 34  669 
 34  663 
 34  696 
 34  670 
 34  678 
 34  658 
 34  659 
 34  700 
 34  672 
 34  663 
 34  623 
 34  653 
 34  687 
 34  703 
 34  679 
 34  675 
 34  659 
 34  688 
 34  683 
 34  665 
 34  651 
 34  661 
 34  671 
 34  664 
 34  676 
 34  669 
 34  673 
 34  684 
 34  675 
 34  648 
 34  655 
 34  620 
 34  702 
 34  662 
 34  626 
 34  665 
 34  660 
 34  658 
 34  638 
 34  674 
 34  678 
 34  675 
 34  664 
 34  652 
 34  640 
 34  667 
 34  655 
 34  673 
 34  670 
 34  635 
 34  649 
 34  614 
 34  669 
 34  668 
 34  651 
 34  700 
 34  668 
 34  634 
 34  683 
 34  648 
 34  654 
 34  656 
 34  669 
 34  670 
 34  648 
 34  643 
 34  635 
 34  689 
 34  702 
 34  672 
 34  642 
 34  632 
 34  676 
 34  677 
 34  664 
 34  644 
 34  627 
 34  657 
 34  648 
 34  661 
 34  671 
 34  670 
 34  681 
 34  683 
 34  662 
 34  651 
 34  710 
 34  708 
 34  700 
 34  644 
 34  695 
 34  708 
 34  680 
 34  682 
 34  669 
 34  666 
 34  627 
 34  690 
 34  658 
 34  675 
 34  705 
 34  648 
 34  698 
 34  680 
 34  678 
 34  686 
 34  649 
 34  682 
 34  635 
 34  684 
 34  637 
 34  665 
 34  695 
 34  644 
 34  643 
 34  663 
 34  685 
 34  650 
 34  660 
 34  668 
 34  691 
 34  631 
 34  678 
 34  629 
 34  668 
 34  662 
 34  625 
 34  649 
 34  644 
 34  682 
 34  649 
 34  669 
 34  670 
 34  682 
 34  658 
 34  654 
 34  722 
 34  685 
 34  664 
 34  652 
 34  677 
 34  664 
 34  672 
 34  654 
 34  673 
 34  646 
 34  620 
 34  681 
 34  650 
 34  645 
 34  650 
 34  668 
 34  661 
 34  650 
 34  690 
 34  641 
 34  667 
 34  663 
 34  656 
 34  686 
 34  677 
 34  699 
 34  636 
 34  650 
 34  635 
 34  674 
 34  681 
 34  670 
 34  649 
 34  693 
 34  683 
 34  669 
 34  649 
 34  695 
 34  665 
 34  633 
 34  670 
 34  679 
 34  615 
 34  667 
 34  663 
 34  688 
 34  624 
 34  667 
 34  688 
 34  687 
 34  676 
 34  691 
 34  636 
 34  683 
 34  697 
 34  651 
 34  672 
 34  653 
 34  637 
 34  671 
 34  670 
 34  652 
 34  683 
 34  664 
 34  662 
 34  639 
 34  696 
 34  679 
 34  662 
 34  695 
 34  651 
 34  681 
 34  662 
 34  661 
 34  674 
 34  673 
 34  678 
 34  673 
 34  699 
 34  670 
 34  689 
 34  663 
 34  673 
 34  671 
 34  658 
 34  653 
 34  667 
 34  677 
 34  649 
 34  698 
 34  642 
 34  653 
 34  658 
 34  664 
 34  646 
 34  653 
 34  657 
 34  646 
 34  700 
 34  678 
 34  685 
 34  669 
 34  674 
 34  675 
 34  651 
 34  639 
 34  677 
 34  654 
 34  659 
 34  654 
 34  671 
 34  650 
 34  666 
 34  639 
 34  651 
 34  655 
 34  645 
 34  676 
 34  669 
 34  686 
 34  645 
 34  665 
 34  675 
 34  670 
 34  648 
 34  718 
 34  666 
 34  648 
 34  666 
 34  678 
 34  654 
 34  667 
 34  675 
 34  647 
 34  665 
 34  669 
 34  656 
 34  654 
 34  666 
 34  676 
 34  626 
 34  687 
 34  685 
 34  660 
 34  645 
 34  690 
 34  651 
 34  678 
 34  683 
 34  667 
 34  660 
 34  668 
 34  647 
 34  676 
 34  680 
 34  638 
 34  667 
 34  660 
 34  650 
 34  644 
 34  658 
 34  675 
 34  677 
 34  661 
 34  659 
 34  685 
 34  648 
 34  685 
 34  658 
 34  686 
 34  658 
 34  668 
 34  675 
 34  661 
 34  662 
 34  637 
 34  652 
 34  657 
 34  634 
 34  718 
 34  685 
 34  634 
 34  668 
 34  639 
 34  658 
 34  662 
 34  641 
 34  703 
 34  673 
 34  694 
 34  662 
 34  661 
 34  696 
 34  644 
 34  646 
 34  684 
 34  682 
 34  660 
 34  665 
 34  657 
 34  653 
 34  673 
 34  659 
 34  673 
 34  682 
 34  649 
 34  682 
 34  677 
 34  657 
 34  644 
 34  688 
 34  645 
 34  668 
 34  655 
 34  642 
 34  656 
 34  707 
 34  682 
 34  665 
 34  712 
 34  671 
 34  667 
 34  640 
 34  656 
 34  666 
 34  676 
 34  689 
 34  665 
 34  653 
 34  664 
 34  674 
 34  635 
 34  668 
 34  704 
 34  671 
 34  676 
 34  661 
 34  662 
 34  646 
 34  674 
 34  661 
 34  655 
 34  656 
 34  676 
 34  654 
 34  696 
 34  671 
 34  643 
 34  668 
 34  655 
 34  652 
 34  649 
 34  696 
 34  642 
 34  664 
 34  659 
 34  634 
 34  694 
 34  686 
 34  679 
 34  662 
 34  666 
 34  683 
 34  690 
 34  687 
 34  657 
 34  646 
 34  674 
 34  666 
 34  692 
 34  698 
 34  672 
 34  661 
 34  671 
 34  681 
 34  682 
 34  635 
 34  652 
 34  667 
 34  698 
 34  649 
 34  686 
 34  694 
 34  654 
 34  669 
 34  634 
 34  648 
 34  688 
 34  656 
 34  686 
 34  676 
 34  672 
 34  678 
 34  678 
 34  631 
 34  641 
 34  727 
 34  701 
 34  656 
 34  651 
 34  707 
 34  653 
 34  689 
 34  667 
 34  655 
 34  658 
 34  681 
 34  684 
 34  691 
 34  648 
 34  645 
 34  663 
 34  665 
 34  650 
 34  644 
 34  679 
 34  694 
 34  672 
 34  668 
 34  681 
 34  674 
 34  633 
 34  694 
 34  669 
 34  677 
 34  662 
 34  652 
 34  670 
 34  652 
 34  675 
 34  655 
 34  641 
 34  663 
 34  692 
 34  660 
 34  664 
 34  663 
 34  662 
 34  670 
 34  658 
 34  657 
 34  641 
 34  686 
 34  643 
 34  665 
 34  669 
 34  683 
 34  691 
 34  694 
 34  681 
 34  650 
 34  663 
 34  690 
 34  631 
 34  629 
 34  666 
 34  663 
 34  667 
 34  644 
 34  640 
 34  682 
 34  675 
 34  672 
 34  683 
 34  697 
 34  706 
 34  652 
 34  650 
 34  647 
 34  682 
 34  670 
 34  679 
 34  656 
 34  690 
 34  663 
 34  662 
 34  688 
 34  632 
 34  614 
 34  669 
 34  673 
 34  679 
 34  649 
 34  633 
 34  673 
 34  647 
 34  672 
 34  675 
 34  658 
 34  711 
 34  695 
 34  685 
 34  630 
 34  652 
 34  621 
 34  650 
 34  655 
 34  631 
 34  648 
 34  657 
 34  683 
 34  686 
 34  670 
 34  651 
 34  663 
 34  655 
 34  681 
 34  686 
 34  666 
 34  684 
 34  656 
 34  679 
 34  676 
 34  679 
 34  631 
 34  699 
 34  688 
 34  685 
 34  709 
 34  657 
 34  677 
 34  670 
 34  660 
 34  662 
 34  679 
 34  681 
 34  678 
 34  649 
 34  656 
 34  680 
 34  640 
 34  671 
 34  656 
 34  684 
 34  650 
 34  677 
 34  680 
 34  699 
 34  655 
 34  679 
 34  656 
 34  665 
 34  682 
 34  659 
 34  702 
 34  678 
 34  641 
 34  644 
 34  658 
 34  670 
 34  660 
 34  645 
 34  677 
 34  662 
 34  682 
 34  659 
 34  647 
 34  650 
 34  628 
 34  643 
 34  671 
 34  658 
 34  690 
 34  663 
 34  649 
 34  681 
 34  660 
 34  670 
 34  694 
 34  694 
 34  662 
 34  660 
 34  675 
 34  671 
 34  696 
 34  652 
 34  663 
 34  678 
 34  668 
 34  655 
 34  687 
 34  657 
 34  660 
 34  684 
 34  656 
 34  687 
 34  679 
 34  676 
 34  702 
 34  632 
 34  650 
 34  671 
 34  684 
 34  632 
 34  692 
 34  677 
 34  645 
 34  687 
 34  689 
 34  639 
 34  686 
 34  675 
 34  679 
 34  638 
 34  671 
 34  650 
 34  696 
 34  667 
 34  658 
 34  690 
 34  632 
 34  672 
 34  668 
 34  687 
 34  709 
 34  660 
 34  702 
 34  657 
 34  659 
 34  641 
 34  667 
 34  657 
 34  645 
 34  686 
 34  700 
 34  641 
 34  651 
 34  662 
 34  652 
 34  666 
 34  679 
 34  690 
 34  661 
 34  687 
 34  662 
 34  676 
 34  659 
 34  656 
 34  678 
 34  634 
 34  654 
 34  646 
 34  671 
 34  673 
 34  671 
 34  660 
 34  699 
 34  673 
 34  648 
 34  658 
 34  654 
 34  634 
 34  682 
 34  683 
 34  648 
 34  653 
 34  693 
 34  675 
 34  651 
 34  644 
 34  687 
 34  665 
 34  659 
 34  645 
 34  692 
 34  696 
 34  682 
 34  677 
 34  682 
 34  669 
 34  678 
 34  670 
 34  708 
 34  699 
 34  661 
 34  656 
 34  640 
 34  652 
 34  684 
 34  667 
 34  695 
 34  705 
 34  703 
 34  652 
 34  649 
 34  674 
 34  671 
 34  672 
 34  662 
 34  691 
 34  633 
 34  632 
 34  660 
 34  673 
 34  641 
 34  684 
 34  680 
 34  614 
 34  626 
 34  675 
 34  648 
 34  718 
 34  646 
 34  645 
 34  655 
 34  660 
 34  683 
 34  647 
 34  664 
 34  642 
 34  663 
 34  677 
 34  694 
 34  667 
 34  657 
 34  647 
 34  648 
 34  655 
 34  712 
 34  657 
 34  646 
 34  657 
 34  623 
 34  654 
 34  687 
 34  684 
 34  723 
 34  657 
 34  655 
 34  682 
 34  660 
 34  653 
 34  655 
 34  690 
 34  669 
 34  667 
 34  659 
 34  649 
 34  647 
 34  649 
 34  640 
 34  693 
 34  683 
 34  655 
 34  662 
 34  664 
 34  695 
 34  684 
 34  642 
 34  671 
 34  689 
 34  653 
 34  663 
 34  696 
 34  636 
 34  658 
 34  689 
 34  644 
 34  694 
 34  660 
 34  680 
 34  680 
 34  649 
 34  630 
 34  677 
 34  675 
 34  659 
 34  677 
 34  666 
 34  670 
 34  650 
 34  629 
 34  712 
 34  656 
 34  676 
 34  665 
 34  664 
 34  670 
 34  650 
 34  687 
 34  639 
 34  648 
 34  660 
 34  650 
 34  684 
 34  667 
 34  664 
 34  675 
 34  630 
 34  646 
 34  678 
 34  706 
 34  686 
 34  684 
 34  617 
 34  643 
 34  645 
 34  670 
 34  639 
 34  650 
 34  647 
 34  681 
 34  664 
 34  678 
 34  697 
 34  671 
 34  701 
 34  664 
 34  672 
 34  688 
 34  651 
 34  638 
 34  612 
 34  685 
 34  635 
 34  707 
 34  643 
 34  705 
 34  664 
 34  637 
 34  681 
 34  665 
 34  704 
 34  654 
 34  694 
 34  661 
 34  648 
 34  648 
 34  666 
 34  671 
 34  662 
 34  666 
 34  673 
 34  686 
 34  654 
 34  656 
 34  657 
 34  675 
 34  678 
 34  659 
 34  699 
 34  665 
 34  629 
 34  686 
 34  673 
 34  659 
 34  667 
 34  620 
 34  681 
 34  673 
 34  694 
 34  615 
 34  611 
 34  698 
 34  654 
 34  670 
 34  649 
 34  656 
 34  637 
 34  645 
 34  687 
 34  655 
 34  666 
 34  678 
 34  654 
 34  668 
 34  645 
 34  691 
 34  658 
 34  655 
 34  702 
 34  621 
 34  660 
 34  676 
 34  651 
 34  697 
 34  651 
 34  673 
 34  666 
 34  668 
 34  679 
 34  648 
 34  646 
 34  673 
 34  681 
 34  659 
 34  655 
 34  692 
 34  679 
 34  699 
 34  684 
 34  664 
 34  700 
 34  649 
 34  625 
 34  672 
 34  643 
 34  639 
 34  660 
 34  669 
 34  667 
 34  665 
 34  686 
 34  676 
 34  678 
 34  660 
 34  634 
 34  671 
 34  660 
 34  653 
 34  678 
 34  647 
 34  678 
 34  677 
 34  674 
 34  657 
 34  698 
 34  643 
 34  650 
 34  634 
 34  657 
 34  691 
 34  663 
 34  681 
 34  693 
 34  642 
 34  651 
 34  674 
 34  673 
 34  637 
 34  614 
 34  679 
 34  646 
 34  657 
 34  666 
 34  637 
 34  683 
 34  620 
 34  686 
 34  658 
 34  682 
 34  655 
 34  684 
 34  640 
 34  681 
 34  660 
 34  659 
 34  688 
 34  658 
 34  637 
 34  690 
 34  659 
 34  638 
 34  634 
 34  679 
 34  635 
 34  639 
 34  680 
 34  656 
 34  648 
 34  652 
 34  653 
 35  707 
 35  695 
 35  650 
 35  656 
 35  639 
 35  624 
 35  660 
 35  644 
 35  700 
 35  686 
 35  688 
 35  683 
 35  641 
 35  652 
 35  679 
 35  661 
 35  659 
 35  661 
 35  702 
 35  645 
 35  646 
 35  704 
 35  697 
 35  673 
 35  668 
 35  605 
 35  654 
 35  679 
 35  646 
 35  657 
 35  627 
 35  654 
 35  667 
 35  692 
 35  655 
 35  646 
 35  648 
 35  693 
 35  663 
 35  681 
 35  647 
 35  673 
 35  670 
 35  661 
 35  683 
 35  683 
 35  690 
 35  645 
 35  698 
 35  639 
 35  645 
 35  687 
 35  663 
 35  688 
 35  681 
 35  692 
 35  681 
 35  674 
 35  663 
 35  664 
 35  637 
 35  680 
 35  682 
 35  677 
 35  669 
 35  685 
 35  665 
 35  656 
 35  691 
 35  679 
 35  650 
 35  662 
 35  637 
 35  673 
 35  675 
 35  685 
 35  686 
 35  638 
 35  690 
 35  655 
 35  664 
 35  641 
 35  688 
 35  664 
 35  642 
 35  685 
 35  692 
 35  683 
 35  678 
 35  661 
 35  648 
 35  703 
 35  658 
 35  662 
 35  655 
 35  657 
 35  645 
 35  639 
 35  671 
 35  660 
 35  672 
 35  690 
 35  668 
 35  664 
 35  662 
 35  672 
 35  639 
 35  702 
 35  657 
 35  692 
 35  697 
 35  681 
 35  681 
 35  664 
 35  658 
 35  680 
 35  655 
 35  638 
 35  669 
 35  656 
 35  650 
 35  639 
 35  635 
 35  658 
 35  649 
 35  651 
 35  638 
 35  668 
 35  708 
 35  671 
 35  689 
 35  654 
 35  687 
 35  675 
 35  720 
 35  684 
 35  702 
 35  670 
 35  694 
 35  680 
 35  632 
 35  652 
 35  668 
 35  665 
 35  665 
 35  664 
 35  688 
 35  625 
 35  649 
 35  655 
 35  638 
 35  665 
 35  687 
 35  668 
 35  699 
 35  674 
 35  659 
 35  664 
 35  674 
 35  687 
 35  673 
 35  644 
 35  671 
 35  671 
 35  673 
 35  683 
 35  673 
 35  646 
 35  664 
 35  668 
 35  693 
 35  690 
 35  693 
 35  649 
 35  663 
 35  664 
 35  678 
 35  675 
 35  688 
 35  667 
 35  675 
 35  641 
 35  657 
 35  678 
 35  673 
 35  641 
 35  649 
 35  652 
 35  662 
 35  674 
 35  648 
 35  677 
 35  669 
 35  655 
 35  676 
 35  657 
 35  720 
 35  648 
 35  679 
 35  665 
 35  684 
 35  707 
 35  659 
 35  639 
 35  675 
 35  701 
 35  665 
 35  662 
 35  661 
 35  671 
 35  644 
 35  655 
 35  660 
 35  694 
 35  687 
 35  678 
 35  689 
 35  678 
 35  676 
 35  688 
 35  617 
 35  678 
 35  640 
 35  647 
 35  656 
 35  653 
 35  675 
 35  677 
 35  672 
 35  682 
 35  667 
 35  672 
 35  687 
 35  669 
 35  683 
 35  718 
 35  698 
 35  666 
 35  675 
 35  670 
 35  672 
 35  708 
 35  656 
 35  653 
 35  653 
 35  667 
 35  681 
 35  668 
 35  663 
 35  679 
 35  658 
 35  667 
 35  642 
 35  649 
 35  673 
 35  668 
 35  663 
 35  657 
 35  698 
 35  654 
 35  677 
 35  680 
 35  675 
 35  663 
 35  681 
 35  671 
 35  662 
 35  670 
 35  668 
 35  694 
 35  668 
 35  660 
 35  688 
 35  663 
 35  678 
 35  645 
 35  661 
 35  668 
 35  632 
 35  679 
 35  661 
 35  667 
 35  653 
 35  694 
 35  684 
 35  685 
 35  687 
 35  657 
 35  677 
 35  672 
 35  666 
 35  674 
 35  701 
 35  652 
 35  666 
 35  649 
 35  640 
 35  654 
 35  667 
 35  670 
 35  635 
 35  682 
 35  669 
 35  685 
 35  662 
 35  614 
 35  663 
 35  685 
 35  669 
 35  682 
 35  648 
 35  654 
 35  659 
 35  685 
 35  676 
 35  659 
 35  672 
 35  653 
 35  673 
 35  697 
 35  692 
 35  681 
 35  696 
 35  641 
 35  635 
 35  693 
 35  640 
 35  673 
 35  700 
 35  660 
 35  666 
 35  658 
 35  670 
 35  652 
 35  680 
 35  659 
 35  635 
 35  631 
 35  696 
 35  661 
 35  702 
 35  689 
 35  653 
 35  688 
 35  654 
 35  631 
 35  657 
 35  653 
 35  667 
 35  669 
 35  674 
 35  688 
 35  662 
 35  650 
 35  664 
 35  686 
 35  651 
 35  679 
 35  705 
 35  654 
 35  682 
 35  670 
 35  693 
 35  675 
 35  662 
 35  682 
 35  679 
 35  653 
 35  691 
 35  674 
 35  679 
 35  678 
 35  678 
 35  689 
 35  632 
 35  641 
 35  676 
 35  699 
 35  669 
 35  650 
 35  712 
 35  666 
 35  692 
 35  688 
 35  626 
 35  671 
 35  651 
 35  674 
 35  686 
 35  663 
 35  653 
 35  665 
 35  679 
 35  692 
 35  674 
 35  650 
 35  687 
 35  686 
 35  686 
 35  693 
 35  672 
 35  649 
 35  674 
 35  686 
 35  666 
 35  682 
 35  674 
 35  697 
 35  687 
 35  684 
 35  682 
 35  666 
 35  717 
 35  684 
 35  670 
 35  667 
 35  675 
 35  652 
 35  674 
 35  670 
 35  627 
 35  673 
 35  647 
 35  650 
 35  638 
 35  698 
 35  694 
 35  660 
 35  661 
 35  687 
 35  692 
 35  681 
 35  677 
 35  635 
 35  713 
 35  654 
 35  675 
 35  692 
 35  671 
 35  648 
 35  687 
 35  683 
 35  672 
 35  679 
 35  678 
 35  692 
 35  670 
 35  675 
 35  663 
 35  664 
 35  667 
 35  661 
 35  632 
 35  654 
 35  639 
 35  638 
 35  665 
 35  712 
 35  660 
 35  620 
 35  665 
 35  687 
 35  664 
 35  649 
 35  679 
 35  709 
 35  676 
 35  659 
 35  658 
 35  691 
 35  681 
 35  673 
 35  633 
 35  647 
 35  644 
 35  678 
 35  644 
 35  651 
 35  652 
 35  681 
 35  669 
 35  697 
 35  665 
 35  684 
 35  692 
 35  651 
 35  682 
 35  661 
 35  694 
 35  692 
 35  631 
 35  651 
 35  663 
 35  640 
 35  676 
 35  673 
 35  640 
 35  695 
 35  654 
 35  687 
 35  630 
 35  711 
 35  682 
 35  671 
 35  671 
 35  667 
 35  679 
 35  655 
 35  667 
 35  688 
 35  716 
 35  657 
 35  646 
 35  672 
 35  692 
 35  669 
 35  651 
 35  708 
 35  656 
 35  703 
 35  662 
 35  656 
 35  666 
 35  689 
 35  610 
 35  676 
 35  665 
 35  673 
 35  658 
 35  672 
 35  665 
 35  668 
 35  672 
 35  620 
 35  628 
 35  654 
 35  678 
 35  687 
 35  650 
 35  692 
 35  658 
 35  653 
 35  672 
 35  655 
 35  680 
 35  661 
 35  695 
 35  658 
 35  663 
 35  679 
 35  669 
 35  663 
 35  686 
 35  661 
 35  672 
 35  674 
 35  674 
 35  698 
 35  653 
 35  688 
 35  650 
 35  659 
 35  683 
 35  680 
 35  671 
 35  675 
 35  643 
 35  679 
 35  699 
 35  671 
 35  661 
 35  650 
 35  660 
 35  651 
 35  652 
 35  685 
 35  671 
 35  680 
 35  641 
 35  684 
 35  638 
 35  688 
 35  630 
 35  682 
 35  679 
 35  673 
 35  665 
 35  640 
 35  658 
 35  644 
 35  668 
 35  615 
 35  691 
 35  665 
 35  662 
 35  670 
 35  698 
 35  657 
 35  675 
 35  652 
 35  674 
 35  663 
 35  668 
 35  683 
 35  691 
 35  665 
 35  672 
 35  663 
 35  659 
 35  681 
 35  659 
 35  671 
 35  684 
 35  640 
 35  662 
 35  690 
 35  691 
 35  675 
 35  663 
 35  655 
 35  690 
 35  657 
 35  685 
 35  654 
 35  680 
 35  669 
 35  695 
 35  639 
 35  692 
 35  682 
 35  666 
 35  686 
 35  704 
 35  664 
 35  629 
 35  660 
 35  639 
 35  698 
 35  642 
 35  690 
 35  653 
 35  680 
 35  681 
 35  659 
 35  655 
 35  697 
 35  666 
 35  673 
 35  692 
 35  672 
 35  685 
 35  681 
 35  669 
 35  654 
 35  649 
 35  684 
 35  666 
 35  675 
 35  694 
 35  679 
 35  686 
 35  644 
 35  684 
 35  684 
 35  672 
 35  656 
 35  644 
 35  695 
 35  664 
 35  652 
 35  654 
 35  649 
 35  676 
 35  665 
 35  692 
 35  689 
 35  625 
 35  690 
 35  665 
 35  693 
 35  651 
 35  671 
 35  696 
 35  637 
 35  698 
 35  670 
 35  677 
 35  661 
 35  698 
 35  689 
 35  657 
 35  686 
 35  671 
 35  656 
 35  650 
 35  701 
 35  678 
 35  697 
 35  671 
 35  638 
 35  659 
 35  645 
 35  676 
 35  666 
 35  665 
 35  683 
 35  683 
 35  661 
 35  654 
 35  669 
 35  645 
 35  666 
 35  662 
 35  664 
 35  648 
 35  647 
 35  637 
 35  643 
 35  690 
 35  675 
 35  664 
 35  689 
 35  668 
 35  678 
 35  683 
 35  650 
 35  721 
 35  661 
 35  630 
 35  661 
 35  645 
 35  693 
 35  660 
 35  684 
 35  672 
 35  670 
 35  677 
 35  684 
 35  693 
 35  674 
 35  664 
 35  634 
 35  652 
 35  669 
 35  671 
 35  669 
 35  675 
 35  625 
 35  654 
 35  654 
 35  628 
 35  662 
 35  645 
 35  663 
 35  663 
 35  686 
 35  651 
 35  664 
 35  674 
 35  673 
 35  675 
 35  698 
 35  715 
 35  655 
 35  636 
 35  666 
 35  702 
 35  636 
 35  695 
 35  648 
 35  693 
 35  664 
 35  657 
 35  634 
 35  645 
 35  684 
 35  654 
 35  678 
 35  664 
 35  669 
 35  685 
 35  670 
 35  699 
 35  663 
 35  655 
 35  638 
 35  677 
 35  625 
 35  672 
 35  666 
 35  662 
 35  661 
 35  670 
 35  652 
 35  692 
 35  693 
 35  662 
 35  650 
 35  670 
 35  666 
 35  666 
 35  679 
 35  669 
 35  687 
 35  658 
 35  671 
 35  692 
 35  659 
 35  672 
 35  708 
 35  674 
 35  671 
 35  655 
 35  705 
 35  668 
 35  662 
 35  685 
 35  650 
 35  673 
 35  674 
 35  677 
 35  648 
 35  677 
 35  685 
 35  648 
 35  726 
 35  660 
 35  664 
 35  667 
 35  636 
 35  673 
 35  683 
 35  661 
 35  646 
 35  681 
 35  649 
 35  639 
 35  648 
 35  672 
 35  633 
 35  660 
 35  645 
 35  634 
 35  676 
 35  681 
 35  653 
 35  679 
 35  644 
 35  703 
 35  631 
 35  707 
 35  689 
 35  673 
 35  655 
 35  681 
 35  672 
 35  665 
 35  689 
 35  688 
 35  681 
 35  641 
 35  685 
 35  693 
 35  695 
 35  660 
 35  673 
 35  671 
 35  651 
 35  664 
 35  691 
 35  689 
 35  653 
 35  660 
 35  656 
 35  703 
 35  690 
 35  685 
 35  668 
 35  706 
 35  664 
 35  681 
 35  673 
 35  652 
 35  638 
 35  693 
 35  688 
 35  699 
 35  708 
 35  726 
 35  662 
 35  681 
 35  645 
 35  678 
 35  686 
 35  651 
 35  666 
 35  704 
 35  687 
 35  668 
 35  699 
 35  679 
 35  665 
 35  678 
 35  669 
 35  681 
 35  644 
 35  668 
 35  672 
 35  686 
 35  641 
 35  663 
 35  681 
 35  721 
 35  690 
 35  666 
 35  670 
 35  676 
 35  630 
 35  640 
 35  703 
 35  651 
 35  680 
 35  670 
 35  661 
 35  657 
 35  695 
 35  670 
 35  646 
 35  652 
 35  674 
 35  663 
 35  652 
 35  633 
 35  660 
 35  686 
 35  681 
 35  666 
 35  656 
 35  692 
 35  685 
 35  672 
 35  686 
 35  638 
 35  640 
 35  682 
 35  708 
 35  671 
 35  648 
 35  640 
 35  644 
 35  699 
 35  654 
 35  649 
 35  658 
 35  684 
 35  664 
 35  682 
 35  637 
 35  659 
 35  705 
 35  692 
 35  702 
 35  661 
 35  674 
 35  671 
 35  688 
 35  681 
 35  675 
 35  679 
 35  676 
 35  688 
 35  661 
 35  650 
 35  681 
 35  670 
 35  676 
 35  714 
 35  669 
 35  678 
 35  671 
 35  663 
 35  668 
 35  664 
 35  655 
 35  652 
 35  688 
 35  681 
 35  643 
 35  693 
 35  688 
 35  681 
 35  645 
 35  679 
 35  682 
 35  639 
 35  647 
 35  656 
 35  651 
 35  686 
 35  656 
 36  661 
 36  681 
 36  651 
 36  676 
 36  668 
 36  666 
 36  651 
 36  659 
 36  694 
 36  670 
 36  654 
 36  705 
 36  665 
 36  645 
 36  676 
 36  689 
 36  674 
 36  676 
 36  664 
 36  645 
 36  642 
 36  683 
 36  671 
 36  647 
 36  671 
 36  688 
 36  662 
 36  664 
 36  693 
 36  649 
 36  699 
 36  669 
 36  660 
 36  662 
 36  678 
 36  686 
 36  670 
 36  698 
 36  700 
 36  686 
 36  657 
 36  670 
 36  683 
 36  689 
 36  681 
 36  663 
 36  706 
 36  694 
 36  666 
 36  708 
 36  652 
 36  657 
 36  664 
 36  665 
 36  664 
 36  671 
 36  698 
 36  661 
 36  673 
 36  656 
 36  675 
 36  677 
 36  687 
 36  671 
 36  724 
 36  699 
 36  668 
 36  677 
 36  684 
 36  698 
 36  656 
 36  652 
 36  681 
 36  697 
 36  703 
 36  688 
 36  673 
 36  670 
 36  666 
 36  679 
 36  651 
 36  676 
 36  680 
 36  683 
 36  703 
 36  663 
 36  694 
 36  654 
 36  623 
 36  648 
 36  694 
 36  690 
 36  696 
 36  693 
 36  681 
 36  688 
 36  681 
 36  656 
 36  669 
 36  693 
 36  665 
 36  651 
 36  662 
 36  672 
 36  690 
 36  686 
 36  684 
 36  659 
 36  672 
 36  670 
 36  674 
 36  677 
 36  658 
 36  691 
 36  676 
 36  690 
 36  666 
 36  676 
 36  682 
 36  693 
 36  634 
 36  661 
 36  661 
 36  691 
 36  665 
 36  651 
 36  687 
 36  696 
 36  679 
 36  715 
 36  690 
 36  689 
 36  653 
 36  688 
 36  699 
 36  664 
 36  671 
 36  661 
 36  683 
 36  664 
 36  693 
 36  679 
 36  680 
 36  662 
 36  649 
 36  659 
 36  641 
 36  662 
 36  669 
 36  664 
 36  704 
 36  680 
 36  652 
 36  666 
 36  709 
 36  690 
 36  651 
 36  636 
 36  679 
 36  712 
 36  650 
 36  651 
 36  669 
 36  678 
 36  652 
 36  694 
 36  675 
 36  666 
 36  644 
 36  673 
 36  650 
 36  632 
 36  682 
 36  672 
 36  701 
 36  692 
 36  660 
 36  635 
 36  640 
 36  694 
 36  645 
 36  669 
 36  682 
 36  663 
 36  675 
 36  671 
 36  653 
 36  683 
 36  695 
 36  674 
 36  655 
 36  668 
 36  647 
 36  688 
 36  668 
 36  690 
 36  643 
 36  680 
 36  664 
 36  649 
 36  679 
 36  655 
 36  676 
 36  662 
 36  668 
 36  672 
 36  670 
 36  665 
 36  673 
 36  661 
 36  677 
 36  663 
 36  664 
 36  658 
 36  656 
 36  659 
 36  657 
 36  704 
 36  682 
 36  685 
 36  646 
 36  686 
 36  679 
 36  662 
 36  688 
 36  694 
 36  641 
 36  652 
 36  681 
 36  698 
 36  711 
 36  669 
 36  647 
 36  670 
 36  641 
 36  661 
 36  643 
 36  683 
 36  708 
 36  690 
 36  679 
 36  675 
 36  686 
 36  687 
 36  680 
 36  698 
 36  654 
 36  655 
 36  659 
 36  707 
 36  698 
 36  645 
 36  671 
 36  686 
 36  678 
 36  653 
 36  651 
 36  670 
 36  677 
 36  680 
 36  654 
 36  650 
 36  702 
 36  688 
 36  670 
 36  682 
 36  671 
 36  649 
 36  698 
 36  654 
 36  646 
 36  691 
 36  642 
 36  653 
 36  667 
 36  676 
 36  669 
 36  687 
 36  683 
 36  678 
 36  690 
 36  676 
 36  672 
 36  673 
 36  671 
 36  696 
 36  677 
 36  683 
 36  643 
 36  667 
 36  700 
 36  682 
 36  682 
 36  644 
 36  662 
 36  694 
 36  678 
 36  695 
 36  692 
 36  686 
 36  698 
 36  684 
 36  647 
 36  700 
 36  672 
 36  642 
 36  631 
 36  686 
 36  703 
 36  673 
 36  662 
 36  680 
 36  668 
 36  708 
 36  687 
 36  671 
 36  647 
 36  685 
 36  665 
 36  680 
 36  670 
 36  651 
 36  656 
 36  655 
 36  661 
 36  665 
 36  670 
 36  669 
 36  634 
 36  677 
 36  657 
 36  639 
 36  718 
 36  664 
 36  712 
 36  671 
 36  711 
 36  703 
 36  674 
 36  673 
 36  643 
 36  687 
 36  641 
 36  698 
 36  682 
 36  710 
 36  640 
 36  672 
 36  686 
 36  685 
 36  670 
 36  641 
 36  696 
 36  650 
 36  661 
 36  670 
 36  677 
 36  675 
 36  698 
 36  684 
 36  656 
 36  691 
 36  709 
 36  673 
 36  694 
 36  675 
 36  683 
 36  696 
 36  690 
 36  661 
 36  690 
 36  661 
 36  689 
 36  673 
 36  709 
 36  724 
 36  661 
 36  687 
 36  676 
 36  660 
 36  672 
 36  658 
 36  684 
 36  672 
 36  657 
 36  702 
 36  668 
 36  685 
 36  640 
 36  653 
 36  664 
 36  669 
 36  687 
 36  673 
 36  662 
 36  710 
 36  657 
 36  657 
 36  670 
 36  686 
 36  713 
 36  669 
 36  686 
 36  650 
 36  678 
 36  672 
 36  643 
 36  675 
 36  681 
 36  695 
 36  674 
 36  699 
 36  655 
 36  668 
 36  689 
 36  687 
 36  683 
 36  668 
 36  657 
 36  681 
 36  675 
 36  678 
 36  670 
 36  653 
 36  679 
 36  702 
 36  696 
 36  643 
 36  678 
 36  660 
 36  678 
 36  676 
 36  696 
 36  684 
 36  647 
 36  638 
 36  681 
 36  689 
 36  655 
 36  699 
 36  656 
 36  673 
 36  685 
 36  688 
 36  664 
 36  629 
 36  641 
 36  702 
 36  692 
 36  688 
 36  695 
 36  685 
 36  673 
 36  654 
 36  679 
 36  681 
 36  653 
 36  677 
 36  684 
 36  649 
 36  664 
 36  696 
 36  647 
 36  665 
 36  702 
 36  666 
 36  681 
 36  727 
 36  665 
 36  658 
 36  669 
 36  717 
 36  649 
 36  654 
 36  670 
 36  642 
 36  680 
 36  672 
 36  692 
 36  664 
 36  678 
 36  652 
 36  663 
 36  689 
 36  683 
 36  665 
 36  670 
 36  671 
 36  682 
 36  670 
 36  695 
 36  681 
 36  660 
 36  657 
 36  687 
 36  662 
 36  654 
 36  665 
 36  682 
 36  657 
 36  682 
 36  693 
 36  711 
 36  699 
 36  676 
 36  652 
 36  686 
 36  674 
 36  678 
 36  682 
 36  695 
 36  697 
 36  663 
 36  669 
 36  695 
 36  675 
 36  686 
 36  717 
 36  642 
 36  695 
 36  657 
 36  642 
 36  688 
 36  666 
 36  675 
 36  688 
 36  677 
 36  651 
 36  702 
 36  660 
 36  687 
 36  674 
 36  698 
 36  641 
 36  672 
 36  688 
 36  663 
 36  669 
 36  658 
 36  675 
 36  707 
 36  683 
 36  689 
 36  698 
 36  679 
 36  693 
 36  663 
 36  698 
 36  676 
 36  678 
 36  644 
 36  656 
 36  672 
 36  672 
 36  663 
 36  703 
 36  679 
 36  675 
 36  686 
 36  685 
 36  677 
 36  679 
 36  651 
 36  647 
 36  685 
 36  693 
 36  665 
 36  697 
 36  661 
 36  690 
 36  693 
 36  690 
 36  682 
 36  669 
 36  667 
 36  680 
 36  683 
 36  675 
 36  700 
 36  667 
 36  705 
 36  663 
 36  712 
 36  659 
 36  675 
 36  664 
 36  681 
 36  634 
 36  652 
 36  655 
 36  674 
 36  682 
 36  652 
 36  696 
 36  677 
 36  665 
 36  684 
 36  643 
 36  652 
 36  649 
 36  664 
 36  683 
 36  685 
 36  651 
 36  671 
 36  706 
 36  650 
 36  705 
 36  688 
 36  662 
 36  683 
 36  655 
 36  684 
 36  653 
 36  683 
 36  654 
 36  677 
 36  651 
 36  703 
 36  685 
 36  680 
 36  697 
 36  668 
 36  670 
 36  630 
 36  677 
 36  677 
 36  677 
 36  707 
 36  694 
 36  697 
 36  636 
 36  668 
 36  689 
 36  676 
 36  709 
 36  687 
 36  674 
 36  698 
 36  694 
 36  668 
 36  643 
 36  681 
 36  661 
 36  674 
 36  679 
 36  657 
 36  684 
 36  664 
 36  681 
 36  675 
 36  655 
 36  679 
 36  675 
 36  689 
 36  698 
 36  670 
 36  672 
 36  640 
 36  687 
 36  691 
 36  672 
 36  689 
 36  700 
 36  669 
 36  665 
 36  674 
 36  701 
 36  690 
 36  691 
 36  696 
 36  683 
 36  671 
 36  667 
 36  673 
 36  691 
 36  659 
 36  707 
 36  681 
 36  662 
 36  679 
 36  687 
 36  691 
 36  674 
 36  705 
 36  667 
 36  723 
 36  657 
 36  665 
 36  674 
 36  678 
 36  683 
 36  681 
 36  687 
 36  670 
 36  706 
 36  688 
 36  676 
 36  667 
 36  698 
 36  692 
 36  671 
 36  689 
 36  666 
 36  657 
 36  679 
 36  683 
 36  691 
 36  691 
 36  673 
 36  660 
 36  646 
 36  639 
 36  652 
 36  665 
 36  656 
 36  682 
 36  686 
 36  672 
 36  654 
 36  663 
 36  671 
 36  705 
 36  656 
 36  671 
 36  657 
 36  686 
 36  676 
 36  659 
 36  646 
 36  643 
 36  706 
 36  670 
 36  675 
 36  692 
 36  670 
 36  664 
 36  670 
 36  656 
 36  632 
 36  652 
 36  705 
 36  704 
 36  657 
 36  684 
 36  687 
 36  686 
 36  682 
 36  718 
 36  697 
 36  699 
 36  694 
 36  698 
 36  682 
 36  684 
 36  690 
 36  663 
 36  684 
 36  658 
 36  659 
 36  668 
 36  689 
 36  707 
 36  676 
 36  668 
 36  684 
 36  657 
 36  682 
 36  686 
 36  669 
 36  670 
 36  653 
 36  700 
 36  687 
 36  703 
 36  686 
 36  706 
 36  680 
 36  692 
 36  669 
 36  662 
 36  657 
 36  700 
 36  662 
 36  656 
 36  691 
 36  642 
 36  671 
 36  689 
 36  647 
 36  663 
 36  650 
 36  672 
 36  657 
 36  647 
 36  682 
 36  688 
 36  676 
 36  690 
 36  676 
 36  699 
 36  674 
 36  682 
 36  667 
 36  663 
 36  680 
 36  693 
 36  676 
 36  669 
 36  667 
 36  668 
 36  659 
 36  680 
 36  692 
 36  647 
 36  691 
 36  662 
 36  685 
 36  697 
 36  692 
 36  671 
 36  665 
 36  674 
 36  659 
 36  664 
 36  682 
 36  681 
 36  683 
 36  665 
 36  661 
 36  671 
 36  652 
 36  698 
 36  688 
 36  691 
 36  672 
 36  649 
 36  709 
 36  681 
 36  665 
 36  666 
 36  703 
 36  671 
 36  704 
 36  693 
 36  677 
 36  689 
 36  652 
 36  680 
 36  679 
 36  663 
 36  669 
 36  652 
 36  703 
 36  635 
 36  708 
 36  671 
 36  636 
 36  651 
 36  674 
 36  681 
 36  641 
 36  689 
 36  708 
 36  666 
 36  619 
 36  636 
 36  640 
 36  710 
 36  707 
 36  675 
 36  698 
 36  647 
 36  665 
 36  654 
 36  659 
 36  657 
 36  654 
 36  656 
 36  653 
 36  685 
 36  675 
 36  714 
 36  680 
 36  683 
 36  659 
 36  676 
 36  712 
 36  678 
 36  711 
 36  673 
 36  672 
 36  672 
 36  637 
 36  693 
 36  671 
 36  664 
 36  691 
 36  710 
 36  664 
 36  681 
 36  682 
 36  651 
 36  712 
 36  675 
 36  668 
 36  658 
 36  662 
 36  686 
 36  644 
 36  684 
 36  667 
 36  682 
 36  651 
 36  704 
 36  646 
 36  642 
 36  663 
 36  660 
 36  694 
 36  672 
 36  691 
 36  698 
 36  659 
 36  685 
 36  669 
 36  682 
 36  661 
 36  693 
 36  704 
 36  670 
 36  684 
 36  690 
 36  685 
 36  639 
 36  650 
 36  670 
 36  661 
 36  667 
 36  689 
 36  661 
 36  664 
 36  706 
 36  690 
 36  682 
 36  683 
 36  647 
 36  676 
 36  694 
 36  691 
 36  638 
 36  690 
 36  692 
 36  661 
 36  682 
 36  676 
 36  659 
 36  670 
 36  691 
 36  690 
 36  659 
 36  656 
 36  660 
 36  653 
 36  658 
 36  660 
 36  693 
 36  650 
 36  680 
 36  676 
 36  683 
 36  668 
 36  681 
 36  692 
 36  674 
 36  651 
 36  646 
 36  659 
 36  678 
 36  659 
 36  667 
 36  691 
 36  691 
 36  685 
 36  698 
 36  676 
 36  685 
 36  671 
 36  653 
 36  689 
 36  704 
 36  676 
 36  677 
 36  664 
 36  679 
 36  678 
 36  669 
 36  694 
 36  693 
 36  669 
 37  672 
 37  693 
 37  694 
 37  734 
 37  661 
 37  672 
 37  689 
 37  692 
 37  684 
 37  695 
 37  693 
 37  688 
 37  698 
 37  704 
 37  666 
 37  675 
 37  674 
 37  658 
 37  686 
 37  670 
 37  680 
 37  675 
 37  718 
 37  717 
 37  735 
 37  708 
 37  708 
 37  683 
 37  695 
 37  698 
 37  679 
 37  689 
 37  706 
 37  703 
 37  678 
 37  666 
 37  703 
 37  675 
 37  673 
 37  704 
 37  705 
 37  698 
 37  676 
 37  701 
 37  687 
 37  677 
 37  693 
 37  703 
 37  726 
 37  667 
 37  671 
 37  663 
 37  682 
 37  665 
 37  655 
 37  646 
 37  677 
 37  643 
 37  713 
 37  658 
 37  661 
 37  675 
 37  681 
 37  688 
 37  684 
 37  680 
 37  684 
 37  678 
 37  695 
 37  682 
 37  672 
 37  703 
 37  687 
 37  683 
 37  715 
 37  629 
 37  692 
 37  670 
 37  673 
 37  692 
 37  671 
 37  671 
 37  658 
 37  664 
 37  643 
 37  663 
 37  680 
 37  659 
 37  679 
 37  712 
 37  723 
 37  659 
 37  668 
 37  678 
 37  684 
 37  671 
 37  681 
 37  694 
 37  678 
 37  680 
 37  658 
 37  705 
 37  682 
 37  680 
 37  663 
 37  696 
 37  673 
 37  678 
 37  681 
 37  694 
 37  693 
 37  687 
 37  694 
 37  680 
 37  690 
 37  672 
 37  657 
 37  678 
 37  683 
 37  676 
 37  671 
 37  694 
 37  691 
 37  692 
 37  684 
 37  720 
 37  647 
 37  701 
 37  714 
 37  685 
 37  707 
 37  665 
 37  711 
 37  669 
 37  695 
 37  662 
 37  663 
 37  652 
 37  680 
 37  684 
 37  722 
 37  670 
 37  684 
 37  707 
 37  664 
 37  645 
 37  674 
 37  652 
 37  672 
 37  694 
 37  710 
 37  690 
 37  662 
 37  695 
 37  687 
 37  690 
 37  705 
 37  678 
 37  703 
 37  676 
 37  646 
 37  663 
 37  678 
 37  685 
 37  687 
 37  673 
 37  662 
 37  686 
 37  660 
 37  689 
 37  709 
 37  690 
 37  674 
 37  643 
 37  683 
 37  662 
 37  670 
 37  694 
 37  705 
 37  725 
 37  685 
 37  658 
 37  662 
 37  655 
 37  669 
 37  694 
 37  712 
 37  674 
 37  654 
 37  684 
 37  680 
 37  679 
 37  671 
 37  688 
 37  682 
 37  695 
 37  692 
 37  711 
 37  666 
 37  699 
 37  661 
 37  697 
 37  696 
 37  684 
 37  710 
 37  678 
 37  676 
 37  672 
 37  693 
 37  686 
 37  692 
 37  677 
 37  725 
 37  691 
 37  675 
 37  681 
 37  718 
 37  646 
 37  696 
 37  693 
 37  700 
 37  662 
 37  681 
 37  673 
 37  708 
 37  683 
 37  676 
 37  674 
 37  689 
 37  709 
 37  672 
 37  691 
 37  661 
 37  658 
 37  720 
 37  690 
 37  706 
 37  677 
 37  661 
 37  670 
 37  678 
 37  665 
 37  713 
 37  734 
 37  694 
 37  681 
 37  680 
 37  657 
 37  688 
 37  703 
 37  698 
 37  685 
 37  700 
 37  688 
 37  710 
 37  666 
 37  716 
 37  666 
 37  655 
 37  696 
 37  660 
 37  693 
 37  684 
 37  695 
 37  688 
 37  711 
 37  694 
 37  687 
 37  691 
 37  703 
 37  714 
 37  693 
 37  672 
 37  667 
 37  697 
 37  694 
 37  688 
 37  666 
 37  680 
 37  666 
 37  661 
 37  692 
 37  700 
 37  662 
 37  693 
 37  693 
 37  700 
 37  682 
 37  714 
 37  665 
 37  649 
 37  681 
 37  682 
 37  686 
 37  700 
 37  683 
 37  694 
 37  704 
 37  683 
 37  678 
 37  713 
 37  670 
 37  689 
 37  692 
 37  691 
 37  689 
 37  672 
 37  673 
 37  705 
 37  684 
 37  717 
 37  685 
 37  741 
 37  660 
 37  655 
 37  690 
 37  674 
 37  690 
 37  657 
 37  689 
 37  738 
 37  668 
 37  688 
 37  665 
 37  708 
 37  697 
 37  709 
 37  686 
 37  670 
 37  696 
 37  708 
 37  708 
 37  672 
 37  696 
 37  700 
 37  679 
 37  713 
 37  741 
 37  675 
 37  672 
 37  680 
 37  702 
 37  674 
 37  695 
 37  716 
 37  662 
 37  656 
 37  672 
 37  690 
 37  668 
 37  663 
 37  671 
 37  683 
 37  667 
 37  742 
 37  684 
 37  655 
 37  693 
 37  689 
 37  648 
 37  712 
 37  678 
 37  705 
 37  660 
 37  698 
 37  674 
 37  698 
 37  683 
 37  657 
 37  684 
 37  695 
 37  641 
 37  645 
 37  661 
 37  686 
 37  662 
 37  671 
 37  662 
 37  690 
 37  653 
 37  674 
 37  658 
 37  674 
 37  689 
 37  697 
 37  680 
 37  688 
 37  683 
 37  696 
 37  674 
 37  681 
 37  712 
 37  692 
 37  721 
 37  678 
 37  699 
 37  696 
 37  694 
 37  674 
 37  660 
 37  670 
 37  683 
 37  656 
 37  675 
 37  680 
 37  689 
 37  644 
 37  691 
 37  681 
 37  702 
 37  673 
 37  683 
 37  685 
 37  716 
 37  676 
 37  690 
 37  647 
 37  686 
 37  693 
 37  686 
 37  695 
 37  672 
 37  664 
 37  696 
 37  677 
 37  693 
 37  668 
 37  646 
 37  678 
 37  700 
 37  700 
 37  679 
 37  651 
 37  690 
 37  700 
 37  695 
 37  697 
 37  658 
 37  688 
 37  635 
 37  693 
 37  719 
 37  673 
 37  698 
 37  714 
 37  686 
 37  712 
 37  660 
 37  722 
 37  705 
 37  681 
 37  681 
 37  734 
 37  700 
 37  677 
 37  686 
 37  689 
 37  704 
 37  693 
 37  682 
 37  677 
 37  686 
 37  700 
 37  697 
 37  701 
 37  693 
 37  671 
 37  700 
 37  662 
 37  712 
 37  697 
 37  710 
 37  671 
 37  677 
 37  693 
 37  699 
 37  680 
 37  681 
 37  688 
 37  689 
 37  666 
 37  692 
 37  668 
 37  658 
 37  688 
 37  713 
 37  667 
 37  659 
 37  713 
 37  701 
 37  694 
 37  660 
 37  665 
 37  698 
 37  688 
 37  655 
 37  685 
 37  678 
 37  664 
 37  682 
 37  695 
 37  681 
 37  681 
 37  681 
 37  688 
 37  697 
 37  679 
 37  701 
 37  676 
 37  709 
 37  699 
 37  713 
 37  689 
 37  681 
 37  657 
 37  698 
 37  659 
 37  677 
 37  676 
 37  692 
 37  677 
 37  658 
 37  699 
 37  664 
 37  665 
 37  698 
 37  663 
 37  700 
 37  665 
 37  655 
 37  674 
 37  690 
 37  682 
 37  701 
 37  682 
 37  717 
 37  679 
 37  689 
 37  694 
 37  690 
 37  678 
 37  669 
 37  723 
 37  690 
 37  685 
 37  674 
 37  686 
 37  688 
 37  673 
 37  682 
 37  693 
 37  688 
 37  646 
 37  685 
 37  664 
 37  677 
 37  697 
 37  672 
 37  685 
 37  677 
 37  680 
 37  692 
 37  675 
 37  686 
 37  721 
 37  676 
 37  712 
 37  683 
 37  701 
 37  689 
 37  697 
 37  669 
 37  704 
 37  680 
 37  693 
 37  705 
 37  677 
 37  718 
 37  690 
 37  672 
 37  636 
 37  672 
 37  691 
 37  686 
 37  685 
 37  705 
 37  709 
 37  647 
 37  688 
 37  687 
 37  714 
 37  681 
 37  680 
 37  726 
 37  687 
 37  678 
 37  691 
 37  694 
 37  670 
 37  641 
 37  665 
 37  683 
 37  687 
 37  674 
 37  658 
 37  676 
 37  655 
 37  700 
 37  699 
 37  701 
 37  676 
 37  679 
 37  690 
 37  662 
 37  702 
 37  674 
 37  727 
 37  700 
 37  669 
 37  674 
 37  657 
 37  674 
 37  721 
 37  669 
 37  665 
 37  697 
 37  717 
 37  705 
 37  683 
 37  684 
 37  687 
 37  666 
 37  704 
 37  702 
 37  628 
 37  676 
 37  688 
 37  679 
 37  687 
 37  703 
 37  706 
 37  680 
 37  660 
 37  676 
 37  667 
 37  667 
 37  703 
 37  705 
 37  682 
 37  688 
 37  721 
 37  661 
 37  694 
 37  700 
 37  696 
 37  690 
 37  704 
 37  692 
 37  713 
 37  695 
 37  730 
 37  658 
 37  668 
 37  623 
 37  694 
 37  708 
 37  697 
 37  721 
 37  698 
 37  686 
 37  683 
 37  692 
 37  680 
 37  675 
 37  700 
 37  676 
 37  679 
 37  662 
 37  672 
 37  650 
 37  694 
 37  678 
 37  691 
 37  650 
 37  670 
 37  722 
 37  700 
 37  690 
 37  708 
 37  703 
 37  674 
 37  660 
 37  640 
 37  668 
 37  700 
 37  687 
 37  672 
 37  711 
 37  660 
 37  683 
 37  673 
 37  685 
 37  672 
 37  667 
 37  670 
 37  675 
 37  704 
 37  726 
 37  674 
 37  692 
 37  717 
 37  686 
 37  665 
 37  690 
 37  701 
 37  717 
 37  682 
 37  677 
 37  684 
 37  688 
 37  712 
 37  657 
 37  692 
 37  686 
 37  696 
 37  733 
 37  669 
 37  684 
 37  691 
 37  672 
 37  691 
 37  703 
 37  690 
 37  677 
 37  678 
 37  682 
 37  663 
 37  695 
 37  717 
 37  667 
 37  659 
 37  687 
 37  687 
 37  688 
 37  693 
 37  694 
 37  690 
 37  706 
 37  698 
 37  700 
 37  697 
 37  711 
 37  700 
 37  704 
 37  680 
 37  715 
 37  642 
 37  690 
 37  701 
 37  671 
 37  679 
 37  689 
 37  700 
 37  707 
 37  663 
 37  691 
 37  682 
 37  689 
 37  681 
 37  684 
 37  677 
 37  660 
 37  698 
 37  684 
 37  701 
 37  676 
 37  715 
 37  713 
 37  693 
 37  665 
 37  685 
 37  673 
 37  693 
 37  652 
 37  652 
 37  677 
 37  680 
 37  700 
 37  707 
 37  667 
 37  715 
 37  676 
 37  687 
 37  683 
 37  685 
 37  692 
 37  674 
 37  695 
 37  653 
 37  680 
 37  701 
 37  671 
 37  696 
 37  703 
 37  696 
 37  690 
 37  666 
 37  651 
 37  678 
 37  706 
 37  719 
 37  680 
 37  671 
 37  675 
 37  667 
 37  689 
 37  678 
 37  691 
 37  710 
 37  657 
 37  717 
 37  662 
 37  655 
 37  695 
 37  696 
 37  702 
 37  679 
 37  713 
 37  681 
 37  727 
 37  726 
 37  695 
 37  703 
 37  649 
 37  674 
 37  703 
 37  703 
 37  675 
 37  694 
 37  708 
 37  661 
 37  686 
 37  711 
 37  664 
 37  699 
 37  655 
 37  684 
 37  690 
 37  706 
 37  698 
 37  687 
 37  696 
 37  676 
 37  692 
 37  662 
 37  680 
 37  681 
 37  699 
 37  701 
 37  706 
 37  674 
 37  697 
 37  668 
 37  692 
 37  675 
 37  703 
 37  685 
 37  695 
 37  696 
 37  664 
 37  718 
 37  691 
 37  691 
 37  662 
 37  701 
 37  682 
 37  702 
 37  681 
 37  668 
 37  670 
 37  713 
 37  709 
 37  685 
 37  686 
 37  693 
 37  653 
 37  686 
 37  708 
 37  659 
 37  670 
 37  694 
 37  710 
 37  700 
 37  738 
 37  687 
 37  652 
 37  649 
 37  667 
 37  679 
 37  699 
 37  681 
 37  679 
 37  693 
 37  690 
 37  666 
 37  680 
 37  707 
 37  687 
 37  708 
 37  677 
 37  687 
 37  677 
 37  707 
 37  666 
 37  674 
 37  711 
 37  719 
 37  714 
 37  633 
 37  672 
 37  687 
 37  666 
 37  708 
 37  671 
 37  682 
 37  684 
 37  675 
 37  685 
 37  693 
 37  698 
 37  640 
 37  682 
 37  660 
 37  666 
 37  684 
 37  676 
 37  672 
 37  673 
 37  702 
 37  669 
 37  661 
 37  681 
 37  684 
 37  677 
 37  681 
 37  639 
 37  672 
 37  708 
 37  671 
 37  669 
 37  653 
 37  691 
 37  700 
 37  701 
 37  712 
 37  680 
 37  702 
 37  726 
 37  681 
 37  696 
 37  685 
 37  714 
 37  708 
 37  692 
 37  690 
 37  664 
 37  706 
 37  681 
 37  668 
 37  689 
 37  687 
 37  655 
 37  700 
 37  673 
 37  727 
 37  652 
 37  704 
 37  656 
 37  679 
 37  679 
 37  674 
 37  693 
 37  721 
 37  695 
 37  741 
 37  719 
 37  702 
 37  682 
 37  727 
 37  700 
 37  686 
 37  646 
 37  695 
 37  682 
 37  686 
 37  676 
 37  692 
 37  682 
 37  701 
 37  664 
 38  655 
 38  679 
 38  680 
 38  705 
 38  726 
 38  681 
 38  694 
 38  671 
 38  727 
 38  681 
 38  691 
 38  696 
 38  665 
 38  696 
 38  688 
 38  713 
 38  682 
 38  697 
 38  699 
 38  697 
 38  680 
 38  676 
 38  701 
 38  705 
 38  705 
 38  725 
 38  707 
 38  714 
 38  714 
 38  650 
 38  688 
 38  691 
 38  668 
 38  683 
 38  690 
 38  689 
 38  681 
 38  687 
 38  671 
 38  706 
 38  672 
 38  686 
 38  720 
 38  723 
 38  668 
 38  713 
 38  679 
 38  662 
 38  716 
 38  721 
 38  703 
 38  688 
 38  698 
 38  696 
 38  654 
 38  688 
 38  706 
 38  719 
 38  701 
 38  673 
 38  680 
 38  701 
 38  695 
 38  704 
 38  705 
 38  684 
 38  715 
 38  693 
 38  718 
 38  683 
 38  716 
 38  703 
 38  688 
 38  663 
 38  694 
 38  707 
 38  698 
 38  706 
 38  703 
 38  699 
 38  698 
 38  683 
 38  689 
 38  696 
 38  670 
 38  689 
 38  678 
 38  683 
 38  685 
 38  673 
 38  676 
 38  704 
 38  693 
 38  702 
 38  690 
 38  708 
 38  649 
 38  668 
 38  723 
 38  683 
 38  737 
 38  715 
 38  676 
 38  696 
 38  684 
 38  715 
 38  714 
 38  695 
 38  731 
 38  697 
 38  683 
 38  703 
 38  669 
 38  696 
 38  669 
 38  672 
 38  645 
 38  715 
 38  713 
 38  712 
 38  723 
 38  699 
 38  702 
 38  712 
 38  719 
 38  705 
 38  699 
 38  683 
 38  698 
 38  677 
 38  717 
 38  709 
 38  694 
 38  701 
 38  700 
 38  690 
 38  687 
 38  714 
 38  692 
 38  681 
 38  695 
 38  716 
 38  690 
 38  704 
 38  693 
 38  706 
 38  701 
 38  686 
 38  675 
 38  671 
 38  670 
 38  668 
 38  714 
 38  720 
 38  682 
 38  705 
 38  675 
 38  717 
 38  678 
 38  697 
 38  701 
 38  683 
 38  694 
 38  731 
 38  684 
 38  670 
 38  735 
 38  683 
 38  679 
 38  718 
 38  720 
 38  673 
 38  694 
 38  706 
 38  684 
 38  696 
 38  696 
 38  691 
 38  719 
 38  690 
 38  682 
 38  713 
 38  714 
 38  676 
 38  694 
 38  682 
 38  680 
 38  710 
 38  713 
 38  721 
 38  651 
 38  695 
 38  674 
 38  690 
 38  710 
 38  702 
 38  700 
 38  720 
 38  692 
 38  698 
 38  684 
 38  723 
 38  666 
 38  666 
 38  675 
 38  722 
 38  679 
 38  686 
 38  739 
 38  692 
 38  703 
 38  738 
 38  695 
 38  718 
 38  694 
 38  685 
 38  689 
 38  695 
 38  729 
 38  695 
 38  669 
 38  712 
 38  684 
 38  729 
 38  671 
 38  690 
 38  706 
 38  708 
 38  662 
 38  682 
 38  699 
 38  664 
 38  723 
 38  715 
 38  698 
 38  690 
 38  713 
 38  713 
 38  733 
 38  635 
 38  694 
 38  713 
 38  702 
 38  699 
 38  730 
 38  686 
 38  693 
 38  702 
 38  692 
 38  694 
 38  683 
 38  700 
 38  711 
 38  695 
 38  706 
 38  691 
 38  711 
 38  689 
 38  723 
 38  686 
 38  705 
 38  717 
 38  699 
 38  717 
 38  673 
 38  698 
 38  669 
 38  732 
 38  716 
 38  693 
 38  698 
 38  685 
 38  700 
 38  712 
 38  708 
 38  660 
 38  702 
 38  667 
 38  680 
 38  709 
 38  723 
 38  704 
 38  693 
 38  656 
 38  717 
 38  686 
 38  679 
 38  722 
 38  677 
 38  669 
 38  682 
 38  702 
 38  698 
 38  704 
 38  706 
 38  716 
 38  685 
 38  694 
 38  694 
 38  718 
 38  656 
 38  670 
 38  679 
 38  679 
 38  685 
 38  700 
 38  686 
 38  696 
 38  683 
 38  696 
 38  682 
 38  696 
 38  675 
 38  692 
 38  689 
 38  704 
 38  690 
 38  720 
 38  716 
 38  704 
 38  681 
 38  737 
 38  713 
 38  712 
 38  704 
 38  676 
 38  698 
 38  689 
 38  695 
 38  707 
 38  706 
 38  664 
 38  684 
 38  696 
 38  679 
 38  680 
 38  685 
 38  686 
 38  662 
 38  696 
 38  698 
 38  704 
 38  666 
 38  701 
 38  652 
 38  700 
 38  717 
 38  668 
 38  667 
 38  717 
 38  715 
 38  686 
 38  664 
 38  692 
 38  697 
 38  703 
 38  690 
 38  726 
 38  675 
 38  673 
 38  693 
 38  699 
 38  706 
 38  725 
 38  684 
 38  670 
 38  685 
 38  683 
 38  682 
 38  674 
 38  694 
 38  689 
 38  679 
 38  701 
 38  699 
 38  738 
 38  711 
 38  727 
 38  695 
 38  669 
 38  741 
 38  693 
 38  692 
 38  705 
 38  677 
 38  682 
 38  686 
 38  703 
 38  697 
 38  698 
 38  699 
 38  668 
 38  704 
 38  653 
 38  700 
 38  668 
 38  706 
 38  718 
 38  689 
 38  691 
 38  703 
 38  703 
 38  713 
 38  696 
 38  668 
 38  729 
 38  693 
 38  697 
 38  702 
 38  699 
 38  693 
 38  694 
 38  711 
 38  669 
 38  691 
 38  689 
 38  710 
 38  685 
 38  690 
 38  728 
 38  706 
 38  699 
 38  653 
 38  680 
 38  676 
 38  671 
 38  705 
 38  676 
 38  739 
 38  675 
 38  698 
 38  694 
 38  700 
 38  717 
 38  697 
 38  668 
 38  642 
 38  720 
 38  697 
 38  723 
 38  702 
 38  711 
 38  704 
 38  694 
 38  698 
 38  685 
 38  684 
 38  721 
 38  709 
 38  701 
 38  669 
 38  689 
 38  702 
 38  703 
 38  721 
 38  666 
 38  703 
 38  685 
 38  637 
 38  680 
 38  700 
 38  678 
 38  716 
 38  680 
 38  681 
 38  717 
 38  677 
 38  690 
 38  690 
 38  705 
 38  699 
 38  690 
 38  720 
 38  710 
 38  695 
 38  697 
 38  674 
 38  718 
 38  692 
 38  717 
 38  713 
 38  697 
 38  715 
 38  703 
 38  706 
 38  701 
 38  687 
 38  716 
 38  706 
 38  713 
 38  725 
 38  674 
 38  680 
 38  678 
 38  738 
 38  672 
 38  726 
 38  692 
 38  702 
 38  731 
 38  706 
 38  717 
 38  709 
 38  697 
 38  660 
 38  674 
 38  726 
 38  703 
 38  709 
 38  695 
 38  678 
 38  700 
 38  687 
 38  717 
 38  675 
 38  704 
 38  690 
 38  680 
 38  708 
 38  650 
 38  680 
 38  664 
 38  704 
 38  685 
 38  680 
 38  711 
 38  656 
 38  677 
 38  671 
 38  674 
 38  682 
 38  695 
 38  720 
 38  694 
 38  703 
 38  678 
 38  690 
 38  710 
 38  687 
 38  688 
 38  667 
 38  705 
 38  687 
 38  691 
 38  719 
 38  689 
 38  698 
 38  670 
 38  670 
 38  728 
 38  721 
 38  694 
 38  697 
 38  666 
 38  688 
 38  693 
 38  672 
 38  694 
 38  682 
 38  692 
 38  700 
 38  696 
 38  680 
 38  705 
 38  698 
 38  689 
 38  688 
 38  689 
 38  700 
 38  659 
 38  746 
 38  682 
 38  674 
 38  724 
 38  713 
 38  697 
 38  714 
 38  679 
 38  713 
 38  715 
 38  696 
 38  681 
 38  694 
 38  704 
 38  700 
 38  691 
 38  687 
 38  660 
 38  681 
 38  718 
 38  703 
 38  691 
 38  679 
 38  706 
 38  716 
 38  698 
 38  669 
 38  745 
 38  718 
 38  666 
 38  707 
 38  743 
 38  708 
 38  696 
 38  675 
 38  665 
 38  703 
 38  687 
 38  686 
 38  681 
 38  681 
 38  698 
 38  684 
 38  699 
 38  698 
 38  675 
 38  698 
 38  696 
 38  677 
 38  682 
 38  697 
 38  680 
 38  697 
 38  678 
 38  676 
 38  680 
 38  652 
 38  694 
 38  667 
 38  688 
 38  696 
 38  668 
 38  686 
 38  715 
 38  705 
 38  670 
 38  704 
 38  731 
 38  699 
 38  687 
 38  697 
 38  688 
 38  699 
 38  655 
 38  678 
 38  661 
 38  666 
 38  694 
 38  665 
 38  718 
 38  659 
 38  683 
 38  692 
 38  718 
 38  669 
 38  697 
 38  686 
 38  663 
 38  702 
 38  707 
 38  712 
 38  713 
 38  708 
 38  683 
 38  689 
 38  718 
 38  732 
 38  686 
 38  701 
 38  712 
 38  704 
 38  705 
 38  680 
 38  718 
 38  673 
 38  692 
 38  719 
 38  704 
 38  685 
 38  661 
 38  712 
 38  699 
 38  738 
 38  693 
 38  688 
 38  682 
 38  733 
 38  718 
 38  687 
 38  739 
 38  699 
 38  668 
 38  707 
 38  663 
 38  704 
 38  723 
 38  691 
 38  695 
 38  703 
 38  702 
 38  680 
 38  692 
 38  716 
 38  691 
 38  688 
 38  711 
 38  704 
 38  665 
 38  673 
 38  704 
 38  712 
 38  685 
 38  664 
 38  665 
 38  690 
 38  697 
 38  688 
 38  685 
 38  685 
 38  662 
 38  710 
 38  662 
 38  729 
 38  676 
 38  704 
 38  659 
 38  668 
 38  717 
 38  697 
 38  670 
 38  702 
 38  677 
 38  698 
 38  677 
 38  704 
 38  669 
 38  725 
 38  690 
 38  678 
 38  673 
 38  701 
 38  708 
 38  650 
 38  676 
 38  668 
 38  699 
 38  717 
 38  699 
 38  715 
 38  700 
 38  724 
 38  706 
 38  706 
 38  700 
 38  713 
 38  679 
 38  683 
 38  690 
 38  729 
 38  712 
 38  711 
 38  678 
 38  675 
 38  708 
 38  719 
 38  680 
 38  697 
 38  675 
 38  701 
 38  696 
 38  677 
 38  693 
 38  714 
 38  696 
 38  671 
 38  688 
 38  678 
 38  643 
 38  716 
 38  707 
 38  725 
 38  710 
 38  720 
 38  677 
 38  701 
 38  725 
 38  695 
 38  689 
 38  644 
 38  700 
 38  691 
 38  703 
 38  672 
 38  709 
 38  658 
 38  673 
 38  691 
 38  696 
 38  682 
 38  714 
 38  674 
 38  703 
 38  699 
 38  684 
 38  685 
 38  684 
 38  687 
 38  696 
 38  677 
 38  703 
 38  705 
 38  707 
 38  714 
 38  698 
 38  670 
 38  721 
 38  669 
 38  693 
 38  692 
 38  749 
 38  676 
 38  692 
 38  688 
 38  673 
 38  704 
 38  695 
 38  691 
 38  691 
 38  700 
 38  672 
 38  687 
 38  696 
 38  678 
 38  700 
 38  730 
 38  661 
 38  672 
 38  696 
 38  719 
 38  713 
 38  724 
 38  680 
 38  673 
 38  680 
 38  705 
 38  685 
 38  664 
 38  707 
 38  707 
 38  680 
 38  702 
 38  708 
 38  730 
 38  688 
 38  711 
 38  670 
 38  689 
 38  685 
 38  696 
 38  701 
 38  678 
 38  703 
 38  708 
 38  703 
 38  678 
 38  677 
 38  722 
 38  661 
 38  689 
 38  674 
 38  673 
 38  696 
 38  677 
 38  694 
 38  684 
 38  671 
 38  727 
 38  713 
 38  675 
 38  673 
 38  698 
 38  710 
 38  700 
 38  686 
 38  687 
 38  689 
 38  704 
 38  682 
 38  702 
 38  713 
 38  695 
 38  703 
 38  685 
 38  745 
 38  682 
 38  685 
 38  687 
 38  734 
 38  687 
 38  705 
 38  708 
 38  710 
 38  717 
 38  679 
 38  678 
 38  657 
 38  697 
 38  702 
 38  671 
 38  706 
 38  670 
 38  719 
 38  703 
 38  678 
 38  707 
 38  686 
 38  694 
 38  687 
 38  676 
 38  689 
 38  717 
 38  710 
 38  684 
 38  674 
 38  714 
 38  688 
 38  675 
 38  713 
 38  742 
 38  689 
 38  659 
 38  670 
 38  686 
 38  717 
 38  705 
 38  662 
 38  692 
 38  685 
 38  699 
 38  680 
 38  730 
 38  676 
 38  745 
 38  647 
 38  674 
 38  673 
 38  713 
 38  688 
 38  679 
 38  681 
 38  709 
 38  714 
 38  730 
 38  689 
 38  711 
 38  699 
 38  726 
 38  705 
 38  704 
 38  691 
 38  731 
 38  700 
 38  691 
 38  691 
 38  695 
 38  698 
 38  714 
 38  693 
 38  689 
 38  680 
 38  698 
 38  687 
 38  702 
 38  665 
 38  677 
 38  683 
 38  679 
 38  699 
 38  713 
 38  710 
 38  674 
 38  691 
 38  721 
 38  712 
 38  687 
 38  719 
 38  748 
 38  676 
 38  700 
 38  691 
 38  686 
 38  711 
 38  679 
 38  693 
 38  702 
 38  692 
 38  698 
 38  650 
 38  702 
 38  687 
 39  693 
 39  680 
 39  734 
 39  689 
 39  710 
 39  698 
 39  703 
 39  682 
 39  724 
 39  696 
 39  709 
 39  686 
 39  727 
 39  704 
 39  680 
 39  677 
 39  715 
 39  698 
 39  716 
 39  723 
 39  670 
 39  683 
 39  694 
 39  716 
 39  728 
 39  731 
 39  698 
 39  660 
 39  711 
 39  747 
 39  708 
 39  688 
 39  668 
 39  733 
 39  666 
 39  682 
 39  726 
 39  711 
 39  691 
 39  711 
 39  679 
 39  690 
 39  709 
 39  676 
 39  716 
 39  696 
 39  681 
 39  717 
 39  720 
 39  672 
 39  693 
 39  715 
 39  702 
 39  721 
 39  667 
 39  671 
 39  685 
 39  671 
 39  717 
 39  697 
 39  710 
 39  706 
 39  730 
 39  727 
 39  726 
 39  692 
 39  694 
 39  717 
 39  689 
 39  703 
 39  705 
 39  702 
 39  674 
 39  703 
 39  694 
 39  722 
 39  728 
 39  702 
 39  723 
 39  685 
 39  692 
 39  700 
 39  695 
 39  711 
 39  697 
 39  721 
 39  713 
 39  746 
 39  705 
 39  700 
 39  720 
 39  659 
 39  680 
 39  692 
 39  731 
 39  699 
 39  686 
 39  682 
 39  710 
 39  714 
 39  700 
 39  704 
 39  686 
 39  704 
 39  672 
 39  697 
 39  678 
 39  710 
 39  721 
 39  709 
 39  692 
 39  693 
 39  693 
 39  701 
 39  711 
 39  674 
 39  736 
 39  699 
 39  716 
 39  677 
 39  665 
 39  710 
 39  691 
 39  703 
 39  733 
 39  702 
 39  712 
 39  720 
 39  732 
 39  697 
 39  718 
 39  717 
 39  703 
 39  672 
 39  716 
 39  693 
 39  710 
 39  704 
 39  719 
 39  694 
 39  688 
 39  724 
 39  717 
 39  692 
 39  741 
 39  693 
 39  677 
 39  715 
 39  713 
 39  693 
 39  716 
 39  665 
 39  697 
 39  680 
 39  696 
 39  699 
 39  700 
 39  726 
 39  732 
 39  744 
 39  663 
 39  686 
 39  733 
 39  716 
 39  690 
 39  700 
 39  700 
 39  735 
 39  672 
 39  726 
 39  708 
 39  693 
 39  682 
 39  692 
 39  696 
 39  732 
 39  748 
 39  685 
 39  671 
 39  702 
 39  698 
 39  683 
 39  698 
 39  687 
 39  708 
 39  714 
 39  708 
 39  708 
 39  679 
 39  692 
 39  683 
 39  702 
 39  692 
 39  705 
 39  655 
 39  684 
 39  705 
 39  665 
 39  723 
 39  688 
 39  688 
 39  665 
 39  713 
 39  728 
 39  708 
 39  672 
 39  725 
 39  692 
 39  723 
 39  729 
 39  681 
 39  684 
 39  726 
 39  712 
 39  722 
 39  696 
 39  670 
 39  687 
 39  722 
 39  696 
 39  679 
 39  700 
 39  703 
 39  692 
 39  742 
 39  725 
 39  684 
 39  709 
 39  674 
 39  722 
 39  717 
 39  690 
 39  697 
 39  716 
 39  702 
 39  657 
 39  705 
 39  714 
 39  735 
 39  679 
 39  707 
 39  702 
 39  704 
 39  715 
 39  680 
 39  688 
 39  724 
 39  719 
 39  720 
 39  688 
 39  696 
 39  717 
 39  688 
 39  726 
 39  675 
 39  718 
 39  693 
 39  702 
 39  717 
 39  719 
 39  713 
 39  683 
 39  706 
 39  689 
 39  719 
 39  696 
 39  701 
 39  700 
 39  701 
 39  720 
 39  735 
 39  724 
 39  702 
 39  719 
 39  699 
 39  698 
 39  719 
 39  725 
 39  704 
 39  700 
 39  742 
 39  711 
 39  702 
 39  687 
 39  705 
 39  668 
 39  673 
 39  689 
 39  674 
 39  710 
 39  701 
 39  709 
 39  738 
 39  716 
 39  729 
 39  690 
 39  720 
 39  728 
 39  683 
 39  685 
 39  687 
 39  719 
 39  702 
 39  706 
 39  696 
 39  723 
 39  691 
 39  700 
 39  672 
 39  693 
 39  716 
 39  694 
 39  691 
 39  728 
 39  674 
 39  695 
 39  682 
 39  690 
 39  678 
 39  702 
 39  702 
 39  698 
 39  693 
 39  686 
 39  711 
 39  701 
 39  689 
 39  705 
 39  707 
 39  716 
 39  663 
 39  669 
 39  722 
 39  747 
 39  696 
 39  647 
 39  724 
 39  702 
 39  683 
 39  711 
 39  720 
 39  715 
 39  695 
 39  676 
 39  706 
 39  709 
 39  720 
 39  702 
 39  715 
 39  719 
 39  674 
 39  713 
 39  652 
 39  700 
 39  702 
 39  696 
 39  695 
 39  708 
 39  694 
 39  686 
 39  691 
 39  711 
 39  730 
 39  763 
 39  695 
 39  703 
 39  702 
 39  696 
 39  680 
 39  689 
 39  703 
 39  673 
 39  669 
 39  727 
 39  688 
 39  697 
 39  705 
 39  703 
 39  707 
 39  695 
 39  709 
 39  668 
 39  731 
 39  695 
 39  658 
 39  719 
 39  728 
 39  702 
 39  683 
 39  681 
 39  707 
 39  691 
 39  722 
 39  702 
 39  729 
 39  701 
 39  709 
 39  701 
 39  692 
 39  681 
 39  689 
 39  694 
 39  702 
 39  726 
 39  743 
 39  723 
 39  724 
 39  684 
 39  727 
 39  701 
 39  698 
 39  697 
 39  729 
 39  708 
 39  711 
 39  703 
 39  697 
 39  745 
 39  691 
 39  730 
 39  718 
 39  727 
 39  689 
 39  703 
 39  726 
 39  676 
 39  705 
 39  700 
 39  709 
 39  686 
 39  719 
 39  708 
 39  692 
 39  731 
 39  711 
 39  743 
 39  706 
 39  705 
 39  666 
 39  711 
 39  705 
 39  693 
 39  694 
 39  716 
 39  705 
 39  717 
 39  743 
 39  710 
 39  693 
 39  729 
 39  706 
 39  697 
 39  682 
 39  688 
 39  696 
 39  711 
 39  702 
 39  693 
 39  702 
 39  678 
 39  695 
 39  701 
 39  685 
 39  707 
 39  684 
 39  707 
 39  682 
 39  694 
 39  709 
 39  707 
 39  710 
 39  710 
 39  680 
 39  698 
 39  700 
 39  733 
 39  706 
 39  694 
 39  680 
 39  667 
 39  708 
 39  710 
 39  709 
 39  710 
 39  714 
 39  713 
 39  708 
 39  717 
 39  688 
 39  729 
 39  744 
 39  696 
 39  733 
 39  696 
 39  692 
 39  710 
 39  709 
 39  704 
 39  709 
 39  711 
 39  679 
 39  693 
 39  727 
 39  696 
 39  710 
 39  714 
 39  651 
 39  718 
 39  700 
 39  706 
 39  705 
 39  698 
 39  669 
 39  706 
 39  671 
 39  705 
 39  685 
 39  702 
 39  732 
 39  729 
 39  691 
 39  737 
 39  711 
 39  677 
 39  686 
 39  731 
 39  688 
 39  686 
 39  684 
 39  727 
 39  694 
 39  730 
 39  688 
 39  717 
 39  704 
 39  704 
 39  696 
 39  703 
 39  681 
 39  678 
 39  717 
 39  711 
 39  716 
 39  743 
 39  668 
 39  692 
 39  700 
 39  745 
 39  690 
 39  699 
 39  759 
 39  713 
 39  663 
 39  669 
 39  717 
 39  678 
 39  715 
 39  704 
 39  722 
 39  678 
 39  727 
 39  712 
 39  717 
 39  697 
 39  727 
 39  677 
 39  667 
 39  677 
 39  724 
 39  712 
 39  695 
 39  697 
 39  726 
 39  718 
 39  707 
 39  668 
 39  683 
 39  700 
 39  695 
 39  704 
 39  699 
 39  712 
 39  730 
 39  677 
 39  735 
 39  677 
 39  687 
 39  704 
 39  701 
 39  731 
 39  704 
 39  678 
 39  720 
 39  710 
 39  691 
 39  721 
 39  704 
 39  713 
 39  685 
 39  701 
 39  697 
 39  689 
 39  675 
 39  725 
 39  740 
 39  733 
 39  685 
 39  728 
 39  696 
 39  741 
 39  731 
 39  684 
 39  715 
 39  700 
 39  706 
 39  683 
 39  691 
 39  702 
 39  660 
 39  697 
 39  699 
 39  697 
 39  709 
 39  706 
 39  695 
 39  726 
 39  722 
 39  722 
 39  717 
 39  682 
 39  673 
 39  712 
 39  691 
 39  698 
 39  695 
 39  749 
 39  710 
 39  746 
 39  702 
 39  725 
 39  708 
 39  713 
 39  721 
 39  729 
 39  719 
 39  689 
 39  693 
 39  724 
 39  684 
 39  700 
 39  718 
 39  692 
 39  704 
 39  728 
 39  716 
 39  689 
 39  713 
 39  716 
 39  711 
 39  695 
 39  707 
 39  690 
 39  704 
 39  720 
 39  695 
 39  714 
 39  743 
 39  711 
 39  698 
 39  686 
 39  697 
 39  674 
 39  673 
 39  694 
 39  687 
 39  686 
 39  698 
 39  662 
 39  741 
 39  711 
 39  700 
 39  734 
 39  700 
 39  703 
 39  719 
 39  723 
 39  699 
 39  696 
 39  715 
 39  711 
 39  717 
 39  722 
 39  696 
 39  679 
 39  717 
 39  692 
 39  712 
 39  707 
 39  684 
 39  695 
 39  731 
 39  677 
 39  707 
 39  678 
 39  689 
 39  689 
 39  703 
 39  716 
 39  702 
 39  683 
 39  721 
 39  680 
 39  703 
 39  688 
 39  695 
 39  679 
 39  721 
 39  731 
 39  702 
 39  689 
 39  729 
 39  673 
 39  686 
 39  708 
 39  689 
 39  739 
 39  749 
 39  711 
 39  726 
 39  713 
 39  698 
 39  726 
 39  734 
 39  686 
 39  686 
 39  735 
 39  656 
 39  697 
 39  684 
 39  687 
 39  673 
 39  711 
 39  667 
 39  687 
 39  708 
 39  724 
 39  668 
 39  681 
 39  704 
 39  680 
 39  720 
 39  712 
 39  716 
 39  673 
 39  705 
 39  700 
 39  732 
 39  685 
 39  678 
 39  698 
 39  688 
 39  686 
 39  688 
 39  708 
 39  732 
 39  684 
 39  709 
 39  676 
 39  679 
 39  730 
 39  690 
 39  737 
 39  675 
 39  711 
 39  712 
 39  718 
 39  702 
 39  713 
 39  679 
 39  716 
 39  714 
 39  716 
 39  712 
 39  680 
 39  695 
 39  727 
 39  684 
 39  713 
 39  697 
 39  679 
 39  736 
 39  732 
 39  684 
 39  697 
 39  706 
 39  707 
 39  678 
 39  735 
 39  694 
 39  712 
 39  700 
 39  708 
 39  729 
 39  726 
 39  677 
 39  704 
 39  714 
 39  707 
 39  731 
 39  708 
 39  708 
 39  723 
 39  663 
 39  709 
 39  716 
 39  720 
 39  696 
 39  717 
 39  692 
 39  692 
 39  721 
 39  723 
 39  721 
 39  717 
 39  724 
 39  708 
 39  712 
 39  702 
 39  692 
 39  712 
 39  686 
 39  712 
 39  710 
 39  689 
 39  681 
 39  691 
 39  670 
 39  733 
 39  714 
 39  680 
 39  708 
 39  737 
 39  718 
 39  695 
 39  696 
 39  739 
 39  707 
 39  722 
 39  683 
 39  682 
 39  717 
 39  715 
 39  699 
 39  718 
 39  710 
 39  745 
 39  696 
 39  700 
 39  697 
 39  705 
 39  711 
 39  657 
 39  698 
 39  695 
 39  688 
 39  736 
 39  704 
 39  737 
 39  698 
 39  717 
 39  669 
 39  692 
 39  716 
 39  671 
 39  678 
 39  704 
 39  671 
 39  708 
 39  695 
 39  693 
 39  702 
 39  702 
 39  707 
 39  692 
 39  702 
 39  664 
 39  700 
 39  686 
 39  723 
 39  700 
 39  712 
 39  667 
 39  732 
 39  712 
 39  699 
 39  693 
 39  690 
 39  714 
 39  700 
 39  683 
 39  708 
 39  669 
 39  681 
 39  726 
 39  705 
 39  702 
 39  677 
 39  740 
 39  685 
 39  701 
 39  671 
 39  714 
 39  749 
 39  675 
 39  701 
 39  713 
 39  703 
 39  717 
 39  744 
 39  717 
 39  690 
 39  697 
 39  699 
 39  728 
 39  702 
 39  729 
 39  693 
 39  709 
 39  687 
 39  709 
 39  708 
 39  671 
 39  691 
 39  699 
 39  737 
 39  701 
 39  726 
 39  680 
 39  721 
 39  688 
 39  715 
 39  697 
 39  693 
 39  710 
 39  665 
 39  726 
 39  725 
 39  708 
 39  714 
 39  709 
 39  693 
 39  695 
 39  665 
 39  712 
 39  696 
 39  734 
 39  714 
 39  674 
 39  727 
 39  664 
 39  672 
 39  718 
 39  678 
 39  678 
 39  706 
 39  712 
 39  710 
 39  678 
 39  684 
 39  705 
 39  689 
 39  703 
 39  706 
 39  691 
 39  681 
 39  702 
 39  749 
 39  702 
 39  681 
 39  660 
 39  696 
 39  716 
 39  708 
 39  740 
 39  716 
 39  707 
 39  706 
 39  713 
 39  722 
 39  718 
 39  665 
 39  703 
 39  686 
 39  696 
 39  694 
 39  725 
 39  683 
 39  675 
 39  711 
 39  700 
 40  699 
 40  741 
 40  707 
 40  676 
 40  721 
 40  701 
 40  707 
 40  718 
 40  706 
 40  715 
 40  713 
 40  720 
 40  723 
 40  695 
 40  716 
 40  724 
 40  716 
 40  688 
 40  763 
 40  689 
 40  663 
 40  736 
 40  686 
 40  686 
 40  678 
 40  701 
 40  717 
 40  678 
 40  690 
 40  702 
 40  695 
 40  685 
 40  707 
 40  698 
 40  685 
 40  719 
 40  737 
 40  718 
 40  704 
 40  685 
 40  703 
 40  696 
 40  710 
 40  689 
 40  717 
 40  714 
 40  722 
 40  743 
 40  715 
 40  704 
 40  706 
 40  713 
 40  731 
 40  694 
 40  743 
 40  690 
 40  732 
 40  715 
 40  732 
 40  688 
 40  727 
 40  720 
 40  721 
 40  723 
 40  664 
 40  703 
 40  722 
 40  710 
 40  701 
 40  684 
 40  702 
 40  682 
 40  699 
 40  731 
 40  716 
 40  688 
 40  699 
 40  688 
 40  693 
 40  708 
 40  737 
 40  743 
 40  715 
 40  688 
 40  704 
 40  686 
 40  684 
 40  683 
 40  716 
 40  708 
 40  714 
 40  701 
 40  701 
 40  715 
 40  689 
 40  717 
 40  715 
 40  714 
 40  677 
 40  741 
 40  680 
 40  697 
 40  699 
 40  718 
 40  715 
 40  708 
 40  696 
 40  697 
 40  708 
 40  746 
 40  722 
 40  696 
 40  730 
 40  719 
 40  697 
 40  703 
 40  706 
 40  671 
 40  708 
 40  691 
 40  693 
 40  740 
 40  740 
 40  644 
 40  721 
 40  696 
 40  715 
 40  700 
 40  676 
 40  675 
 40  713 
 40  733 
 40  711 
 40  680 
 40  716 
 40  688 
 40  697 
 40  684 
 40  690 
 40  725 
 40  721 
 40  714 
 40  734 
 40  709 
 40  726 
 40  701 
 40  713 
 40  699 
 40  731 
 40  737 
 40  698 
 40  696 
 40  706 
 40  679 
 40  707 
 40  701 
 40  688 
 40  734 
 40  739 
 40  708 
 40  702 
 40  689 
 40  697 
 40  698 
 40  712 
 40  694 
 40  710 
 40  707 
 40  712 
 40  675 
 40  708 
 40  705 
 40  654 
 40  692 
 40  702 
 40  676 
 40  716 
 40  711 
 40  681 
 40  754 
 40  716 
 40  718 
 40  684 
 40  674 
 40  713 
 40  720 
 40  722 
 40  726 
 40  719 
 40  674 
 40  727 
 40  703 
 40  701 
 40  737 
 40  681 
 40  723 
 40  718 
 40  696 
 40  716 
 40  720 
 40  723 
 40  712 
 40  706 
 40  677 
 40  734 
 40  710 
 40  701 
 40  688 
 40  709 
 40  717 
 40  695 
 40  737 
 40  672 
 40  701 
 40  729 
 40  704 
 40  742 
 40  722 
 40  719 
 40  725 
 40  694 
 40  725 
 40  708 
 40  705 
 40  734 
 40  673 
 40  721 
 40  692 
 40  704 
 40  699 
 40  686 
 40  700 
 40  728 
 40  689 
 40  707 
 40  695 
 40  691 
 40  702 
 40  744 
 40  696 
 40  701 
 40  699 
 40  707 
 40  713 
 40  713 
 40  700 
 40  736 
 40  710 
 40  743 
 40  723 
 40  713 
 40  701 
 40  706 
 40  703 
 40  675 
 40  711 
 40  714 
 40  688 
 40  709 
 40  729 
 40  723 
 40  684 
 40  708 
 40  683 
 40  716 
 40  698 
 40  709 
 40  729 
 40  677 
 40  683 
 40  711 
 40  708 
 40  729 
 40  689 
 40  730 
 40  689 
 40  693 
 40  711 
 40  714 
 40  734 
 40  714 
 40  723 
 40  670 
 40  717 
 40  681 
 40  727 
 40  769 
 40  712 
 40  729 
 40  686 
 40  712 
 40  706 
 40  731 
 40  700 
 40  699 
 40  700 
 40  748 
 40  691 
 40  700 
 40  693 
 40  722 
 40  709 
 40  731 
 40  709 
 40  691 
 40  702 
 40  704 
 40  699 
 40  685 
 40  676 
 40  688 
 40  712 
 40  725 
 40  721 
 40  692 
 40  736 
 40  724 
 40  734 
 40  704 
 40  705 
 40  708 
 40  731 
 40  715 
 40  695 
 40  730 
 40  717 
 40  687 
 40  684 
 40  708 
 40  716 
 40  697 
 40  740 
 40  706 
 40  707 
 40  716 
 40  722 
 40  677 
 40  720 
 40  708 
 40  681 
 40  705 
 40  714 
 40  697 
 40  731 
 40  734 
 40  705 
 40  702 
 40  726 
 40  680 
 40  707 
 40  725 
 40  719 
 40  730 
 40  725 
 40  690 
 40  698 
 40  689 
 40  707 
 40  681 
 40  693 
 40  714 
 40  684 
 40  737 
 40  713 
 40  637 
 40  745 
 40  697 
 40  684 
 40  677 
 40  705 
 40  698 
 40  733 
 40  727 
 40  679 
 40  729 
 40  708 
 40  730 
 40  696 
 40  692 
 40  700 
 40  694 
 40  719 
 40  691 
 40  723 
 40  666 
 40  712 
 40  739 
 40  730 
 40  705 
 40  718 
 40  742 
 40  736 
 40  736 
 40  682 
 40  738 
 40  710 
 40  644 
 40  699 
 40  720 
 40  702 
 40  697 
 40  697 
 40  718 
 40  717 
 40  695 
 40  693 
 40  733 
 40  716 
 40  703 
 40  702 
 40  680 
 40  709 
 40  687 
 40  742 
 40  707 
 40  698 
 40  750 
 40  692 
 40  701 
 40  730 
 40  692 
 40  704 
 40  711 
 40  687 
 40  717 
 40  696 
 40  683 
 40  708 
 40  693 
 40  706 
 40  740 
 40  738 
 40  724 
 40  717 
 40  718 
 40  720 
 40  710 
 40  693 
 40  714 
 40  693 
 40  698 
 40  694 
 40  725 
 40  679 
 40  678 
 40  697 
 40  697 
 40  701 
 40  687 
 40  730 
 40  703 
 40  682 
 40  707 
 40  719 
 40  712 
 40  712 
 40  689 
 40  710 
 40  708 
 40  702 
 40  697 
 40  726 
 40  709 
 40  720 
 40  704 
 40  691 
 40  699 
 40  710 
 40  710 
 40  688 
 40  683 
 40  706 
 40  697 
 40  730 
 40  711 
 40  702 
 40  664 
 40  712 
 40  695 
 40  693 
 40  708 
 40  732 
 40  739 
 40  725 
 40  699 
 40  698 
 40  717 
 40  717 
 40  683 
 40  696 
 40  694 
 40  710 
 40  679 
 40  719 
 40  716 
 40  688 
 40  680 
 40  702 
 40  704 
 40  729 
 40  734 
 40  743 
 40  716 
 40  696 
 40  732 
 40  688 
 40  724 
 40  705 
 40  739 
 40  697 
 40  703 
 40  707 
 40  702 
 40  688 
 40  665 
 40  735 
 40  739 
 40  716 
 40  731 
 40  705 
 40  698 
 40  710 
 40  712 
 40  683 
 40  731 
 40  727 
 40  705 
 40  722 
 40  724 
 40  754 
 40  707 
 40  708 
 40  710 
 40  690 
 40  706 
 40  737 
 40  702 
 40  722 
 40  694 
 40  739 
 40  718 
 40  687 
 40  691 
 40  694 
 40  736 
 40  680 
 40  704 
 40  695 
 40  698 
 40  686 
 40  712 
 40  697 
 40  726 
 40  731 
 40  676 
 40  699 
 40  684 
 40  696 
 40  714 
 40  716 
 40  722 
 40  700 
 40  708 
 40  653 
 40  694 
 40  712 
 40  698 
 40  681 
 40  734 
 40  719 
 40  712 
 40  685 
 40  737 
 40  690 
 40  726 
 40  712 
 40  700 
 40  681 
 40  718 
 40  703 
 40  698 
 40  703 
 40  741 
 40  706 
 40  710 
 40  711 
 40  683 
 40  685 
 40  715 
 40  698 
 40  687 
 40  679 
 40  713 
 40  702 
 40  703 
 40  681 
 40  722 
 40  704 
 40  688 
 40  706 
 40  704 
 40  704 
 40  698 
 40  712 
 40  712 
 40  755 
 40  705 
 40  712 
 40  703 
 40  709 
 40  681 
 40  686 
 40  758 
 40  708 
 40  704 
 40  724 
 40  726 
 40  699 
 40  702 
 40  716 
 40  700 
 40  705 
 40  706 
 40  661 
 40  692 
 40  723 
 40  710 
 40  712 
 40  703 
 40  723 
 40  719 
 40  711 
 40  709 
 40  676 
 40  712 
 40  696 
 40  710 
 40  727 
 40  716 
 40  710 
 40  665 
 40  699 
 40  700 
 40  679 
 40  726 
 40  706 
 40  724 
 40  699 
 40  723 
 40  687 
 40  765 
 40  683 
 40  747 
 40  676 
 40  705 
 40  688 
 40  709 
 40  747 
 40  723 
 40  715 
 40  718 
 40  712 
 40  707 
 40  723 
 40  682 
 40  719 
 40  716 
 40  696 
 40  716 
 40  716 
 40  719 
 40  701 
 40  706 
 40  709 
 40  710 
 40  722 
 40  708 
 40  703 
 40  719 
 40  689 
 40  684 
 40  714 
 40  711 
 40  685 
 40  687 
 40  710 
 40  714 
 40  727 
 40  703 
 40  711 
 40  681 
 40  728 
 40  714 
 40  724 
 40  690 
 40  711 
 40  706 
 40  692 
 40  704 
 40  722 
 40  740 
 40  686 
 40  702 
 40  705 
 40  699 
 40  711 
 40  725 
 40  697 
 40  702 
 40  718 
 40  716 
 40  713 
 40  741 
 40  676 
 40  673 
 40  684 
 40  709 
 40  686 
 40  734 
 40  692 
 40  711 
 40  701 
 40  720 
 40  659 
 40  731 
 40  705 
 40  695 
 40  704 
 40  719 
 40  707 
 40  706 
 40  729 
 40  718 
 40  709 
 40  688 
 40  714 
 40  735 
 40  691 
 40  718 
 40  706 
 40  692 
 40  697 
 40  657 
 40  726 
 40  707 
 40  704 
 40  732 
 40  727 
 40  698 
 40  669 
 40  714 
 40  688 
 40  726 
 40  724 
 40  698 
 40  733 
 40  700 
 40  711 
 40  721 
 40  728 
 40  696 
 40  701 
 40  712 
 40  713 
 40  715 
 40  667 
 40  697 
 40  691 
 40  709 
 40  726 
 40  677 
 40  670 
 40  676 
 40  712 
 40  691 
 40  705 
 40  683 
 40  714 
 40  696 
 40  725 
 40  722 
 40  664 
 40  693 
 40  667 
 40  713 
 40  702 
 40  721 
 40  686 
 40  700 
 40  710 
 40  721 
 40  712 
 40  714 
 40  682 
 40  696 
 40  700 
 40  680 
 40  716 
 40  694 
 40  717 
 40  699 
 40  717 
 40  761 
 40  715 
 40  726 
 40  692 
 40  722 
 40  709 
 40  716 
 40  690 
 40  707 
 40  722 
 40  716 
 40  689 
 40  711 
 40  702 
 40  709 
 40  706 
 40  735 
 40  706 
 40  728 
 40  710 
 40  719 
 40  716 
 40  721 
 40  702 
 40  706 
 40  731 
 40  680 
 40  695 
 40  693 
 40  726 
 40  720 
 40  703 
 40  701 
 40  704 
 40  689 
 40  715 
 40  686 
 40  724 
 40  729 
 40  727 
 40  707 
 40  730 
 40  759 
 40  712 
 40  712 
 40  712 
 40  723 
 40  691 
 40  702 
 40  683 
 40  702 
 40  687 
 40  734 
 40  741 
 40  730 
 40  713 
 40  693 
 40  705 
 40  707 
 40  721 
 40  702 
 40  721 
 40  677 
 40  697 
 40  685 
 40  715 
 40  693 
 40  728 
 40  674 
 40  693 
 40  711 
 40  682 
 40  734 
 40  682 
 40  721 
 40  713 
 40  717 
 40  695 
 40  712 
 40  716 
 40  689 
 40  697 
 40  713 
 40  708 
 40  684 
 40  710 
 40  719 
 40  687 
 40  697 
 40  672 
 40  732 
 40  740 
 40  694 
 40  687 
 40  693 
 40  712 
 40  715 
 40  741 
 40  713 
 40  671 
 40  696 
 40  683 
 40  704 
 40  693 
 40  733 
 40  671 
 40  704 
 40  687 
 40  715 
 40  719 
 40  687 
 40  719 
 40  710 
 40  707 
 40  697 
 40  709 
 40  675 
 40  695 
 40  724 
 40  713 
 40  689 
 40  703 
 40  711 
 40  690 
 40  705 
 40  689 
 40  733 
 40  741 
 40  699 
 40  715 
 40  720 
 40  688 
 40  711 
 40  704 
 40  725 
 40  674 
 40  746 
 40  736 
 40  715 
 40  682 
 40  708 
 40  733 
 40  709 
 40  692 
 40  718 
 40  698 
 40  677 
 40  712 
 40  694 
 40  708 
 40  689 
 40  677 
 40  695 
 40  720 
 40  694 
 40  692 
 40  725 
 40  703 
 40  704 
 40  694 
 40  691 
 40  674 
 40  705 
 40  727 
 40  719 
 40  720 
 40  701 
 40  702 
 40  675 
 40  717 
 40  738 
 40  726 
 40  702 
 40  726 
 40  715 
 40  704 
 40  718 
 40  736 
 40  684 
 40  694 
 40  728 
 40  715 
 40  671 
 40  704 
 40  698 
 40  740 
 40  725 
 40  736 
 40  695 
 40  716 
 40  723 
 40  725 
 40  723 
 40  737 
 40  679 
 40  741 
 40  702 
 40  704 
 41  716 
 41  712 
 41  717 
 41  701 
 41  723 
 41  736 
 41  703 
 41  725 
 41  713 
 41  751 
 41  711 
 41  748 
 41  689 
 41  712 
 41  706 
 41  745 
 41  724 
 41  693 
 41  705 
 41  684 
 41  679 
 41  700 
 41  725 
 41  687 
 41  713 
 41  729 
 41  728 
 41  729 
 41  689 
 41  715 
 41  715 
 41  718 
 41  743 
 41  724 
 41  727 
 41  756 
 41  724 
 41  730 
 41  722 
 41  719 
 41  702 
 41  728 
 41  706 
 41  681 
 41  687 
 41  697 
 41  721 
 41  695 
 41  701 
 41  700 
 41  680 
 41  692 
 41  705 
 41  711 
 41  705 
 41  703 
 41  734 
 41  721 
 41  668 
 41  735 
 41  729 
 41  711 
 41  703 
 41  742 
 41  712 
 41  703 
 41  720 
 41  695 
 41  718 
 41  708 
 41  677 
 41  716 
 41  707 
 41  736 
 41  700 
 41  714 
 41  721 
 41  686 
 41  691 
 41  707 
 41  745 
 41  700 
 41  746 
 41  712 
 41  736 
 41  714 
 41  692 
 41  726 
 41  723 
 41  728 
 41  697 
 41  742 
 41  693 
 41  687 
 41  713 
 41  717 
 41  705 
 41  649 
 41  704 
 41  717 
 41  728 
 41  694 
 41  707 
 41  690 
 41  689 
 41  723 
 41  700 
 41  713 
 41  703 
 41  705 
 41  692 
 41  746 
 41  717 
 41  721 
 41  706 
 41  720 
 41  716 
 41  697 
 41  733 
 41  725 
 41  692 
 41  704 
 41  695 
 41  692 
 41  702 
 41  723 
 41  682 
 41  682 
 41  701 
 41  742 
 41  726 
 41  724 
 41  686 
 41  691 
 41  680 
 41  716 
 41  730 
 41  702 
 41  718 
 41  718 
 41  738 
 41  702 
 41  708 
 41  695 
 41  716 
 41  698 
 41  713 
 41  700 
 41  696 
 41  692 
 41  690 
 41  726 
 41  708 
 41  723 
 41  725 
 41  686 
 41  695 
 41  709 
 41  749 
 41  751 
 41  714 
 41  705 
 41  729 
 41  709 
 41  722 
 41  684 
 41  665 
 41  701 
 41  702 
 41  729 
 41  717 
 41  724 
 41  700 
 41  710 
 41  712 
 41  698 
 41  713 
 41  720 
 41  711 
 41  731 
 41  720 
 41  719 
 41  737 
 41  707 
 41  747 
 41  745 
 41  697 
 41  704 
 41  701 
 41  734 
 41  728 
 41  691 
 41  713 
 41  710 
 41  705 
 41  715 
 41  684 
 41  729 
 41  758 
 41  703 
 41  708 
 41  708 
 41  725 
 41  693 
 41  731 
 41  736 
 41  729 
 41  730 
 41  708 
 41  702 
 41  706 
 41  716 
 41  701 
 41  740 
 41  712 
 41  717 
 41  759 
 41  672 
 41  738 
 41  710 
 41  705 
 41  700 
 41  719 
 41  708 
 41  692 
 41  717 
 41  711 
 41  727 
 41  696 
 41  742 
 41  721 
 41  716 
 41  697 
 41  722 
 41  712 
 41  696 
 41  697 
 41  723 
 41  686 
 41  682 
 41  714 
 41  697 
 41  702 
 41  739 
 41  686 
 41  735 
 41  716 
 41  712 
 41  715 
 41  764 
 41  697 
 41  750 
 41  715 
 41  720 
 41  698 
 41  707 
 41  719 
 41  739 
 41  695 
 41  712 
 41  701 
 41  726 
 41  725 
 41  736 
 41  674 
 41  688 
 41  691 
 41  741 
 41  695 
 41  737 
 41  703 
 41  733 
 41  726 
 41  703 
 41  728 
 41  733 
 41  719 
 41  745 
 41  697 
 41  702 
 41  704 
 41  691 
 41  725 
 41  727 
 41  700 
 41  737 
 41  736 
 41  744 
 41  700 
 41  718 
 41  689 
 41  711 
 41  723 
 41  727 
 41  709 
 41  729 
 41  719 
 41  693 
 41  710 
 41  712 
 41  704 
 41  693 
 41  719 
 41  689 
 41  693 
 41  691 
 41  701 
 41  723 
 41  715 
 41  721 
 41  656 
 41  730 
 41  686 
 41  751 
 41  712 
 41  676 
 41  705 
 41  702 
 41  715 
 41  771 
 41  736 
 41  708 
 41  737 
 41  754 
 41  699 
 41  732 
 41  705 
 41  725 
 41  722 
 41  721 
 41  701 
 41  702 
 41  733 
 41  730 
 41  740 
 41  694 
 41  725 
 41  680 
 41  676 
 41  712 
 41  706 
 41  728 
 41  692 
 41  707 
 41  719 
 41  684 
 41  725 
 41  685 
 41  714 
 41  664 
 41  729 
 41  701 
 41  713 
 41  741 
 41  684 
 41  702 
 41  726 
 41  750 
 41  689 
 41  708 
 41  696 
 41  706 
 41  729 
 41  719 
 41  685 
 41  708 
 41  714 
 41  709 
 41  716 
 41  721 
 41  713 
 41  720 
 41  710 
 41  676 
 41  709 
 41  705 
 41  718 
 41  694 
 41  712 
 41  738 
 41  702 
 41  722 
 41  706 
 41  728 
 41  707 
 41  720 
 41  707 
 41  712 
 41  742 
 41  686 
 41  655 
 41  763 
 41  681 
 41  729 
 41  730 
 41  677 
 41  703 
 41  718 
 41  719 
 41  678 
 41  706 
 41  714 
 41  707 
 41  726 
 41  724 
 41  699 
 41  700 
 41  684 
 41  745 
 41  693 
 41  708 
 41  752 
 41  712 
 41  664 
 41  742 
 41  749 
 41  717 
 41  705 
 41  698 
 41  691 
 41  698 
 41  713 
 41  705 
 41  711 
 41  714 
 41  710 
 41  694 
 41  702 
 41  694 
 41  733 
 41  720 
 41  717 
 41  714 
 41  699 
 41  713 
 41  721 
 41  740 
 41  729 
 41  736 
 41  680 
 41  751 
 41  755 
 41  688 
 41  711 
 41  714 
 41  716 
 41  717 
 41  714 
 41  708 
 41  712 
 41  692 
 41  751 
 41  685 
 41  731 
 41  695 
 41  723 
 41  720 
 41  749 
 41  707 
 41  686 
 41  734 
 41  720 
 41  720 
 41  718 
 41  717 
 41  693 
 41  706 
 41  682 
 41  684 
 41  721 
 41  724 
 41  716 
 41  694 
 41  713 
 41  697 
 41  702 
 41  724 
 41  727 
 41  712 
 41  699 
 41  694 
 41  714 
 41  704 
 41  679 
 41  718 
 41  699 
 41  761 
 41  699 
 41  725 
 41  728 
 41  702 
 41  712 
 41  713 
 41  748 
 41  695 
 41  732 
 41  689 
 41  728 
 41  714 
 41  691 
 41  695 
 41  722 
 41  708 
 41  712 
 41  719 
 41  744 
 41  716 
 41  688 
 41  699 
 41  715 
 41  693 
 41  712 
 41  699 
 41  704 
 41  708 
 41  688 
 41  701 
 41  702 
 41  686 
 41  704 
 41  723 
 41  731 
 41  697 
 41  754 
 41  677 
 41  717 
 41  711 
 41  688 
 41  738 
 41  732 
 41  721 
 41  711 
 41  752 
 41  698 
 41  702 
 41  734 
 41  715 
 41  718 
 41  675 
 41  731 
 41  696 
 41  724 
 41  722 
 41  709 
 41  708 
 41  707 
 41  718 
 41  712 
 41  714 
 41  718 
 41  705 
 41  700 
 41  718 
 41  691 
 41  698 
 41  732 
 41  730 
 41  716 
 41  733 
 41  696 
 41  686 
 41  672 
 41  722 
 41  732 
 41  751 
 41  693 
 41  689 
 41  705 
 41  750 
 41  709 
 41  705 
 41  749 
 41  696 
 41  712 
 41  708 
 41  708 
 41  711 
 41  702 
 41  703 
 41  734 
 41  731 
 41  698 
 41  708 
 41  709 
 41  730 
 41  767 
 41  699 
 41  712 
 41  681 
 41  682 
 41  748 
 41  701 
 41  692 
 41  726 
 41  713 
 41  725 
 41  724 
 41  685 
 41  699 
 41  677 
 41  719 
 41  714 
 41  712 
 41  717 
 41  706 
 41  713 
 41  691 
 41  710 
 41  726 
 41  701 
 41  748 
 41  735 
 41  697 
 41  702 
 41  690 
 41  720 
 41  707 
 41  701 
 41  716 
 41  688 
 41  727 
 41  717 
 41  700 
 41  743 
 41  715 
 41  722 
 41  703 
 41  696 
 41  711 
 41  714 
 41  722 
 41  703 
 41  719 
 41  726 
 41  728 
 41  705 
 41  716 
 41  720 
 41  709 
 41  714 
 41  714 
 41  703 
 41  758 
 41  723 
 41  702 
 41  692 
 41  734 
 41  722 
 41  690 
 41  706 
 41  720 
 41  706 
 41  716 
 41  716 
 41  702 
 41  699 
 41  694 
 41  689 
 41  695 
 41  736 
 41  699 
 41  691 
 41  709 
 41  707 
 41  732 
 41  734 
 41  701 
 41  763 
 41  694 
 41  714 
 41  683 
 41  681 
 41  723 
 41  713 
 41  708 
 41  738 
 41  701 
 41  712 
 41  702 
 41  727 
 41  716 
 41  695 
 41  738 
 41  686 
 41  722 
 41  690 
 41  692 
 41  734 
 41  718 
 41  721 
 41  752 
 41  730 
 41  712 
 41  700 
 41  683 
 41  693 
 41  694 
 41  716 
 41  698 
 41  706 
 41  725 
 41  686 
 41  732 
 41  698 
 41  693 
 41  706 
 41  691 
 41  703 
 41  713 
 41  720 
 41  695 
 41  717 
 41  715 
 41  745 
 41  726 
 41  741 
 41  672 
 41  693 
 41  724 
 41  722 
 41  723 
 41  709 
 41  703 
 41  714 
 41  737 
 41  718 
 41  728 
 41  720 
 41  714 
 41  708 
 41  674 
 41  714 
 41  698 
 41  701 
 41  729 
 41  685 
 41  725 
 41  732 
 41  737 
 41  728 
 41  675 
 41  682 
 41  711 
 41  737 
 41  702 
 41  701 
 41  734 
 41  706 
 41  717 
 41  680 
 41  688 
 41  726 
 41  741 
 41  709 
 41  723 
 41  710 
 41  726 
 41  726 
 41  703 
 41  707 
 41  722 
 41  725 
 41  727 
 41  695 
 41  705 
 41  714 
 41  708 
 41  707 
 41  681 
 41  688 
 41  670 
 41  712 
 41  694 
 41  734 
 41  721 
 41  700 
 41  723 
 41  714 
 41  708 
 41  715 
 41  715 
 41  717 
 41  708 
 41  706 
 41  694 
 41  720 
 41  712 
 41  672 
 41  725 
 41  723 
 41  718 
 41  698 
 41  687 
 41  688 
 41  674 
 41  686 
 41  722 
 41  712 
 41  700 
 41  701 
 41  701 
 41  716 
 41  689 
 41  732 
 41  708 
 41  692 
 41  723 
 41  704 
 41  712 
 41  728 
 41  704 
 41  731 
 41  713 
 41  673 
 41  677 
 41  713 
 41  676 
 41  734 
 41  689 
 41  704 
 41  723 
 41  682 
 41  697 
 41  685 
 41  695 
 41  727 
 41  744 
 41  716 
 41  724 
 41  725 
 41  697 
 41  700 
 41  702 
 41  718 
 41  709 
 41  705 
 41  735 
 41  693 
 41  720 
 41  740 
 41  694 
 41  689 
 41  747 
 41  711 
 41  723 
 41  700 
 41  703 
 41  715 
 41  723 
 41  730 
 41  710 
 41  708 
 41  730 
 41  700 
 41  693 
 41  716 
 41  734 
 41  699 
 41  706 
 41  732 
 41  715 
 41  743 
 41  721 
 41  720 
 41  727 
 41  714 
 41  743 
 41  693 
 41  685 
 41  741 
 41  690 
 41  734 
 41  739 
 41  708 
 41  727 
 41  749 
 41  700 
 41  736 
 41  707 
 41  705 
 41  724 
 41  705 
 41  756 
 41  701 
 41  707 
 41  693 
 41  722 
 41  702 
 41  708 
 41  699 
 41  695 
 41  727 
 41  715 
 41  729 
 41  687 
 41  705 
 41  740 
 41  684 
 41  703 
 41  714 
 41  730 
 41  720 
 41  672 
 41  757 
 41  690 
 41  718 
 41  731 
 41  724 
 41  713 
 41  707 
 41  713 
 41  726 
 41  710 
 41  697 
 41  678 
 41  722 
 41  740 
 41  690 
 41  674 
 41  715 
 41  700 
 41  739 
 41  714 
 41  742 
 41  707 
 41  697 
 41  719 
 41  719 
 41  706 
 41  764 
 41  693 
 41  720 
 41  689 
 41  745 
 41  735 
 41  717 
 41  720 
 41  751 
 41  727 
 41  705 
 41  700 
 41  748 
 41  693 
 41  702 
 41  696 
 41  687 
 41  726 
 41  713 
 41  718 
 41  720 
 41  726 
 41  685 
 41  692 
 41  710 
 41  716 
 41  720 
 41  731 
 41  714 
 41  706 
 41  698 
 41  707 
 41  702 
 41  704 
 41  686 
 41  728 
 41  721 
 41  740 
 41  696 
 41  690 
 41  679 
 41  701 
 41  724 
 41  693 
 41  695 
 41  710 
 41  675 
 41  721 
 41  690 
 41  669 
 41  676 
 41  698 
 41  765 
 41  729 
 41  687 
 41  742 
 41  703 
 41  698 
 41  707 
 41  703 
 41  728 
 41  715 
 41  735 
 41  705 
 41  715 
 41  745 
 41  657 
 41  722 
 41  702 
 41  690 
 41  710 
 42  681 
 42  734 
 42  738 
 42  726 
 42  715 
 42  705 
 42  710 
 42  713 
 42  730 
 42  736 
 42  696 
 42  711 
 42  689 
 42  697 
 42  705 
 42  740 
 42  694 
 42  700 
 42  702 
 42  727 
 42  723 
 42  727 
 42  727 
 42  730 
 42  701 
 42  728 
 42  705 
 42  689 
 42  712 
 42  713 
 42  728 
 42  706 
 42  694 
 42  694 
 42  749 
 42  699 
 42  717 
 42  700 
 42  702 
 42  727 
 42  714 
 42  755 
 42  711 
 42  729 
 42  706 
 42  761 
 42  711 
 42  699 
 42  743 
 42  725 
 42  703 
 42  737 
 42  724 
 42  714 
 42  727 
 42  696 
 42  715 
 42  710 
 42  704 
 42  712 
 42  729 
 42  710 
 42  714 
 42  723 
 42  726 
 42  691 
 42  727 
 42  721 
 42  720 
 42  682 
 42  726 
 42  753 
 42  683 
 42  741 
 42  728 
 42  709 
 42  747 
 42  702 
 42  715 
 42  686 
 42  710 
 42  705 
 42  730 
 42  716 
 42  702 
 42  742 
 42  714 
 42  685 
 42  715 
 42  702 
 42  737 
 42  687 
 42  696 
 42  686 
 42  695 
 42  721 
 42  724 
 42  730 
 42  719 
 42  688 
 42  748 
 42  731 
 42  735 
 42  722 
 42  703 
 42  719 
 42  693 
 42  708 
 42  716 
 42  711 
 42  745 
 42  701 
 42  729 
 42  720 
 42  730 
 42  726 
 42  705 
 42  720 
 42  733 
 42  727 
 42  728 
 42  715 
 42  685 
 42  734 
 42  711 
 42  707 
 42  727 
 42  765 
 42  730 
 42  728 
 42  660 
 42  700 
 42  714 
 42  729 
 42  713 
 42  725 
 42  706 
 42  738 
 42  733 
 42  710 
 42  724 
 42  698 
 42  723 
 42  727 
 42  715 
 42  678 
 42  723 
 42  707 
 42  711 
 42  703 
 42  690 
 42  686 
 42  759 
 42  692 
 42  749 
 42  684 
 42  729 
 42  715 
 42  712 
 42  723 
 42  683 
 42  695 
 42  728 
 42  744 
 42  734 
 42  729 
 42  717 
 42  711 
 42  694 
 42  735 
 42  721 
 42  747 
 42  708 
 42  711 
 42  720 
 42  717 
 42  727 
 42  702 
 42  714 
 42  709 
 42  722 
 42  697 
 42  711 
 42  720 
 42  745 
 42  749 
 42  698 
 42  729 
 42  709 
 42  718 
 42  736 
 42  705 
 42  721 
 42  723 
 42  724 
 42  734 
 42  704 
 42  698 
 42  715 
 42  736 
 42  686 
 42  717 
 42  661 
 42  719 
 42  693 
 42  738 
 42  704 
 42  715 
 42  740 
 42  712 
 42  725 
 42  715 
 42  722 
 42  704 
 42  709 
 42  730 
 42  729 
 42  706 
 42  719 
 42  673 
 42  682 
 42  717 
 42  715 
 42  718 
 42  702 
 42  719 
 42  726 
 42  766 
 42  729 
 42  718 
 42  725 
 42  743 
 42  700 
 42  758 
 42  722 
 42  684 
 42  730 
 42  731 
 42  713 
 42  729 
 42  725 
 42  688 
 42  724 
 42  749 
 42  735 
 42  706 
 42  718 
 42  694 
 42  724 
 42  735 
 42  698 
 42  706 
 42  726 
 42  722 
 42  729 
 42  732 
 42  729 
 42  709 
 42  713 
 42  699 
 42  711 
 42  719 
 42  711 
 42  695 
 42  736 
 42  721 
 42  686 
 42  726 
 42  716 
 42  729 
 42  712 
 42  697 
 42  694 
 42  734 
 42  712 
 42  694 
 42  727 
 42  711 
 42  713 
 42  734 
 42  700 
 42  739 
 42  692 
 42  697 
 42  714 
 42  735 
 42  730 
 42  726 
 42  698 
 42  687 
 42  678 
 42  723 
 42  697 
 42  719 
 42  717 
 42  746 
 42  704 
 42  713 
 42  678 
 42  718 
 42  717 
 42  725 
 42  719 
 42  739 
 42  727 
 42  725 
 42  711 
 42  679 
 42  740 
 42  724 
 42  713 
 42  679 
 42  668 
 42  732 
 42  720 
 42  730 
 42  689 
 42  670 
 42  725 
 42  713 
 42  714 
 42  741 
 42  718 
 42  705 
 42  713 
 42  738 
 42  740 
 42  701 
 42  732 
 42  738 
 42  714 
 42  713 
 42  723 
 42  732 
 42  747 
 42  696 
 42  712 
 42  726 
 42  715 
 42  687 
 42  721 
 42  698 
 42  733 
 42  692 
 42  705 
 42  748 
 42  743 
 42  721 
 42  710 
 42  714 
 42  741 
 42  724 
 42  693 
 42  759 
 42  709 
 42  685 
 42  733 
 42  724 
 42  696 
 42  717 
 42  733 
 42  723 
 42  730 
 42  716 
 42  703 
 42  693 
 42  693 
 42  712 
 42  727 
 42  699 
 42  714 
 42  726 
 42  693 
 42  716 
 42  738 
 42  721 
 42  729 
 42  727 
 42  727 
 42  738 
 42  723 
 42  718 
 42  687 
 42  706 
 42  666 
 42  738 
 42  695 
 42  711 
 42  700 
 42  690 
 42  703 
 42  674 
 42  716 
 42  724 
 42  725 
 42  684 
 42  688 
 42  719 
 42  729 
 42  738 
 42  694 
 42  718 
 42  709 
 42  692 
 42  710 
 42  725 
 42  704 
 42  727 
 42  720 
 42  705 
 42  718 
 42  704 
 42  712 
 42  721 
 42  697 
 42  732 
 42  703 
 42  743 
 42  715 
 42  714 
 42  704 
 42  722 
 42  734 
 42  730 
 42  698 
 42  727 
 42  700 
 42  741 
 42  724 
 42  703 
 42  713 
 42  721 
 42  707 
 42  707 
 42  702 
 42  667 
 42  743 
 42  700 
 42  715 
 42  693 
 42  693 
 42  726 
 42  721 
 42  705 
 42  747 
 42  709 
 42  724 
 42  697 
 42  733 
 42  682 
 42  724 
 42  698 
 42  699 
 42  690 
 42  737 
 42  675 
 42  742 
 42  727 
 42  731 
 42  731 
 42  708 
 42  718 
 42  725 
 42  717 
 42  712 
 42  707 
 42  735 
 42  733 
 42  693 
 42  728 
 42  714 
 42  732 
 42  715 
 42  724 
 42  709 
 42  734 
 42  758 
 42  715 
 42  740 
 42  711 
 42  673 
 42  730 
 42  691 
 42  695 
 42  693 
 42  697 
 42  717 
 42  695 
 42  714 
 42  717 
 42  720 
 42  705 
 42  720 
 42  709 
 42  693 
 42  706 
 42  729 
 42  723 
 42  703 
 42  723 
 42  714 
 42  734 
 42  710 
 42  708 
 42  697 
 42  729 
 42  740 
 42  688 
 42  696 
 42  753 
 42  714 
 42  724 
 42  700 
 42  734 
 42  723 
 42  701 
 42  708 
 42  701 
 42  704 
 42  719 
 42  701 
 42  702 
 42  719 
 42  718 
 42  715 
 42  725 
 42  709 
 42  715 
 42  688 
 42  717 
 42  733 
 42  711 
 42  725 
 42  700 
 42  719 
 42  736 
 42  723 
 42  715 
 42  755 
 42  704 
 42  717 
 42  726 
 42  724 
 42  733 
 42  724 
 42  717 
 42  722 
 42  722 
 42  714 
 42  756 
 42  729 
 42  707 
 42  724 
 42  719 
 42  708 
 42  766 
 42  698 
 42  728 
 42  725 
 42  702 
 42  695 
 42  725 
 42  714 
 42  713 
 42  696 
 42  720 
 42  705 
 42  718 
 42  699 
 42  710 
 42  697 
 42  714 
 42  687 
 42  687 
 42  707 
 42  723 
 42  692 
 42  742 
 42  715 
 42  715 
 42  712 
 42  740 
 42  726 
 42  714 
 42  708 
 42  744 
 42  692 
 42  740 
 42  706 
 42  736 
 42  713 
 42  738 
 42  704 
 42  677 
 42  743 
 42  725 
 42  709 
 42  712 
 42  723 
 42  725 
 42  700 
 42  699 
 42  720 
 42  722 
 42  726 
 42  707 
 42  713 
 42  710 
 42  738 
 42  709 
 42  727 
 42  728 
 42  703 
 42  709 
 42  706 
 42  715 
 42  701 
 42  704 
 42  724 
 42  707 
 42  718 
 42  734 
 42  718 
 42  706 
 42  702 
 42  742 
 42  691 
 42  734 
 42  734 
 42  681 
 42  703 
 42  720 
 42  721 
 42  740 
 42  707 
 42  744 
 42  685 
 42  721 
 42  712 
 42  713 
 42  720 
 42  741 
 42  737 
 42  735 
 42  731 
 42  719 
 42  695 
 42  717 
 42  710 
 42  713 
 42  739 
 42  676 
 42  732 
 42  732 
 42  672 
 42  695 
 42  744 
 42  731 
 42  726 
 42  724 
 42  712 
 42  713 
 42  708 
 42  724 
 42  717 
 42  708 
 42  726 
 42  722 
 42  725 
 42  728 
 42  706 
 42  686 
 42  725 
 42  687 
 42  706 
 42  724 
 42  736 
 42  704 
 42  703 
 42  726 
 42  708 
 42  717 
 42  725 
 42  754 
 42  693 
 42  700 
 42  742 
 42  725 
 42  700 
 42  696 
 42  747 
 42  707 
 42  705 
 42  679 
 42  718 
 42  721 
 42  702 
 42  700 
 42  748 
 42  728 
 42  742 
 42  737 
 42  690 
 42  715 
 42  729 
 42  714 
 42  713 
 42  720 
 42  724 
 42  726 
 42  736 
 42  701 
 42  720 
 42  710 
 42  710 
 42  703 
 42  706 
 42  694 
 42  693 
 42  739 
 42  713 
 42  712 
 42  727 
 42  746 
 42  730 
 42  706 
 42  723 
 42  729 
 42  725 
 42  711 
 42  708 
 42  721 
 42  737 
 42  716 
 42  716 
 42  691 
 42  724 
 42  695 
 42  720 
 42  729 
 42  723 
 42  707 
 42  689 
 42  741 
 42  751 
 42  704 
 42  698 
 42  717 
 42  748 
 42  698 
 42  717 
 42  707 
 42  734 
 42  703 
 42  714 
 42  733 
 42  696 
 42  741 
 42  696 
 42  729 
 42  731 
 42  699 
 42  710 
 42  714 
 42  703 
 42  745 
 42  730 
 42  703 
 42  729 
 42  730 
 42  725 
 42  731 
 42  714 
 42  719 
 42  711 
 42  754 
 42  718 
 42  686 
 42  681 
 42  722 
 42  699 
 42  669 
 42  690 
 42  691 
 42  703 
 42  687 
 42  705 
 42  711 
 42  710 
 42  711 
 42  690 
 42  727 
 42  720 
 42  696 
 42  714 
 42  743 
 42  693 
 42  720 
 42  728 
 42  711 
 42  729 
 42  706 
 42  716 
 42  743 
 42  677 
 42  711 
 42  666 
 42  696 
 42  702 
 42  709 
 42  696 
 42  716 
 42  699 
 42  744 
 42  704 
 42  728 
 42  747 
 42  704 
 42  721 
 42  714 
 42  682 
 42  729 
 42  746 
 42  700 
 42  736 
 42  713 
 42  701 
 42  713 
 42  760 
 42  676 
 42  687 
 42  721 
 42  702 
 42  708 
 42  689 
 42  720 
 42  685 
 42  733 
 42  697 
 42  732 
 42  697 
 42  729 
 42  694 
 42  723 
 42  717 
 42  731 
 42  731 
 42  718 
 42  721 
 42  709 
 42  679 
 42  706 
 42  710 
 42  721 
 42  700 
 42  688 
 42  704 
 42  733 
 42  712 
 42  736 
 42  711 
 42  730 
 42  727 
 42  713 
 42  708 
 42  693 
 42  698 
 42  693 
 42  740 
 42  709 
 42  758 
 42  714 
 42  731 
 42  725 
 42  743 
 42  702 
 42  703 
 42  690 
 42  712 
 42  735 
 42  710 
 42  731 
 42  722 
 42  725 
 42  725 
 42  708 
 42  689 
 42  737 
 42  721 
 42  715 
 42  716 
 42  701 
 42  709 
 42  715 
 42  720 
 42  718 
 42  719 
 42  730 
 42  729 
 42  717 
 42  723 
 42  682 
 42  731 
 42  716 
 42  721 
 42  688 
 42  700 
 42  703 
 42  732 
 42  685 
 42  726 
 42  712 
 42  730 
 42  745 
 42  715 
 42  717 
 42  711 
 42  730 
 42  710 
 42  719 
 42  700 
 42  724 
 42  715 
 42  728 
 42  711 
 42  706 
 42  704 
 42  698 
 42  689 
 42  714 
 42  701 
 42  688 
 42  710 
 42  709 
 42  700 
 42  729 
 42  729 
 42  703 
 42  719 
 42  738 
 42  710 
 42  727 
 42  724 
 42  701 
 42  746 
 42  704 
 42  725 
 42  696 
 42  727 
 42  687 
 42  684 
 42  713 
 42  684 
 42  717 
 42  695 
 42  694 
 42  704 
 42  741 
 42  715 
 42  699 
 42  722 
 42  766 
 42  715 
 42  729 
 42  722 
 42  733 
 42  721 
 42  725 
 42  721 
 42  735 
 42  698 
 42  711 
 42  731 
 42  728 
 42  690 
 42  719 
 42  729 
 42  689 
 42  692 
 42  715 
 42  717 
 42  737 
 42  724 
 42  687 
 42  705 
 42  694 
 42  701 
 42  729 
 42  710 
 42  708 
 42  704 
 42  724 
 42  721 
 42  746 
 42  706 
 42  728 
 42  703 
 42  709 
 42  725 
 42  702 
 43  678 
 43  709 
 43  722 
 43  725 
 43  711 
 43  727 
 43  705 
 43  719 
 43  726 
 43  738 
 43  720 
 43  748 
 43  722 
 43  730 
 43  701 
 43  716 
 43  729 
 43  689 
 43  720 
 43  734 
 43  717 
 43  694 
 43  712 
 43  721 
 43  755 
 43  721 
 43  725 
 43  703 
 43  711 
 43  704 
 43  716 
 43  728 
 43  705 
 43  718 
 43  708 
 43  725 
 43  714 
 43  737 
 43  690 
 43  735 
 43  738 
 43  725 
 43  719 
 43  733 
 43  692 
 43  744 
 43  719 
 43  719 
 43  726 
 43  699 
 43  717 
 43  715 
 43  702 
 43  701 
 43  721 
 43  713 
 43  725 
 43  715 
 43  713 
 43  707 
 43  728 
 43  711 
 43  711 
 43  746 
 43  728 
 43  722 
 43  709 
 43  713 
 43  717 
 43  700 
 43  715 
 43  706 
 43  745 
 43  708 
 43  722 
 43  704 
 43  730 
 43  737 
 43  722 
 43  760 
 43  692 
 43  727 
 43  716 
 43  711 
 43  744 
 43  723 
 43  734 
 43  745 
 43  700 
 43  727 
 43  746 
 43  704 
 43  733 
 43  738 
 43  695 
 43  688 
 43  766 
 43  775 
 43  710 
 43  724 
 43  718 
 43  712 
 43  718 
 43  700 
 43  752 
 43  724 
 43  725 
 43  728 
 43  698 
 43  720 
 43  716 
 43  723 
 43  705 
 43  716 
 43  735 
 43  714 
 43  699 
 43  708 
 43  725 
 43  719 
 43  720 
 43  721 
 43  728 
 43  703 
 43  695 
 43  711 
 43  722 
 43  735 
 43  715 
 43  742 
 43  729 
 43  734 
 43  700 
 43  718 
 43  727 
 43  730 
 43  707 
 43  729 
 43  719 
 43  752 
 43  730 
 43  736 
 43  720 
 43  726 
 43  714 
 43  747 
 43  733 
 43  690 
 43  716 
 43  699 
 43  723 
 43  711 
 43  706 
 43  686 
 43  700 
 43  714 
 43  701 
 43  718 
 43  699 
 43  719 
 43  732 
 43  700 
 43  704 
 43  698 
 43  710 
 43  692 
 43  710 
 43  743 
 43  735 
 43  690 
 43  696 
 43  718 
 43  727 
 43  708 
 43  710 
 43  709 
 43  750 
 43  739 
 43  709 
 43  724 
 43  686 
 43  701 
 43  729 
 43  712 
 43  687 
 43  728 
 43  719 
 43  706 
 43  700 
 43  715 
 43  683 
 43  767 
 43  732 
 43  749 
 43  733 
 43  771 
 43  709 
 43  725 
 43  694 
 43  719 
 43  749 
 43  706 
 43  695 
 43  720 
 43  709 
 43  724 
 43  712 
 43  700 
 43  729 
 43  744 
 43  731 
 43  722 
 43  731 
 43  702 
 43  740 
 43  702 
 43  729 
 43  731 
 43  711 
 43  737 
 43  723 
 43  690 
 43  728 
 43  701 
 43  744 
 43  725 
 43  705 
 43  694 
 43  728 
 43  719 
 43  711 
 43  750 
 43  722 
 43  727 
 43  721 
 43  736 
 43  714 
 43  724 
 43  701 
 43  713 
 43  732 
 43  703 
 43  730 
 43  711 
 43  720 
 43  700 
 43  732 
 43  713 
 43  702 
 43  738 
 43  723 
 43  737 
 43  707 
 43  715 
 43  689 
 43  725 
 43  727 
 43  722 
 43  718 
 43  725 
 43  716 
 43  735 
 43  706 
 43  760 
 43  698 
 43  716 
 43  722 
 43  704 
 43  736 
 43  713 
 43  731 
 43  712 
 43  731 
 43  743 
 43  738 
 43  711 
 43  728 
 43  710 
 43  724 
 43  725 
 43  743 
 43  751 
 43  730 
 43  720 
 43  740 
 43  717 
 43  746 
 43  734 
 43  708 
 43  729 
 43  719 
 43  711 
 43  718 
 43  731 
 43  726 
 43  744 
 43  728 
 43  703 
 43  696 
 43  721 
 43  701 
 43  730 
 43  716 
 43  734 
 43  721 
 43  695 
 43  730 
 43  746 
 43  679 
 43  732 
 43  715 
 43  687 
 43  698 
 43  705 
 43  742 
 43  708 
 43  713 
 43  714 
 43  729 
 43  727 
 43  688 
 43  712 
 43  719 
 43  698 
 43  725 
 43  716 
 43  723 
 43  690 
 43  695 
 43  747 
 43  711 
 43  696 
 43  731 
 43  731 
 43  708 
 43  724 
 43  702 
 43  726 
 43  686 
 43  728 
 43  705 
 43  734 
 43  726 
 43  704 
 43  681 
 43  734 
 43  718 
 43  718 
 43  741 
 43  749 
 43  743 
 43  720 
 43  696 
 43  734 
 43  736 
 43  705 
 43  729 
 43  701 
 43  740 
 43  741 
 43  726 
 43  712 
 43  685 
 43  739 
 43  736 
 43  684 
 43  729 
 43  727 
 43  696 
 43  713 
 43  726 
 43  729 
 43  741 
 43  726 
 43  715 
 43  727 
 43  729 
 43  727 
 43  700 
 43  736 
 43  721 
 43  752 
 43  751 
 43  711 
 43  717 
 43  723 
 43  719 
 43  735 
 43  722 
 43  758 
 43  699 
 43  712 
 43  725 
 43  717 
 43  730 
 43  692 
 43  707 
 43  716 
 43  713 
 43  715 
 43  719 
 43  740 
 43  706 
 43  711 
 43  740 
 43  733 
 43  755 
 43  727 
 43  713 
 43  735 
 43  720 
 43  714 
 43  712 
 43  748 
 43  720 
 43  727 
 43  706 
 43  710 
 43  734 
 43  708 
 43  714 
 43  744 
 43  725 
 43  735 
 43  704 
 43  734 
 43  690 
 43  733 
 43  734 
 43  748 
 43  743 
 43  702 
 43  753 
 43  701 
 43  753 
 43  724 
 43  693 
 43  726 
 43  712 
 43  702 
 43  743 
 43  714 
 43  730 
 43  727 
 43  694 
 43  714 
 43  695 
 43  709 
 43  722 
 43  742 
 43  707 
 43  709 
 43  717 
 43  688 
 43  704 
 43  733 
 43  734 
 43  727 
 43  723 
 43  686 
 43  705 
 43  728 
 43  725 
 43  707 
 43  699 
 43  694 
 43  727 
 43  711 
 43  690 
 43  701 
 43  716 
 43  708 
 43  725 
 43  717 
 43  746 
 43  696 
 43  737 
 43  741 
 43  738 
 43  741 
 43  720 
 43  700 
 43  718 
 43  690 
 43  710 
 43  726 
 43  733 
 43  702 
 43  713 
 43  705 
 43  705 
 43  730 
 43  738 
 43  736 
 43  706 
 43  758 
 43  744 
 43  761 
 43  725 
 43  734 
 43  710 
 43  724 
 43  731 
 43  731 
 43  707 
 43  731 
 43  710 
 43  734 
 43  725 
 43  720 
 43  733 
 43  754 
 43  749 
 43  702 
 43  709 
 43  738 
 43  697 
 43  745 
 43  724 
 43  692 
 43  738 
 43  708 
 43  778 
 43  690 
 43  708 
 43  730 
 43  715 
 43  730 
 43  689 
 43  706 
 43  706 
 43  714 
 43  726 
 43  739 
 43  729 
 43  741 
 43  749 
 43  745 
 43  747 
 43  711 
 43  713 
 43  721 
 43  707 
 43  715 
 43  747 
 43  719 
 43  729 
 43  747 
 43  731 
 43  723 
 43  728 
 43  718 
 43  720 
 43  723 
 43  696 
 43  713 
 43  705 
 43  719 
 43  725 
 43  721 
 43  719 
 43  731 
 43  744 
 43  756 
 43  705 
 43  700 
 43  682 
 43  744 
 43  699 
 43  698 
 43  731 
 43  719 
 43  722 
 43  681 
 43  741 
 43  732 
 43  721 
 43  734 
 43  729 
 43  728 
 43  730 
 43  695 
 43  719 
 43  712 
 43  702 
 43  725 
 43  713 
 43  733 
 43  744 
 43  740 
 43  711 
 43  703 
 43  695 
 43  711 
 43  700 
 43  729 
 43  689 
 43  748 
 43  701 
 43  691 
 43  709 
 43  709 
 43  714 
 43  719 
 43  720 
 43  731 
 43  728 
 43  722 
 43  718 
 43  718 
 43  682 
 43  742 
 43  683 
 43  728 
 43  738 
 43  715 
 43  708 
 43  738 
 43  696 
 43  702 
 43  702 
 43  738 
 43  727 
 43  681 
 43  742 
 43  719 
 43  710 
 43  715 
 43  710 
 43  714 
 43  718 
 43  720 
 43  719 
 43  757 
 43  705 
 43  728 
 43  738 
 43  737 
 43  717 
 43  747 
 43  741 
 43  733 
 43  744 
 43  729 
 43  701 
 43  715 
 43  731 
 43  714 
 43  719 
 43  745 
 43  730 
 43  726 
 43  732 
 43  739 
 43  715 
 43  719 
 43  767 
 43  734 
 43  717 
 43  702 
 43  729 
 43  718 
 43  725 
 43  750 
 43  748 
 43  712 
 43  745 
 43  725 
 43  728 
 43  747 
 43  727 
 43  708 
 43  732 
 43  710 
 43  714 
 43  718 
 43  706 
 43  735 
 43  748 
 43  738 
 43  735 
 43  735 
 43  707 
 43  744 
 43  713 
 43  738 
 43  742 
 43  735 
 43  693 
 43  708 
 43  740 
 43  729 
 43  698 
 43  718 
 43  701 
 43  758 
 43  741 
 43  714 
 43  728 
 43  727 
 43  698 
 43  731 
 43  726 
 43  731 
 43  741 
 43  710 
 43  741 
 43  692 
 43  732 
 43  717 
 43  748 
 43  682 
 43  740 
 43  696 
 43  749 
 43  705 
 43  721 
 43  721 
 43  682 
 43  714 
 43  737 
 43  731 
 43  703 
 43  715 
 43  753 
 43  708 
 43  734 
 43  746 
 43  695 
 43  743 
 43  748 
 43  721 
 43  725 
 43  718 
 43  741 
 43  721 
 43  734 
 43  682 
 43  725 
 43  745 
 43  714 
 43  704 
 43  737 
 43  710 
 43  728 
 43  709 
 43  735 
 43  726 
 43  713 
 43  732 
 43  685 
 43  725 
 43  748 
 43  713 
 43  723 
 43  711 
 43  747 
 43  726 
 43  720 
 43  712 
 43  699 
 43  696 
 43  713 
 43  699 
 43  719 
 43  719 
 43  717 
 43  713 
 43  736 
 43  722 
 43  721 
 43  699 
 43  696 
 43  719 
 43  735 
 43  736 
 43  691 
 43  724 
 43  725 
 43  702 
 43  730 
 43  729 
 43  723 
 43  707 
 43  734 
 43  742 
 43  710 
 43  719 
 43  739 
 43  737 
 43  717 
 43  736 
 43  746 
 43  742 
 43  710 
 43  725 
 43  725 
 43  694 
 43  742 
 43  714 
 43  723 
 43  709 
 43  725 
 43  703 
 43  684 
 43  695 
 43  724 
 43  734 
 43  733 
 43  730 
 43  726 
 43  719 
 43  693 
 43  719 
 43  702 
 43  709 
 43  726 
 43  729 
 43  706 
 43  714 
 43  741 
 43  702 
 43  716 
 43  723 
 43  712 
 43  730 
 43  731 
 43  715 
 43  726 
 43  713 
 43  717 
 43  733 
 43  742 
 43  744 
 43  725 
 43  719 
 43  725 
 43  717 
 43  752 
 43  729 
 43  739 
 43  713 
 43  693 
 43  736 
 43  738 
 43  721 
 43  739 
 43  696 
 43  733 
 43  704 
 43  743 
 43  708 
 43  734 
 43  719 
 43  714 
 43  723 
 43  743 
 43  743 
 43  730 
 43  706 
 43  724 
 43  732 
 43  745 
 43  728 
 43  692 
 43  705 
 43  673 
 43  716 
 43  705 
 43  742 
 43  719 
 43  730 
 43  709 
 43  730 
 43  739 
 43  732 
 43  711 
 43  708 
 43  709 
 43  714 
 43  717 
 43  702 
 43  703 
 43  698 
 43  701 
 43  739 
 43  723 
 43  701 
 43  681 
 43  743 
 43  710 
 43  720 
 43  716 
 43  728 
 43  678 
 43  738 
 43  687 
 43  704 
 43  719 
 43  701 
 43  738 
 43  732 
 43  703 
 43  722 
 43  701 
 43  713 
 43  709 
 43  729 
 43  711 
 43  700 
 43  693 
 43  742 
 43  700 
 43  696 
 43  760 
 43  710 
 43  704 
 43  742 
 43  747 
 43  710 
 43  734 
 43  707 
 43  714 
 43  719 
 43  723 
 43  699 
 43  728 
 43  725 
 43  725 
 43  761 
 43  741 
 43  697 
 43  743 
 43  738 
 43  730 
 43  734 
 43  726 
 43  694 
 43  743 
 43  728 
 43  738 
 43  738 
 43  726 
 43  680 
 43  721 
 43  709 
 43  742 
 43  718 
 43  744 
 43  735 
 43  686 
 43  700 
 43  738 
 43  725 
 43  690 
 43  706 
 43  740 
 43  734 
 43  706 
 43  726 
 43  737 
 43  691 
 43  711 
 43  738 
 43  729 
 43  729 
 43  726 
 43  707 
 43  740 
 43  732 
 43  764 
 43  713 
 43  715 
 43  759 
 43  699 
 43  716 
 43  719 
 43  732 
 43  701 
 43  748 
 43  717 
 43  713 
 43  725 
 43  702 
 43  725 
 43  756 
 43  736 
 43  718 
 43  735 
 43  715 
 43  720 
 43  701 
 43  686 
 43  721 
 43  735 
 43  705 
 43  695 
 43  737 
 43  733 
 43  721 
 44  745 
 44  704 
 44  704 
 44  729 
 44  712 
 44  713 
 44  733 
 44  733 
 44  740 
 44  716 
 44  700 
 44  763 
 44  747 
 44  728 
 44  679 
 44  738 
 44  719 
 44  714 
 44  736 
 44  736 
 44  733 
 44  750 
 44  734 
 44  766 
 44  731 
 44  711 
 44  719 
 44  744 
 44  725 
 44  751 
 44  702 
 44  723 
 44  720 
 44  729 
 44  718 
 44  718 
 44  698 
 44  758 
 44  694 
 44  703 
 44  740 
 44  742 
 44  762 
 44  720 
 44  713 
 44  759 
 44  707 
 44  732 
 44  710 
 44  708 
 44  723 
 44  721 
 44  730 
 44  723 
 44  737 
 44  734 
 44  704 
 44  710 
 44  713 
 44  710 
 44  767 
 44  741 
 44  715 
 44  713 
 44  757 
 44  717 
 44  716 
 44  746 
 44  698 
 44  717 
 44  723 
 44  725 
 44  734 
 44  708 
 44  714 
 44  716 
 44  715 
 44  713 
 44  752 
 44  720 
 44  722 
 44  698 
 44  712 
 44  728 
 44  701 
 44  771 
 44  708 
 44  730 
 44  724 
 44  708 
 44  726 
 44  733 
 44  741 
 44  718 
 44  730 
 44  731 
 44  732 
 44  738 
 44  736 
 44  718 
 44  729 
 44  729 
 44  705 
 44  714 
 44  704 
 44  756 
 44  716 
 44  707 
 44  721 
 44  758 
 44  722 
 44  734 
 44  742 
 44  726 
 44  727 
 44  728 
 44  726 
 44  737 
 44  738 
 44  728 
 44  721 
 44  711 
 44  722 
 44  739 
 44  741 
 44  723 
 44  715 
 44  720 
 44  736 
 44  759 
 44  717 
 44  741 
 44  720 
 44  730 
 44  739 
 44  732 
 44  750 
 44  731 
 44  725 
 44  697 
 44  726 
 44  705 
 44  695 
 44  726 
 44  737 
 44  723 
 44  716 
 44  735 
 44  739 
 44  729 
 44  708 
 44  686 
 44  726 
 44  714 
 44  743 
 44  718 
 44  725 
 44  740 
 44  748 
 44  732 
 44  733 
 44  693 
 44  741 
 44  728 
 44  757 
 44  691 
 44  697 
 44  727 
 44  723 
 44  714 
 44  761 
 44  731 
 44  747 
 44  702 
 44  720 
 44  698 
 44  721 
 44  722 
 44  708 
 44  723 
 44  704 
 44  669 
 44  725 
 44  723 
 44  720 
 44  733 
 44  715 
 44  717 
 44  726 
 44  724 
 44  715 
 44  691 
 44  741 
 44  755 
 44  736 
 44  703 
 44  716 
 44  704 
 44  733 
 44  694 
 44  741 
 44  748 
 44  718 
 44  744 
 44  723 
 44  704 
 44  704 
 44  727 
 44  721 
 44  715 
 44  719 
 44  736 
 44  721 
 44  700 
 44  720 
 44  734 
 44  734 
 44  740 
 44  749 
 44  742 
 44  739 
 44  713 
 44  729 
 44  728 
 44  706 
 44  749 
 44  730 
 44  735 
 44  740 
 44  703 
 44  746 
 44  703 
 44  709 
 44  731 
 44  708 
 44  703 
 44  757 
 44  724 
 44  742 
 44  693 
 44  744 
 44  706 
 44  699 
 44  712 
 44  697 
 44  721 
 44  769 
 44  740 
 44  737 
 44  724 
 44  740 
 44  749 
 44  727 
 44  760 
 44  710 
 44  732 
 44  722 
 44  704 
 44  716 
 44  729 
 44  731 
 44  744 
 44  736 
 44  722 
 44  700 
 44  717 
 44  751 
 44  724 
 44  707 
 44  731 
 44  728 
 44  728 
 44  739 
 44  750 
 44  740 
 44  738 
 44  713 
 44  717 
 44  713 
 44  730 
 44  723 
 44  717 
 44  720 
 44  715 
 44  701 
 44  726 
 44  712 
 44  713 
 44  735 
 44  723 
 44  744 
 44  736 
 44  689 
 44  713 
 44  741 
 44  733 
 44  737 
 44  726 
 44  715 
 44  712 
 44  709 
 44  721 
 44  704 
 44  694 
 44  766 
 44  729 
 44  722 
 44  718 
 44  711 
 44  719 
 44  729 
 44  727 
 44  710 
 44  733 
 44  692 
 44  725 
 44  752 
 44  711 
 44  723 
 44  719 
 44  735 
 44  718 
 44  751 
 44  718 
 44  734 
 44  738 
 44  723 
 44  713 
 44  735 
 44  709 
 44  690 
 44  711 
 44  733 
 44  733 
 44  729 
 44  729 
 44  730 
 44  743 
 44  722 
 44  751 
 44  748 
 44  747 
 44  722 
 44  721 
 44  757 
 44  726 
 44  714 
 44  706 
 44  720 
 44  741 
 44  723 
 44  743 
 44  728 
 44  714 
 44  727 
 44  721 
 44  738 
 44  742 
 44  726 
 44  718 
 44  719 
 44  697 
 44  689 
 44  715 
 44  749 
 44  718 
 44  708 
 44  711 
 44  714 
 44  704 
 44  734 
 44  735 
 44  716 
 44  721 
 44  720 
 44  754 
 44  723 
 44  730 
 44  739 
 44  739 
 44  721 
 44  716 
 44  727 
 44  720 
 44  710 
 44  715 
 44  724 
 44  714 
 44  772 
 44  717 
 44  702 
 44  732 
 44  724 
 44  719 
 44  729 
 44  719 
 44  708 
 44  724 
 44  700 
 44  727 
 44  734 
 44  724 
 44  719 
 44  762 
 44  726 
 44  728 
 44  731 
 44  711 
 44  741 
 44  706 
 44  716 
 44  699 
 44  748 
 44  722 
 44  718 
 44  717 
 44  706 
 44  733 
 44  718 
 44  729 
 44  743 
 44  736 
 44  695 
 44  726 
 44  710 
 44  727 
 44  732 
 44  699 
 44  701 
 44  707 
 44  732 
 44  709 
 44  736 
 44  718 
 44  692 
 44  736 
 44  742 
 44  725 
 44  710 
 44  686 
 44  733 
 44  715 
 44  692 
 44  723 
 44  735 
 44  712 
 44  717 
 44  729 
 44  779 
 44  707 
 44  709 
 44  746 
 44  736 
 44  718 
 44  712 
 44  730 
 44  728 
 44  744 
 44  737 
 44  735 
 44  750 
 44  735 
 44  740 
 44  707 
 44  741 
 44  746 
 44  724 
 44  716 
 44  718 
 44  720 
 44  707 
 44  735 
 44  722 
 44  740 
 44  728 
 44  731 
 44  732 
 44  731 
 44  737 
 44  700 
 44  744 
 44  743 
 44  679 
 44  743 
 44  713 
 44  731 
 44  744 
 44  708 
 44  703 
 44  750 
 44  712 
 44  738 
 44  729 
 44  727 
 44  714 
 44  725 
 44  730 
 44  714 
 44  727 
 44  716 
 44  730 
 44  720 
 44  749 
 44  714 
 44  742 
 44  686 
 44  729 
 44  715 
 44  722 
 44  708 
 44  689 
 44  695 
 44  723 
 44  713 
 44  713 
 44  710 
 44  720 
 44  716 
 44  726 
 44  724 
 44  741 
 44  740 
 44  730 
 44  719 
 44  728 
 44  734 
 44  757 
 44  736 
 44  754 
 44  718 
 44  720 
 44  719 
 44  729 
 44  712 
 44  734 
 44  742 
 44  694 
 44  731 
 44  740 
 44  710 
 44  701 
 44  724 
 44  711 
 44  741 
 44  750 
 44  738 
 44  761 
 44  712 
 44  700 
 44  740 
 44  724 
 44  722 
 44  711 
 44  735 
 44  719 
 44  711 
 44  726 
 44  722 
 44  727 
 44  730 
 44  719 
 44  704 
 44  707 
 44  704 
 44  722 
 44  723 
 44  720 
 44  718 
 44  723 
 44  691 
 44  742 
 44  718 
 44  739 
 44  731 
 44  705 
 44  705 
 44  749 
 44  707 
 44  742 
 44  726 
 44  700 
 44  722 
 44  711 
 44  701 
 44  731 
 44  726 
 44  721 
 44  706 
 44  744 
 44  732 
 44  734 
 44  721 
 44  712 
 44  749 
 44  746 
 44  744 
 44  706 
 44  702 
 44  717 
 44  727 
 44  712 
 44  693 
 44  713 
 44  743 
 44  731 
 44  725 
 44  747 
 44  747 
 44  719 
 44  726 
 44  743 
 44  742 
 44  739 
 44  707 
 44  696 
 44  742 
 44  725 
 44  721 
 44  731 
 44  716 
 44  720 
 44  690 
 44  715 
 44  726 
 44  719 
 44  739 
 44  731 
 44  725 
 44  727 
 44  717 
 44  720 
 44  719 
 44  712 
 44  719 
 44  742 
 44  744 
 44  703 
 44  714 
 44  733 
 44  733 
 44  724 
 44  712 
 44  724 
 44  724 
 44  717 
 44  717 
 44  724 
 44  719 
 44  707 
 44  721 
 44  753 
 44  716 
 44  714 
 44  746 
 44  734 
 44  697 
 44  705 
 44  748 
 44  695 
 44  739 
 44  741 
 44  730 
 44  753 
 44  739 
 44  694 
 44  765 
 44  704 
 44  700 
 44  732 
 44  720 
 44  724 
 44  739 
 44  731 
 44  757 
 44  744 
 44  714 
 44  736 
 44  709 
 44  730 
 44  727 
 44  692 
 44  756 
 44  729 
 44  692 
 44  720 
 44  704 
 44  723 
 44  722 
 44  737 
 44  720 
 44  728 
 44  704 
 44  703 
 44  729 
 44  738 
 44  685 
 44  726 
 44  711 
 44  691 
 44  743 
 44  734 
 44  714 
 44  734 
 44  734 
 44  688 
 44  752 
 44  725 
 44  716 
 44  729 
 44  748 
 44  735 
 44  717 
 44  733 
 44  713 
 44  724 
 44  719 
 44  730 
 44  699 
 44  766 
 44  725 
 44  736 
 44  758 
 44  691 
 44  727 
 44  732 
 44  748 
 44  738 
 44  684 
 44  733 
 44  759 
 44  721 
 44  716 
 44  700 
 44  708 
 44  724 
 44  740 
 44  737 
 44  712 
 44  724 
 44  717 
 44  768 
 44  745 
 44  758 
 44  745 
 44  702 
 44  727 
 44  728 
 44  712 
 44  725 
 44  692 
 44  733 
 44  711 
 44  726 
 44  704 
 44  724 
 44  690 
 44  725 
 44  699 
 44  724 
 44  755 
 44  732 
 44  732 
 44  706 
 44  719 
 44  733 
 44  712 
 44  738 
 44  744 
 44  717 
 44  735 
 44  722 
 44  717 
 44  739 
 44  739 
 44  748 
 44  751 
 44  718 
 44  737 
 44  761 
 44  743 
 44  723 
 44  725 
 44  738 
 44  744 
 44  717 
 44  723 
 44  714 
 44  718 
 44  730 
 44  720 
 44  728 
 44  712 
 44  679 
 44  741 
 44  721 
 44  707 
 44  703 
 44  710 
 44  715 
 44  733 
 44  739 
 44  732 
 44  721 
 44  734 
 44  723 
 44  715 
 44  711 
 44  735 
 44  724 
 44  677 
 44  713 
 44  728 
 44  737 
 44  712 
 44  740 
 44  734 
 44  736 
 44  728 
 44  712 
 44  726 
 44  740 
 44  698 
 44  696 
 44  740 
 44  707 
 44  762 
 44  702 
 44  729 
 44  719 
 44  725 
 44  730 
 44  724 
 44  709 
 44  753 
 44  753 
 44  734 
 44  708 
 44  721 
 44  722 
 44  737 
 44  704 
 44  722 
 44  759 
 44  734 
 44  723 
 44  737 
 44  743 
 44  699 
 44  712 
 44  707 
 44  718 
 44  750 
 44  729 
 44  745 
 44  741 
 44  730 
 44  743 
 44  725 
 44  692 
 44  740 
 44  727 
 44  724 
 44  741 
 44  723 
 44  747 
 44  726 
 44  729 
 44  724 
 44  711 
 44  717 
 44  736 
 44  727 
 44  704 
 44  721 
 44  707 
 44  749 
 44  740 
 44  736 
 44  720 
 44  691 
 44  713 
 44  728 
 44  738 
 44  747 
 44  721 
 44  710 
 44  736 
 44  709 
 44  742 
 44  723 
 44  728 
 44  730 
 44  735 
 44  704 
 44  714 
 44  724 
 44  764 
 44  729 
 44  706 
 44  741 
 44  734 
 44  703 
 44  747 
 44  699 
 44  713 
 44  728 
 44  724 
 44  718 
 44  730 
 44  717 
 44  731 
 44  737 
 44  739 
 44  734 
 44  698 
 44  737 
 44  736 
 44  733 
 44  744 
 44  716 
 44  730 
 44  733 
 44  732 
 44  713 
 44  713 
 44  727 
 44  721 
 44  727 
 44  709 
 44  716 
 44  731 
 44  721 
 44  707 
 44  698 
 44  715 
 44  744 
 44  709 
 44  749 
 44  718 
 44  698 
 44  741 
 44  734 
 44  719 
 44  703 
 44  691 
 44  704 
 44  712 
 44  748 
 44  706 
 44  717 
 44  714 
 44  721 
 44  706 
 44  706 
 44  723 
 44  741 
 44  718 
 44  705 
 44  715 
 44  699 
 44  768 
 44  737 
 44  685 
 44  725 
 44  736 
 44  719 
 44  739 
 44  731 
 44  709 
 44  736 
 44  708 
 44  737 
 44  723 
 44  708 
 44  731 
 44  709 
 44  719 
 44  717 
 44  699 
 44  734 
 44  758 
 44  717 
 44  713 
 44  707 
 44  743 
 44  747 
 44  714 
 44  749 
 44  717 
 44  714 
 44  701 
 44  685 
 44  765 
 44  725 
 44  731 
 44  748 
 44  725 
 44  718 
 44  731 
 44  734 
 45  733 
 45  724 
 45  710 
 45  720 
 45  733 
 45  725 
 45  714 
 45  735 
 45  710 
 45  747 
 45  731 
 45  727 
 45  727 
 45  741 
 45  723 
 45  712 
 45  739 
 45  733 
 45  705 
 45  717 
 45  747 
 45  735 
 45  727 
 45  730 
 45  734 
 45  716 
 45  713 
 45  678 
 45  691 
 45  749 
 45  726 
 45  749 
 45  719 
 45  746 
 45  750 
 45  727 
 45  734 
 45  722 
 45  722 
 45  721 
 45  712 
 45  739 
 45  731 
 45  719 
 45  720 
 45  722 
 45  716 
 45  752 
 45  732 
 45  703 
 45  720 
 45  708 
 45  724 
 45  767 
 45  760 
 45  737 
 45  721 
 45  731 
 45  710 
 45  730 
 45  726 
 45  726 
 45  709 
 45  739 
 45  713 
 45  714 
 45  735 
 45  757 
 45  696 
 45  716 
 45  729 
 45  733 
 45  717 
 45  710 
 45  690 
 45  720 
 45  709 
 45  719 
 45  734 
 45  706 
 45  758 
 45  747 
 45  735 
 45  747 
 45  720 
 45  718 
 45  774 
 45  728 
 45  713 
 45  746 
 45  730 
 45  759 
 45  710 
 45  729 
 45  723 
 45  733 
 45  704 
 45  712 
 45  724 
 45  735 
 45  706 
 45  714 
 45  711 
 45  733 
 45  726 
 45  723 
 45  744 
 45  725 
 45  729 
 45  714 
 45  723 
 45  735 
 45  717 
 45  757 
 45  721 
 45  716 
 45  734 
 45  731 
 45  726 
 45  739 
 45  750 
 45  741 
 45  745 
 45  730 
 45  724 
 45  732 
 45  735 
 45  727 
 45  719 
 45  732 
 45  748 
 45  724 
 45  748 
 45  731 
 45  706 
 45  728 
 45  741 
 45  692 
 45  719 
 45  734 
 45  719 
 45  733 
 45  752 
 45  734 
 45  714 
 45  697 
 45  729 
 45  745 
 45  728 
 45  739 
 45  728 
 45  710 
 45  710 
 45  711 
 45  723 
 45  731 
 45  725 
 45  700 
 45  748 
 45  734 
 45  735 
 45  735 
 45  728 
 45  755 
 45  698 
 45  726 
 45  750 
 45  727 
 45  724 
 45  724 
 45  725 
 45  726 
 45  734 
 45  730 
 45  717 
 45  730 
 45  720 
 45  737 
 45  722 
 45  691 
 45  765 
 45  704 
 45  716 
 45  762 
 45  736 
 45  733 
 45  713 
 45  738 
 45  730 
 45  726 
 45  725 
 45  758 
 45  741 
 45  736 
 45  739 
 45  715 
 45  728 
 45  711 
 45  715 
 45  748 
 45  736 
 45  736 
 45  684 
 45  741 
 45  720 
 45  739 
 45  733 
 45  730 
 45  713 
 45  700 
 45  747 
 45  731 
 45  742 
 45  743 
 45  738 
 45  730 
 45  740 
 45  754 
 45  714 
 45  722 
 45  739 
 45  719 
 45  739 
 45  739 
 45  757 
 45  712 
 45  753 
 45  742 
 45  727 
 45  734 
 45  730 
 45  725 
 45  734 
 45  715 
 45  733 
 45  735 
 45  735 
 45  720 
 45  703 
 45  733 
 45  719 
 45  756 
 45  730 
 45  716 
 45  739 
 45  733 
 45  728 
 45  723 
 45  733 
 45  729 
 45  716 
 45  749 
 45  709 
 45  722 
 45  719 
 45  735 
 45  724 
 45  713 
 45  743 
 45  735 
 45  747 
 45  720 
 45  751 
 45  724 
 45  725 
 45  753 
 45  742 
 45  720 
 45  711 
 45  734 
 45  723 
 45  677 
 45  723 
 45  708 
 45  755 
 45  704 
 45  721 
 45  726 
 45  747 
 45  757 
 45  729 
 45  726 
 45  720 
 45  739 
 45  717 
 45  729 
 45  735 
 45  743 
 45  700 
 45  723 
 45  729 
 45  744 
 45  710 
 45  739 
 45  718 
 45  727 
 45  727 
 45  738 
 45  727 
 45  729 
 45  707 
 45  719 
 45  724 
 45  732 
 45  696 
 45  706 
 45  726 
 45  746 
 45  735 
 45  752 
 45  767 
 45  723 
 45  760 
 45  734 
 45  753 
 45  733 
 45  719 
 45  716 
 45  714 
 45  737 
 45  722 
 45  739 
 45  747 
 45  740 
 45  708 
 45  728 
 45  745 
 45  720 
 45  728 
 45  713 
 45  720 
 45  706 
 45  706 
 45  704 
 45  751 
 45  724 
 45  725 
 45  728 
 45  728 
 45  706 
 45  711 
 45  734 
 45  741 
 45  738 
 45  742 
 45  712 
 45  722 
 45  721 
 45  746 
 45  705 
 45  734 
 45  729 
 45  747 
 45  731 
 45  718 
 45  716 
 45  716 
 45  753 
 45  718 
 45  713 
 45  734 
 45  744 
 45  712 
 45  728 
 45  736 
 45  737 
 45  724 
 45  720 
 45  761 
 45  734 
 45  751 
 45  745 
 45  733 
 45  703 
 45  737 
 45  728 
 45  749 
 45  743 
 45  744 
 45  724 
 45  740 
 45  723 
 45  744 
 45  715 
 45  703 
 45  739 
 45  734 
 45  724 
 45  732 
 45  718 
 45  743 
 45  728 
 45  721 
 45  735 
 45  737 
 45  752 
 45  702 
 45  749 
 45  727 
 45  714 
 45  719 
 45  725 
 45  724 
 45  757 
 45  760 
 45  725 
 45  732 
 45  742 
 45  746 
 45  730 
 45  707 
 45  775 
 45  717 
 45  689 
 45  733 
 45  727 
 45  751 
 45  713 
 45  717 
 45  716 
 45  706 
 45  734 
 45  739 
 45  712 
 45  727 
 45  713 
 45  707 
 45  741 
 45  723 
 45  692 
 45  731 
 45  741 
 45  731 
 45  723 
 45  749 
 45  720 
 45  743 
 45  708 
 45  692 
 45  717 
 45  728 
 45  718 
 45  697 
 45  736 
 45  734 
 45  729 
 45  742 
 45  708 
 45  733 
 45  709 
 45  742 
 45  718 
 45  758 
 45  730 
 45  710 
 45  709 
 45  763 
 45  711 
 45  736 
 45  708 
 45  712 
 45  741 
 45  738 
 45  708 
 45  703 
 45  733 
 45  717 
 45  740 
 45  737 
 45  724 
 45  717 
 45  742 
 45  754 
 45  691 
 45  723 
 45  723 
 45  719 
 45  718 
 45  745 
 45  721 
 45  706 
 45  726 
 45  702 
 45  763 
 45  733 
 45  711 
 45  720 
 45  717 
 45  734 
 45  757 
 45  704 
 45  746 
 45  746 
 45  717 
 45  743 
 45  735 
 45  748 
 45  713 
 45  701 
 45  708 
 45  730 
 45  708 
 45  726 
 45  744 
 45  745 
 45  735 
 45  730 
 45  752 
 45  738 
 45  709 
 45  699 
 45  743 
 45  728 
 45  760 
 45  734 
 45  680 
 45  733 
 45  755 
 45  715 
 45  731 
 45  735 
 45  746 
 45  730 
 45  762 
 45  715 
 45  706 
 45  720 
 45  729 
 45  715 
 45  744 
 45  741 
 45  722 
 45  710 
 45  747 
 45  742 
 45  726 
 45  712 
 45  764 
 45  716 
 45  725 
 45  762 
 45  723 
 45  726 
 45  714 
 45  748 
 45  746 
 45  731 
 45  725 
 45  714 
 45  744 
 45  733 
 45  713 
 45  712 
 45  726 
 45  747 
 45  712 
 45  744 
 45  714 
 45  719 
 45  708 
 45  741 
 45  729 
 45  735 
 45  737 
 45  703 
 45  709 
 45  744 
 45  734 
 45  680 
 45  735 
 45  714 
 45  733 
 45  735 
 45  712 
 45  752 
 45  717 
 45  753 
 45  738 
 45  725 
 45  748 
 45  739 
 45  758 
 45  703 
 45  726 
 45  738 
 45  725 
 45  744 
 45  740 
 45  734 
 45  730 
 45  724 
 45  704 
 45  715 
 45  721 
 45  718 
 45  706 
 45  750 
 45  730 
 45  720 
 45  714 
 45  767 
 45  739 
 45  756 
 45  739 
 45  704 
 45  758 
 45  717 
 45  722 
 45  717 
 45  722 
 45  734 
 45  712 
 45  726 
 45  724 
 45  724 
 45  714 
 45  727 
 45  754 
 45  727 
 45  737 
 45  748 
 45  730 
 45  717 
 45  714 
 45  705 
 45  746 
 45  756 
 45  732 
 45  736 
 45  752 
 45  752 
 45  726 
 45  717 
 45  732 
 45  743 
 45  717 
 45  735 
 45  732 
 45  768 
 45  712 
 45  710 
 45  722 
 45  723 
 45  751 
 45  742 
 45  724 
 45  692 
 45  719 
 45  716 
 45  751 
 45  738 
 45  715 
 45  747 
 45  723 
 45  716 
 45  728 
 45  718 
 45  742 
 45  731 
 45  735 
 45  689 
 45  726 
 45  731 
 45  712 
 45  743 
 45  735 
 45  750 
 45  743 
 45  733 
 45  700 
 45  724 
 45  730 
 45  734 
 45  737 
 45  763 
 45  741 
 45  711 
 45  743 
 45  741 
 45  723 
 45  717 
 45  733 
 45  726 
 45  721 
 45  709 
 45  762 
 45  738 
 45  714 
 45  734 
 45  733 
 45  748 
 45  723 
 45  750 
 45  724 
 45  712 
 45  756 
 45  742 
 45  737 
 45  739 
 45  707 
 45  752 
 45  711 
 45  739 
 45  745 
 45  711 
 45  705 
 45  703 
 45  739 
 45  731 
 45  729 
 45  729 
 45  746 
 45  723 
 45  737 
 45  752 
 45  738 
 45  723 
 45  745 
 45  734 
 45  717 
 45  746 
 45  714 
 45  726 
 45  732 
 45  728 
 45  735 
 45  719 
 45  723 
 45  718 
 45  723 
 45  731 
 45  699 
 45  728 
 45  735 
 45  718 
 45  737 
 45  747 
 45  729 
 45  734 
 45  746 
 45  732 
 45  761 
 45  720 
 45  740 
 45  740 
 45  744 
 45  728 
 45  747 
 45  717 
 45  726 
 45  737 
 45  758 
 45  748 
 45  700 
 45  731 
 45  755 
 45  728 
 45  711 
 45  725 
 45  697 
 45  725 
 45  737 
 45  741 
 45  716 
 45  752 
 45  752 
 45  707 
 45  752 
 45  733 
 45  737 
 45  725 
 45  745 
 45  736 
 45  742 
 45  743 
 45  720 
 45  730 
 45  703 
 45  712 
 45  719 
 45  751 
 45  706 
 45  728 
 45  743 
 45  703 
 45  697 
 45  729 
 45  696 
 45  737 
 45  709 
 45  733 
 45  741 
 45  720 
 45  730 
 45  752 
 45  731 
 45  719 
 45  726 
 45  749 
 45  746 
 45  732 
 45  737 
 45  736 
 45  752 
 45  717 
 45  705 
 45  708 
 45  714 
 45  757 
 45  767 
 45  731 
 45  733 
 45  723 
 45  728 
 45  725 
 45  705 
 45  738 
 45  758 
 45  754 
 45  717 
 45  702 
 45  723 
 45  725 
 45  741 
 45  719 
 45  724 
 45  741 
 45  738 
 45  721 
 45  744 
 45  727 
 45  729 
 45  692 
 45  726 
 45  707 
 45  722 
 45  738 
 45  742 
 45  714 
 45  715 
 45  719 
 45  713 
 45  762 
 45  748 
 45  733 
 45  755 
 45  719 
 45  716 
 45  751 
 45  755 
 45  715 
 45  728 
 45  731 
 45  708 
 45  725 
 45  736 
 45  722 
 45  691 
 45  696 
 45  744 
 45  725 
 45  730 
 45  741 
 45  732 
 45  734 
 45  706 
 45  712 
 45  744 
 45  719 
 45  708 
 45  748 
 45  718 
 45  736 
 45  705 
 45  757 
 45  734 
 45  733 
 45  768 
 45  720 
 45  722 
 45  726 
 45  739 
 45  738 
 45  710 
 45  697 
 45  751 
 45  713 
 45  710 
 45  749 
 45  712 
 45  744 
 45  715 
 45  720 
 45  727 
 45  742 
 45  704 
 45  736 
 45  741 
 45  713 
 45  749 
 45  718 
 45  720 
 45  743 
 45  706 
 45  727 
 45  735 
 45  727 
 45  737 
 45  706 
 45  745 
 45  684 
 45  742 
 45  738 
 45  691 
 45  735 
 45  735 
 45  736 
 45  704 
 45  713 
 45  751 
 45  694 
 45  724 
 45  758 
 45  742 
 45  735 
 45  699 
 45  746 
 45  737 
 45  740 
 45  742 
 45  737 
 45  695 
 45  725 
 45  725 
 45  747 
 45  722 
 45  747 
 45  735 
 45  709 
 45  753 
 45  733 
 45  750 
 45  718 
 45  746 
 45  744 
 45  730 
 45  712 
 45  734 
 45  730 
 45  691 
 45  718 
 45  726 
 45  723 
 45  735 
 45  708 
 45  724 
 45  704 
 45  742 
 45  714 
 45  733 
 45  704 
 45  723 
 45  730 
 45  739 
 45  722 
 45  724 
 45  728 
 45  724 
 45  742 
 45  735 
 45  748 
 45  760 
 45  740 
 45  749 
 45  750 
 45  697 
 45  715 
 45  744 
 45  714 
 45  731 
 45  722 
 45  746 
 45  744 
 45  740 
 45  714 
 45  768 
 45  704 
 45  731 
 45  702 
 45  754 
 45  754 
 45  726 
 45  705 
 45  710 
 45  747 
 45  754 
 45  767 
 45  742 
 45  700 
 45  703 
 46  712 
 46  730 
 46  732 
 46  726 
 46  704 
 46  726 
 46  719 
 46  719 
 46  737 
 46  752 
 46  725 
 46  729 
 46  719 
 46  768 
 46  735 
 46  735 
 46  743 
 46  731 
 46  739 
 46  724 
 46  746 
 46  738 
 46  728 
 46  741 
 46  729 
 46  737 
 46  751 
 46  765 
 46  718 
 46  741 
 46  714 
 46  739 
 46  742 
 46  740 
 46  731 
 46  725 
 46  731 
 46  708 
 46  744 
 46  757 
 46  754 
 46  740 
 46  727 
 46  683 
 46  760 
 46  741 
 46  717 
 46  762 
 46  712 
 46  715 
 46  734 
 46  725 
 46  748 
 46  712 
 46  740 
 46  735 
 46  717 
 46  706 
 46  716 
 46  756 
 46  718 
 46  746 
 46  728 
 46  719 
 46  736 
 46  739 
 46  727 
 46  748 
 46  716 
 46  740 
 46  764 
 46  742 
 46  762 
 46  734 
 46  728 
 46  755 
 46  737 
 46  727 
 46  744 
 46  717 
 46  740 
 46  713 
 46  759 
 46  721 
 46  714 
 46  738 
 46  733 
 46  727 
 46  707 
 46  741 
 46  766 
 46  764 
 46  714 
 46  726 
 46  728 
 46  709 
 46  743 
 46  754 
 46  729 
 46  712 
 46  725 
 46  728 
 46  757 
 46  713 
 46  746 
 46  740 
 46  731 
 46  724 
 46  759 
 46  729 
 46  740 
 46  749 
 46  756 
 46  719 
 46  740 
 46  755 
 46  718 
 46  748 
 46  737 
 46  758 
 46  745 
 46  729 
 46  743 
 46  725 
 46  758 
 46  735 
 46  731 
 46  713 
 46  740 
 46  738 
 46  737 
 46  759 
 46  751 
 46  753 
 46  750 
 46  723 
 46  716 
 46  720 
 46  704 
 46  761 
 46  727 
 46  744 
 46  708 
 46  726 
 46  724 
 46  716 
 46  741 
 46  725 
 46  744 
 46  758 
 46  706 
 46  738 
 46  739 
 46  742 
 46  749 
 46  718 
 46  760 
 46  740 
 46  720 
 46  744 
 46  741 
 46  723 
 46  756 
 46  743 
 46  755 
 46  732 
 46  718 
 46  742 
 46  732 
 46  728 
 46  728 
 46  742 
 46  753 
 46  698 
 46  747 
 46  753 
 46  730 
 46  749 
 46  698 
 46  724 
 46  717 
 46  764 
 46  755 
 46  728 
 46  737 
 46  759 
 46  733 
 46  724 
 46  745 
 46  756 
 46  737 
 46  735 
 46  745 
 46  736 
 46  739 
 46  733 
 46  723 
 46  728 
 46  704 
 46  726 
 46  724 
 46  710 
 46  722 
 46  711 
 46  700 
 46  740 
 46  724 
 46  731 
 46  717 
 46  749 
 46  730 
 46  731 
 46  719 
 46  730 
 46  704 
 46  696 
 46  737 
 46  727 
 46  720 
 46  739 
 46  716 
 46  747 
 46  721 
 46  728 
 46  719 
 46  729 
 46  734 
 46  763 
 46  740 
 46  722 
 46  728 
 46  715 
 46  727 
 46  725 
 46  719 
 46  746 
 46  724 
 46  740 
 46  727 
 46  760 
 46  749 
 46  743 
 46  739 
 46  729 
 46  743 
 46  723 
 46  732 
 46  720 
 46  735 
 46  741 
 46  704 
 46  729 
 46  751 
 46  745 
 46  760 
 46  762 
 46  730 
 46  722 
 46  741 
 46  743 
 46  727 
 46  758 
 46  750 
 46  745 
 46  725 
 46  757 
 46  711 
 46  718 
 46  739 
 46  727 
 46  758 
 46  733 
 46  738 
 46  738 
 46  728 
 46  721 
 46  728 
 46  746 
 46  727 
 46  709 
 46  714 
 46  732 
 46  742 
 46  736 
 46  729 
 46  721 
 46  698 
 46  738 
 46  743 
 46  726 
 46  725 
 46  705 
 46  703 
 46  732 
 46  757 
 46  766 
 46  701 
 46  726 
 46  724 
 46  731 
 46  738 
 46  722 
 46  758 
 46  721 
 46  715 
 46  735 
 46  757 
 46  745 
 46  731 
 46  725 
 46  762 
 46  748 
 46  725 
 46  730 
 46  751 
 46  732 
 46  746 
 46  736 
 46  725 
 46  712 
 46  743 
 46  753 
 46  714 
 46  744 
 46  705 
 46  736 
 46  739 
 46  759 
 46  738 
 46  767 
 46  726 
 46  713 
 46  725 
 46  770 
 46  723 
 46  708 
 46  717 
 46  790 
 46  747 
 46  733 
 46  700 
 46  725 
 46  708 
 46  693 
 46  721 
 46  736 
 46  718 
 46  733 
 46  747 
 46  724 
 46  765 
 46  760 
 46  718 
 46  747 
 46  738 
 46  751 
 46  754 
 46  732 
 46  751 
 46  732 
 46  715 
 46  728 
 46  725 
 46  749 
 46  769 
 46  732 
 46  706 
 46  744 
 46  725 
 46  767 
 46  721 
 46  714 
 46  737 
 46  742 
 46  727 
 46  743 
 46  723 
 46  752 
 46  737 
 46  751 
 46  743 
 46  742 
 46  743 
 46  713 
 46  692 
 46  752 
 46  725 
 46  711 
 46  724 
 46  768 
 46  736 
 46  749 
 46  738 
 46  729 
 46  710 
 46  730 
 46  748 
 46  732 
 46  709 
 46  751 
 46  726 
 46  748 
 46  721 
 46  738 
 46  759 
 46  739 
 46  767 
 46  717 
 46  735 
 46  723 
 46  738 
 46  733 
 46  724 
 46  722 
 46  720 
 46  762 
 46  731 
 46  751 
 46  715 
 46  765 
 46  716 
 46  729 
 46  726 
 46  741 
 46  751 
 46  754 
 46  715 
 46  709 
 46  755 
 46  732 
 46  731 
 46  716 
 46  748 
 46  707 
 46  738 
 46  736 
 46  709 
 46  738 
 46  753 
 46  742 
 46  735 
 46  730 
 46  752 
 46  740 
 46  725 
 46  720 
 46  722 
 46  731 
 46  718 
 46  739 
 46  728 
 46  732 
 46  734 
 46  722 
 46  740 
 46  755 
 46  739 
 46  735 
 46  746 
 46  743 
 46  715 
 46  723 
 46  761 
 46  744 
 46  744 
 46  748 
 46  725 
 46  763 
 46  733 
 46  731 
 46  738 
 46  729 
 46  724 
 46  745 
 46  716 
 46  748 
 46  745 
 46  715 
 46  767 
 46  736 
 46  719 
 46  731 
 46  736 
 46  752 
 46  738 
 46  749 
 46  717 
 46  725 
 46  740 
 46  757 
 46  718 
 46  715 
 46  751 
 46  722 
 46  719 
 46  771 
 46  721 
 46  726 
 46  724 
 46  770 
 46  709 
 46  759 
 46  722 
 46  696 
 46  731 
 46  746 
 46  730 
 46  758 
 46  721 
 46  749 
 46  703 
 46  742 
 46  736 
 46  746 
 46  759 
 46  703 
 46  725 
 46  713 
 46  745 
 46  750 
 46  753 
 46  737 
 46  712 
 46  729 
 46  712 
 46  734 
 46  749 
 46  740 
 46  708 
 46  720 
 46  743 
 46  733 
 46  760 
 46  732 
 46  722 
 46  731 
 46  755 
 46  738 
 46  720 
 46  739 
 46  724 
 46  731 
 46  744 
 46  729 
 46  752 
 46  743 
 46  718 
 46  736 
 46  729 
 46  779 
 46  720 
 46  726 
 46  734 
 46  705 
 46  724 
 46  731 
 46  714 
 46  728 
 46  732 
 46  746 
 46  732 
 46  706 
 46  728 
 46  751 
 46  724 
 46  726 
 46  742 
 46  735 
 46  756 
 46  740 
 46  730 
 46  724 
 46  732 
 46  725 
 46  683 
 46  733 
 46  731 
 46  729 
 46  737 
 46  742 
 46  735 
 46  726 
 46  723 
 46  730 
 46  727 
 46  742 
 46  712 
 46  735 
 46  737 
 46  741 
 46  719 
 46  727 
 46  755 
 46  746 
 46  724 
 46  723 
 46  730 
 46  719 
 46  767 
 46  744 
 46  707 
 46  738 
 46  750 
 46  744 
 46  761 
 46  720 
 46  760 
 46  720 
 46  749 
 46  742 
 46  739 
 46  743 
 46  774 
 46  749 
 46  742 
 46  744 
 46  718 
 46  738 
 46  743 
 46  751 
 46  735 
 46  744 
 46  723 
 46  729 
 46  773 
 46  737 
 46  704 
 46  732 
 46  754 
 46  731 
 46  740 
 46  723 
 46  719 
 46  731 
 46  719 
 46  748 
 46  742 
 46  725 
 46  746 
 46  739 
 46  732 
 46  745 
 46  745 
 46  742 
 46  753 
 46  750 
 46  734 
 46  739 
 46  733 
 46  727 
 46  730 
 46  740 
 46  722 
 46  758 
 46  717 
 46  738 
 46  734 
 46  754 
 46  732 
 46  727 
 46  737 
 46  714 
 46  725 
 46  736 
 46  736 
 46  737 
 46  735 
 46  727 
 46  749 
 46  725 
 46  735 
 46  743 
 46  733 
 46  719 
 46  744 
 46  732 
 46  716 
 46  730 
 46  712 
 46  737 
 46  718 
 46  725 
 46  761 
 46  773 
 46  717 
 46  720 
 46  742 
 46  737 
 46  758 
 46  735 
 46  704 
 46  741 
 46  752 
 46  735 
 46  746 
 46  717 
 46  708 
 46  733 
 46  745 
 46  768 
 46  756 
 46  715 
 46  715 
 46  728 
 46  743 
 46  754 
 46  738 
 46  724 
 46  719 
 46  759 
 46  728 
 46  721 
 46  708 
 46  731 
 46  702 
 46  735 
 46  710 
 46  728 
 46  723 
 46  734 
 46  741 
 46  726 
 46  758 
 46  735 
 46  724 
 46  750 
 46  736 
 46  728 
 46  711 
 46  725 
 46  738 
 46  724 
 46  733 
 46  732 
 46  759 
 46  704 
 46  743 
 46  715 
 46  719 
 46  714 
 46  749 
 46  721 
 46  725 
 46  749 
 46  698 
 46  768 
 46  776 
 46  775 
 46  718 
 46  741 
 46  736 
 46  756 
 46  755 
 46  768 
 46  763 
 46  752 
 46  723 
 46  720 
 46  746 
 46  724 
 46  742 
 46  762 
 46  741 
 46  727 
 46  708 
 46  731 
 46  728 
 46  732 
 46  735 
 46  718 
 46  725 
 46  728 
 46  744 
 46  748 
 46  733 
 46  713 
 46  716 
 46  755 
 46  723 
 46  723 
 46  745 
 46  759 
 46  742 
 46  715 
 46  703 
 46  709 
 46  755 
 46  735 
 46  724 
 46  706 
 46  737 
 46  732 
 46  744 
 46  729 
 46  739 
 46  749 
 46  751 
 46  737 
 46  734 
 46  738 
 46  758 
 46  729 
 46  767 
 46  751 
 46  729 
 46  735 
 46  735 
 46  718 
 46  746 
 46  763 
 46  735 
 46  736 
 46  748 
 46  720 
 46  741 
 46  721 
 46  732 
 46  752 
 46  727 
 46  734 
 46  745 
 46  730 
 46  722 
 46  736 
 46  723 
 46  763 
 46  724 
 46  740 
 46  747 
 46  727 
 46  736 
 46  744 
 46  757 
 46  715 
 46  738 
 46  725 
 46  715 
 46  747 
 46  752 
 46  756 
 46  720 
 46  729 
 46  751 
 46  758 
 46  721 
 46  735 
 46  735 
 46  748 
 46  759 
 46  748 
 46  727 
 46  727 
 46  715 
 46  728 
 46  752 
 46  714 
 46  729 
 46  737 
 46  733 
 46  710 
 46  731 
 46  739 
 46  696 
 46  746 
 46  739 
 46  743 
 46  767 
 46  720 
 46  722 
 46  724 
 46  734 
 46  729 
 46  732 
 46  724 
 46  717 
 46  763 
 46  747 
 46  724 
 46  736 
 46  719 
 46  728 
 46  725 
 46  754 
 46  732 
 46  723 
 46  745 
 46  752 
 46  724 
 46  734 
 46  712 
 46  739 
 46  739 
 46  747 
 46  740 
 46  742 
 46  740 
 46  720 
 46  730 
 46  719 
 46  760 
 46  751 
 46  735 
 46  740 
 46  735 
 46  755 
 46  740 
 46  748 
 46  757 
 46  727 
 46  744 
 46  711 
 46  741 
 46  733 
 46  754 
 46  732 
 46  744 
 46  721 
 46  731 
 46  752 
 46  766 
 46  698 
 46  731 
 46  755 
 46  773 
 46  737 
 46  717 
 46  742 
 46  743 
 46  773 
 46  724 
 46  747 
 46  736 
 46  719 
 46  742 
 46  722 
 46  739 
 46  761 
 46  747 
 46  724 
 46  740 
 46  751 
 46  748 
 46  731 
 46  735 
 46  710 
 46  733 
 46  766 
 46  738 
 46  733 
 46  740 
 46  679 
 46  769 
 46  732 
 46  731 
 46  714 
 46  749 
 46  741 
 46  741 
 46  749 
 46  734 
 46  727 
 46  759 
 46  730 
 46  729 
 46  724 
 46  751 
 46  742 
 46  756 
 46  726 
 46  763 
 46  735 
 46  735 
 46  752 
 46  754 
 46  733 
 46  746 
 46  702 
 46  721 
 46  745 
 46  718 
 46  731 
 46  699 
 46  738 
 46  761 
 46  730 
 46  724 
 46  742 
 46  712 
 46  734 
 46  742 
 46  723 
 46  728 
 46  728 
 46  738 
 46  718 
 46  725 
 46  735 
 46  732 
 46  730 
 46  738 
 47  726 
 47  712 
 47  737 
 47  758 
 47  762 
 47  758 
 47  736 
 47  749 
 47  735 
 47  792 
 47  737 
 47  737 
 47  734 
 47  719 
 47  750 
 47  759 
 47  753 
 47  694 
 47  780 
 47  744 
 47  761 
 47  760 
 47  753 
 47  723 
 47  758 
 47  742 
 47  743 
 47  726 
 47  754 
 47  710 
 47  754 
 47  745 
 47  760 
 47  739 
 47  718 
 47  727 
 47  759 
 47  713 
 47  752 
 47  732 
 47  738 
 47  730 
 47  712 
 47  739 
 47  738 
 47  744 
 47  720 
 47  743 
 47  732 
 47  758 
 47  742 
 47  769 
 47  727 
 47  735 
 47  744 
 47  744 
 47  748 
 47  722 
 47  719 
 47  745 
 47  684 
 47  741 
 47  727 
 47  749 
 47  743 
 47  714 
 47  770 
 47  718 
 47  737 
 47  736 
 47  760 
 47  732 
 47  759 
 47  730 
 47  748 
 47  733 
 47  745 
 47  771 
 47  734 
 47  725 
 47  742 
 47  756 
 47  720 
 47  722 
 47  754 
 47  732 
 47  744 
 47  781 
 47  716 
 47  724 
 47  748 
 47  747 
 47  740 
 47  734 
 47  747 
 47  746 
 47  728 
 47  759 
 47  727 
 47  712 
 47  763 
 47  725 
 47  726 
 47  698 
 47  751 
 47  753 
 47  726 
 47  724 
 47  751 
 47  718 
 47  722 
 47  748 
 47  719 
 47  749 
 47  754 
 47  755 
 47  744 
 47  733 
 47  716 
 47  740 
 47  741 
 47  752 
 47  732 
 47  756 
 47  777 
 47  738 
 47  743 
 47  769 
 47  747 
 47  732 
 47  741 
 47  751 
 47  725 
 47  733 
 47  729 
 47  762 
 47  722 
 47  728 
 47  709 
 47  763 
 47  707 
 47  741 
 47  772 
 47  743 
 47  746 
 47  754 
 47  739 
 47  735 
 47  751 
 47  752 
 47  746 
 47  745 
 47  745 
 47  730 
 47  722 
 47  728 
 47  728 
 47  746 
 47  737 
 47  733 
 47  742 
 47  721 
 47  716 
 47  748 
 47  732 
 47  743 
 47  731 
 47  742 
 47  733 
 47  707 
 47  764 
 47  717 
 47  744 
 47  738 
 47  736 
 47  765 
 47  731 
 47  733 
 47  738 
 47  766 
 47  703 
 47  739 
 47  722 
 47  729 
 47  728 
 47  746 
 47  731 
 47  750 
 47  736 
 47  776 
 47  765 
 47  702 
 47  735 
 47  749 
 47  718 
 47  724 
 47  747 
 47  720 
 47  740 
 47  744 
 47  752 
 47  743 
 47  759 
 47  750 
 47  726 
 47  724 
 47  728 
 47  763 
 47  752 
 47  736 
 47  743 
 47  736 
 47  702 
 47  714 
 47  731 
 47  733 
 47  714 
 47  752 
 47  737 
 47  737 
 47  705 
 47  721 
 47  738 
 47  717 
 47  751 
 47  743 
 47  740 
 47  715 
 47  748 
 47  763 
 47  771 
 47  724 
 47  740 
 47  748 
 47  736 
 47  771 
 47  743 
 47  739 
 47  736 
 47  751 
 47  733 
 47  741 
 47  786 
 47  721 
 47  715 
 47  711 
 47  728 
 47  723 
 47  759 
 47  751 
 47  743 
 47  746 
 47  732 
 47  724 
 47  751 
 47  750 
 47  724 
 47  723 
 47  771 
 47  740 
 47  694 
 47  775 
 47  742 
 47  733 
 47  763 
 47  770 
 47  728 
 47  773 
 47  738 
 47  731 
 47  731 
 47  758 
 47  748 
 47  711 
 47  737 
 47  719 
 47  742 
 47  734 
 47  757 
 47  756 
 47  742 
 47  721 
 47  748 
 47  772 
 47  740 
 47  736 
 47  745 
 47  740 
 47  740 
 47  739 
 47  728 
 47  729 
 47  759 
 47  733 
 47  761 
 47  715 
 47  717 
 47  736 
 47  752 
 47  745 
 47  736 
 47  732 
 47  744 
 47  759 
 47  743 
 47  748 
 47  751 
 47  735 
 47  716 
 47  757 
 47  735 
 47  692 
 47  698 
 47  761 
 47  704 
 47  743 
 47  712 
 47  754 
 47  730 
 47  751 
 47  740 
 47  744 
 47  748 
 47  718 
 47  740 
 47  746 
 47  739 
 47  753 
 47  739 
 47  748 
 47  726 
 47  728 
 47  725 
 47  722 
 47  736 
 47  734 
 47  725 
 47  729 
 47  762 
 47  726 
 47  740 
 47  712 
 47  736 
 47  736 
 47  736 
 47  771 
 47  729 
 47  746 
 47  739 
 47  739 
 47  726 
 47  718 
 47  751 
 47  740 
 47  741 
 47  772 
 47  744 
 47  760 
 47  721 
 47  719 
 47  766 
 47  743 
 47  735 
 47  748 
 47  730 
 47  745 
 47  750 
 47  723 
 47  733 
 47  725 
 47  747 
 47  742 
 47  756 
 47  749 
 47  741 
 47  787 
 47  738 
 47  773 
 47  747 
 47  739 
 47  729 
 47  746 
 47  731 
 47  729 
 47  738 
 47  758 
 47  756 
 47  724 
 47  720 
 47  748 
 47  755 
 47  745 
 47  726 
 47  748 
 47  750 
 47  759 
 47  750 
 47  750 
 47  740 
 47  729 
 47  738 
 47  770 
 47  743 
 47  748 
 47  750 
 47  751 
 47  724 
 47  710 
 47  747 
 47  768 
 47  770 
 47  751 
 47  748 
 47  765 
 47  726 
 47  704 
 47  726 
 47  749 
 47  734 
 47  707 
 47  742 
 47  714 
 47  748 
 47  751 
 47  720 
 47  744 
 47  742 
 47  691 
 47  757 
 47  752 
 47  755 
 47  719 
 47  713 
 47  743 
 47  736 
 47  718 
 47  750 
 47  797 
 47  752 
 47  766 
 47  736 
 47  753 
 47  735 
 47  719 
 47  743 
 47  748 
 47  739 
 47  720 
 47  717 
 47  725 
 47  743 
 47  719 
 47  758 
 47  747 
 47  753 
 47  729 
 47  723 
 47  735 
 47  744 
 47  731 
 47  747 
 47  722 
 47  777 
 47  719 
 47  732 
 47  747 
 47  729 
 47  746 
 47  743 
 47  723 
 47  736 
 47  722 
 47  740 
 47  727 
 47  702 
 47  755 
 47  703 
 47  748 
 47  710 
 47  743 
 47  742 
 47  746 
 47  745 
 47  750 
 47  722 
 47  765 
 47  744 
 47  705 
 47  708 
 47  743 
 47  733 
 47  734 
 47  720 
 47  735 
 47  747 
 47  751 
 47  748 
 47  740 
 47  728 
 47  738 
 47  741 
 47  728 
 47  747 
 47  755 
 47  760 
 47  759 
 47  782 
 47  718 
 47  787 
 47  735 
 47  738 
 47  744 
 47  725 
 47  770 
 47  753 
 47  735 
 47  732 
 47  742 
 47  754 
 47  737 
 47  712 
 47  725 
 47  762 
 47  735 
 47  739 
 47  746 
 47  748 
 47  750 
 47  743 
 47  726 
 47  717 
 47  721 
 47  757 
 47  760 
 47  762 
 47  753 
 47  728 
 47  719 
 47  754 
 47  713 
 47  725 
 47  733 
 47  752 
 47  721 
 47  748 
 47  729 
 47  737 
 47  739 
 47  723 
 47  758 
 47  769 
 47  741 
 47  738 
 47  775 
 47  750 
 47  739 
 47  713 
 47  740 
 47  742 
 47  740 
 47  726 
 47  754 
 47  743 
 47  749 
 47  747 
 47  754 
 47  755 
 47  739 
 47  723 
 47  731 
 47  689 
 47  742 
 47  727 
 47  737 
 47  729 
 47  749 
 47  766 
 47  738 
 47  720 
 47  744 
 47  714 
 47  736 
 47  734 
 47  762 
 47  742 
 47  733 
 47  729 
 47  719 
 47  736 
 47  736 
 47  730 
 47  739 
 47  762 
 47  774 
 47  725 
 47  720 
 47  762 
 47  722 
 47  748 
 47  760 
 47  767 
 47  722 
 47  790 
 47  730 
 47  748 
 47  756 
 47  764 
 47  731 
 47  741 
 47  769 
 47  747 
 47  742 
 47  745 
 47  731 
 47  745 
 47  708 
 47  783 
 47  738 
 47  756 
 47  730 
 47  729 
 47  746 
 47  759 
 47  747 
 47  744 
 47  740 
 47  734 
 47  735 
 47  741 
 47  729 
 47  727 
 47  751 
 47  751 
 47  753 
 47  752 
 47  766 
 47  739 
 47  729 
 47  745 
 47  723 
 47  736 
 47  743 
 47  760 
 47  728 
 47  735 
 47  750 
 47  709 
 47  772 
 47  714 
 47  757 
 47  719 
 47  744 
 47  717 
 47  755 
 47  725 
 47  734 
 47  740 
 47  755 
 47  777 
 47  728 
 47  730 
 47  731 
 47  733 
 47  708 
 47  731 
 47  735 
 47  725 
 47  739 
 47  751 
 47  734 
 47  746 
 47  727 
 47  756 
 47  739 
 47  746 
 47  741 
 47  702 
 47  751 
 47  722 
 47  735 
 47  740 
 47  737 
 47  731 
 47  732 
 47  724 
 47  742 
 47  715 
 47  761 
 47  719 
 47  744 
 47  733 
 47  709 
 47  755 
 47  727 
 47  765 
 47  699 
 47  743 
 47  698 
 47  742 
 47  752 
 47  740 
 47  783 
 47  753 
 47  756 
 47  736 
 47  727 
 47  716 
 47  739 
 47  749 
 47  731 
 47  764 
 47  726 
 47  738 
 47  752 
 47  753 
 47  779 
 47  766 
 47  699 
 47  739 
 47  740 
 47  751 
 47  737 
 47  738 
 47  744 
 47  738 
 47  741 
 47  757 
 47  732 
 47  743 
 47  729 
 47  715 
 47  729 
 47  737 
 47  736 
 47  741 
 47  740 
 47  749 
 47  763 
 47  746 
 47  733 
 47  736 
 47  740 
 47  730 
 47  723 
 47  718 
 47  751 
 47  722 
 47  739 
 47  727 
 47  724 
 47  734 
 47  765 
 47  769 
 47  738 
 47  752 
 47  731 
 47  725 
 47  700 
 47  716 
 47  760 
 47  766 
 47  717 
 47  754 
 47  744 
 47  761 
 47  723 
 47  711 
 47  717 
 47  730 
 47  740 
 47  735 
 47  752 
 47  750 
 47  750 
 47  728 
 47  733 
 47  743 
 47  786 
 47  737 
 47  741 
 47  740 
 47  752 
 47  733 
 47  716 
 47  744 
 47  763 
 47  736 
 47  731 
 47  734 
 47  774 
 47  747 
 47  719 
 47  740 
 47  737 
 47  738 
 47  710 
 47  740 
 47  729 
 47  719 
 47  741 
 47  743 
 47  718 
 47  703 
 47  759 
 47  719 
 47  745 
 47  742 
 47  715 
 47  751 
 47  719 
 47  742 
 47  770 
 47  725 
 47  730 
 47  742 
 47  753 
 47  745 
 47  733 
 47  729 
 47  726 
 47  738 
 47  747 
 47  733 
 47  712 
 47  731 
 47  738 
 47  723 
 47  744 
 47  726 
 47  730 
 47  741 
 47  733 
 47  756 
 47  728 
 47  745 
 47  729 
 47  760 
 47  732 
 47  728 
 47  728 
 47  757 
 47  739 
 47  740 
 47  735 
 47  699 
 47  757 
 47  728 
 47  721 
 47  725 
 47  737 
 47  739 
 47  701 
 47  711 
 47  741 
 47  776 
 47  752 
 47  723 
 47  766 
 47  747 
 47  741 
 47  743 
 47  734 
 47  758 
 47  764 
 47  741 
 47  706 
 47  742 
 47  728 
 47  733 
 47  732 
 47  718 
 47  761 
 47  733 
 47  731 
 47  729 
 47  750 
 47  726 
 47  721 
 47  732 
 47  732 
 47  722 
 47  745 
 47  732 
 47  743 
 47  717 
 47  742 
 47  734 
 47  740 
 47  732 
 47  763 
 47  745 
 47  722 
 47  752 
 47  741 
 47  746 
 47  758 
 47  755 
 47  719 
 47  723 
 47  735 
 47  736 
 47  762 
 47  729 
 47  745 
 47  761 
 47  748 
 47  735 
 47  754 
 47  742 
 47  774 
 47  746 
 47  757 
 47  756 
 47  735 
 47  745 
 47  745 
 47  731 
 47  752 
 47  728 
 47  740 
 47  730 
 47  750 
 47  729 
 47  736 
 47  773 
 47  727 
 47  736 
 47  731 
 47  740 
 47  764 
 47  748 
 47  775 
 47  752 
 47  746 
 47  713 
 47  747 
 47  751 
 47  736 
 47  760 
 47  758 
 47  729 
 47  732 
 47  749 
 47  751 
 47  752 
 47  757 
 47  748 
 47  701 
 47  737 
 47  777 
 47  748 
 47  767 
 47  743 
 47  723 
 47  723 
 47  729 
 47  697 
 47  745 
 47  724 
 47  725 
 47  735 
 47  739 
 47  734 
 47  718 
 47  728 
 47  789 
 47  726 
 47  745 
 47  719 
 47  726 
 47  734 
 47  719 
 47  779 
 47  759 
 47  718 
 47  732 
 47  734 
 47  744 
 47  756 
 47  740 
 47  723 
 47  764 
 47  729 
 47  705 
 47  757 
 47  745 
 47  758 
 47  728 
 47  723 
 47  737 
 47  711 
 47  729 
 47  730 
 47  745 
 47  727 
 47  749 
 47  738 
 47  762 
 47  750 
 47  747 
 48  757 
 48  745 
 48  741 
 48  742 
 48  731 
 48  770 
 48  726 
 48  735 
 48  741 
 48  736 
 48  758 
 48  748 
 48  751 
 48  745 
 48  780 
 48  741 
 48  717 
 48  727 
 48  740 
 48  758 
 48  719 
 48  697 
 48  766 
 48  770 
 48  781 
 48  750 
 48  727 
 48  739 
 48  774 
 48  750 
 48  754 
 48  758 
 48  754 
 48  776 
 48  757 
 48  742 
 48  760 
 48  715 
 48  738 
 48  733 
 48  753 
 48  750 
 48  757 
 48  747 
 48  766 
 48  756 
 48  765 
 48  765 
 48  761 
 48  725 
 48  728 
 48  754 
 48  725 
 48  757 
 48  735 
 48  753 
 48  751 
 48  749 
 48  744 
 48  748 
 48  754 
 48  759 
 48  759 
 48  744 
 48  763 
 48  749 
 48  743 
 48  735 
 48  782 
 48  736 
 48  741 
 48  756 
 48  764 
 48  730 
 48  772 
 48  764 
 48  762 
 48  736 
 48  718 
 48  728 
 48  731 
 48  761 
 48  737 
 48  777 
 48  754 
 48  751 
 48  769 
 48  719 
 48  748 
 48  716 
 48  739 
 48  756 
 48  754 
 48  758 
 48  748 
 48  750 
 48  738 
 48  724 
 48  724 
 48  748 
 48  753 
 48  767 
 48  743 
 48  727 
 48  745 
 48  775 
 48  732 
 48  737 
 48  737 
 48  739 
 48  725 
 48  750 
 48  756 
 48  745 
 48  739 
 48  760 
 48  749 
 48  743 
 48  734 
 48  727 
 48  728 
 48  723 
 48  735 
 48  709 
 48  734 
 48  722 
 48  759 
 48  734 
 48  748 
 48  725 
 48  736 
 48  772 
 48  754 
 48  728 
 48  716 
 48  753 
 48  747 
 48  704 
 48  742 
 48  745 
 48  735 
 48  742 
 48  740 
 48  752 
 48  756 
 48  751 
 48  767 
 48  753 
 48  756 
 48  754 
 48  724 
 48  741 
 48  758 
 48  735 
 48  725 
 48  754 
 48  753 
 48  751 
 48  717 
 48  742 
 48  768 
 48  773 
 48  726 
 48  728 
 48  776 
 48  752 
 48  737 
 48  765 
 48  717 
 48  732 
 48  722 
 48  747 
 48  735 
 48  735 
 48  757 
 48  755 
 48  749 
 48  734 
 48  734 
 48  755 
 48  755 
 48  749 
 48  749 
 48  738 
 48  739 
 48  709 
 48  729 
 48  759 
 48  727 
 48  792 
 48  728 
 48  726 
 48  744 
 48  742 
 48  753 
 48  763 
 48  736 
 48  734 
 48  749 
 48  754 
 48  745 
 48  758 
 48  779 
 48  724 
 48  734 
 48  743 
 48  773 
 48  743 
 48  736 
 48  733 
 48  749 
 48  761 
 48  746 
 48  754 
 48  761 
 48  768 
 48  754 
 48  767 
 48  741 
 48  751 
 48  742 
 48  728 
 48  718 
 48  753 
 48  773 
 48  735 
 48  777 
 48  732 
 48  740 
 48  758 
 48  767 
 48  743 
 48  726 
 48  738 
 48  750 
 48  748 
 48  737 
 48  739 
 48  759 
 48  760 
 48  746 
 48  730 
 48  753 
 48  724 
 48  747 
 48  735 
 48  756 
 48  735 
 48  750 
 48  715 
 48  739 
 48  736 
 48  714 
 48  747 
 48  718 
 48  728 
 48  733 
 48  718 
 48  790 
 48  714 
 48  717 
 48  737 
 48  718 
 48  729 
 48  735 
 48  723 
 48  744 
 48  770 
 48  738 
 48  734 
 48  748 
 48  709 
 48  735 
 48  759 
 48  717 
 48  742 
 48  773 
 48  764 
 48  750 
 48  731 
 48  730 
 48  771 
 48  736 
 48  736 
 48  753 
 48  746 
 48  735 
 48  738 
 48  770 
 48  733 
 48  753 
 48  722 
 48  754 
 48  758 
 48  745 
 48  723 
 48  739 
 48  753 
 48  725 
 48  750 
 48  737 
 48  746 
 48  722 
 48  772 
 48  746 
 48  718 
 48  741 
 48  736 
 48  749 
 48  734 
 48  738 
 48  772 
 48  744 
 48  746 
 48  748 
 48  755 
 48  751 
 48  733 
 48  753 
 48  725 
 48  779 
 48  729 
 48  765 
 48  713 
 48  735 
 48  778 
 48  754 
 48  739 
 48  755 
 48  734 
 48  748 
 48  732 
 48  759 
 48  737 
 48  761 
 48  768 
 48  745 
 48  738 
 48  765 
 48  735 
 48  704 
 48  729 
 48  753 
 48  773 
 48  750 
 48  731 
 48  746 
 48  732 
 48  748 
 48  765 
 48  743 
 48  721 
 48  756 
 48  732 
 48  727 
 48  748 
 48  755 
 48  755 
 48  756 
 48  725 
 48  756 
 48  782 
 48  757 
 48  751 
 48  732 
 48  773 
 48  716 
 48  756 
 48  740 
 48  759 
 48  751 
 48  745 
 48  737 
 48  729 
 48  720 
 48  734 
 48  699 
 48  744 
 48  735 
 48  755 
 48  767 
 48  742 
 48  733 
 48  781 
 48  719 
 48  747 
 48  749 
 48  733 
 48  754 
 48  724 
 48  742 
 48  734 
 48  733 
 48  751 
 48  738 
 48  706 
 48  764 
 48  750 
 48  774 
 48  739 
 48  722 
 48  781 
 48  717 
 48  729 
 48  735 
 48  754 
 48  742 
 48  731 
 48  765 
 48  754 
 48  748 
 48  747 
 48  724 
 48  743 
 48  724 
 48  747 
 48  756 
 48  763 
 48  738 
 48  734 
 48  706 
 48  741 
 48  718 
 48  754 
 48  748 
 48  706 
 48  753 
 48  734 
 48  741 
 48  740 
 48  752 
 48  764 
 48  756 
 48  737 
 48  757 
 48  774 
 48  727 
 48  723 
 48  740 
 48  768 
 48  737 
 48  732 
 48  765 
 48  734 
 48  702 
 48  759 
 48  754 
 48  753 
 48  749 
 48  743 
 48  744 
 48  724 
 48  752 
 48  735 
 48  762 
 48  722 
 48  751 
 48  747 
 48  706 
 48  747 
 48  722 
 48  764 
 48  752 
 48  755 
 48  736 
 48  745 
 48  748 
 48  732 
 48  727 
 48  755 
 48  763 
 48  752 
 48  738 
 48  741 
 48  741 
 48  733 
 48  720 
 48  713 
 48  742 
 48  727 
 48  803 
 48  747 
 48  727 
 48  716 
 48  753 
 48  739 
 48  772 
 48  731 
 48  766 
 48  751 
 48  737 
 48  729 
 48  747 
 48  709 
 48  716 
 48  745 
 48  755 
 48  763 
 48  778 
 48  740 
 48  762 
 48  774 
 48  769 
 48  739 
 48  724 
 48  732 
 48  775 
 48  735 
 48  725 
 48  691 
 48  729 
 48  770 
 48  751 
 48  740 
 48  741 
 48  734 
 48  742 
 48  750 
 48  779 
 48  731 
 48  747 
 48  723 
 48  752 
 48  766 
 48  730 
 48  743 
 48  727 
 48  742 
 48  768 
 48  776 
 48  736 
 48  746 
 48  770 
 48  759 
 48  760 
 48  734 
 48  718 
 48  753 
 48  724 
 48  758 
 48  720 
 48  748 
 48  774 
 48  718 
 48  776 
 48  737 
 48  752 
 48  742 
 48  742 
 48  743 
 48  758 
 48  770 
 48  757 
 48  748 
 48  735 
 48  769 
 48  724 
 48  741 
 48  732 
 48  732 
 48  753 
 48  761 
 48  764 
 48  723 
 48  752 
 48  752 
 48  744 
 48  735 
 48  746 
 48  777 
 48  755 
 48  754 
 48  749 
 48  769 
 48  736 
 48  744 
 48  714 
 48  744 
 48  728 
 48  729 
 48  759 
 48  759 
 48  751 
 48  763 
 48  706 
 48  762 
 48  763 
 48  745 
 48  732 
 48  720 
 48  778 
 48  726 
 48  757 
 48  754 
 48  724 
 48  748 
 48  763 
 48  725 
 48  763 
 48  771 
 48  741 
 48  755 
 48  752 
 48  719 
 48  715 
 48  781 
 48  758 
 48  734 
 48  757 
 48  736 
 48  759 
 48  725 
 48  750 
 48  743 
 48  768 
 48  743 
 48  745 
 48  773 
 48  717 
 48  765 
 48  748 
 48  723 
 48  738 
 48  739 
 48  741 
 48  709 
 48  752 
 48  773 
 48  752 
 48  760 
 48  744 
 48  755 
 48  762 
 48  755 
 48  741 
 48  742 
 48  732 
 48  733 
 48  712 
 48  755 
 48  748 
 48  719 
 48  739 
 48  745 
 48  734 
 48  728 
 48  760 
 48  744 
 48  753 
 48  757 
 48  756 
 48  747 
 48  763 
 48  751 
 48  736 
 48  718 
 48  717 
 48  763 
 48  747 
 48  761 
 48  743 
 48  730 
 48  751 
 48  786 
 48  738 
 48  760 
 48  764 
 48  738 
 48  735 
 48  729 
 48  723 
 48  738 
 48  741 
 48  747 
 48  727 
 48  739 
 48  787 
 48  745 
 48  750 
 48  737 
 48  751 
 48  748 
 48  747 
 48  748 
 48  752 
 48  713 
 48  738 
 48  736 
 48  767 
 48  742 
 48  744 
 48  740 
 48  768 
 48  735 
 48  769 
 48  726 
 48  716 
 48  741 
 48  723 
 48  747 
 48  765 
 48  780 
 48  735 
 48  721 
 48  720 
 48  742 
 48  737 
 48  758 
 48  732 
 48  765 
 48  736 
 48  762 
 48  734 
 48  738 
 48  755 
 48  743 
 48  740 
 48  752 
 48  728 
 48  747 
 48  786 
 48  731 
 48  733 
 48  752 
 48  725 
 48  742 
 48  730 
 48  732 
 48  747 
 48  781 
 48  721 
 48  729 
 48  750 
 48  739 
 48  747 
 48  738 
 48  723 
 48  741 
 48  715 
 48  781 
 48  730 
 48  754 
 48  729 
 48  767 
 48  749 
 48  761 
 48  745 
 48  764 
 48  757 
 48  737 
 48  763 
 48  734 
 48  742 
 48  738 
 48  727 
 48  757 
 48  752 
 48  726 
 48  725 
 48  730 
 48  738 
 48  723 
 48  741 
 48  712 
 48  736 
 48  773 
 48  763 
 48  765 
 48  723 
 48  742 
 48  741 
 48  733 
 48  743 
 48  749 
 48  728 
 48  745 
 48  770 
 48  743 
 48  748 
 48  755 
 48  741 
 48  734 
 48  742 
 48  753 
 48  787 
 48  720 
 48  735 
 48  776 
 48  747 
 48  719 
 48  733 
 48  745 
 48  737 
 48  753 
 48  748 
 48  742 
 48  768 
 48  747 
 48  783 
 48  717 
 48  749 
 48  751 
 48  759 
 48  742 
 48  745 
 48  737 
 48  713 
 48  737 
 48  773 
 48  713 
 48  760 
 48  725 
 48  755 
 48  729 
 48  763 
 48  738 
 48  749 
 48  753 
 48  747 
 48  756 
 48  754 
 48  733 
 48  685 
 48  716 
 48  753 
 48  780 
 48  739 
 48  760 
 48  739 
 48  746 
 48  750 
 48  728 
 48  762 
 48  737 
 48  737 
 48  763 
 48  759 
 48  735 
 48  777 
 48  737 
 48  747 
 48  744 
 48  756 
 48  736 
 48  763 
 48  747 
 48  703 
 48  717 
 48  790 
 48  765 
 48  759 
 48  743 
 48  747 
 48  719 
 48  752 
 48  753 
 48  725 
 48  738 
 48  746 
 48  774 
 48  760 
 48  714 
 48  729 
 48  766 
 48  746 
 48  766 
 48  749 
 48  792 
 48  750 
 48  727 
 48  733 
 48  747 
 48  728 
 48  714 
 48  743 
 48  733 
 48  737 
 48  745 
 48  767 
 48  744 
 48  763 
 48  762 
 48  699 
 48  759 
 48  789 
 48  780 
 48  765 
 48  740 
 48  724 
 48  722 
 48  717 
 48  746 
 48  764 
 48  762 
 48  702 
 48  741 
 48  735 
 48  729 
 48  772 
 48  731 
 48  744 
 48  761 
 48  736 
 48  777 
 48  737 
 48  736 
 48  735 
 48  723 
 48  724 
 48  714 
 48  765 
 48  752 
 48  731 
 48  701 
 48  721 
 48  780 
 48  744 
 48  718 
 48  746 
 48  727 
 48  768 
 48  759 
 48  737 
 48  709 
 48  790 
 48  743 
 48  734 
 48  722 
 48  744 
 48  730 
 48  749 
 48  728 
 48  764 
 48  729 
 48  746 
 48  722 
 48  724 
 48  779 
 48  738 
 48  747 
 48  744 
 48  754 
 48  723 
 48  750 
 48  718 
 48  736 
 48  730 
 48  751 
 48  761 
 48  744 
 48  728 
 48  722 
 48  750 
 48  764 
 48  728 
 48  725 
 48  743 
 48  752 
 48  747 
 48  750 
 48  751 
 48  767 
 48  793 
 48  730 
 48  744 
 48  753 
 48  759 
 48  743 
 48  766 
 48  765 
 48  770 
 48  743 
 48  783 
 48  732 
 48  742 
 48  749 
 48  750 
 48  765 
 48  731 
 48  743 
 48  755 
 48  724 
 48  736 
 48  754 
 48  726 
 48  754 
 48  746 
 48  736 
 48  769 
 48  756 
 48  739 
 48  729 
 48  725 
 48  745 
 48  753 
 48  732 
 48  752 
 48  735 
 48  745 
 48  760 
 49  750 
 49  757 
 49  753 
 49  747 
 49  759 
 49  764 
 49  782 
 49  756 
 49  723 
 49  761 
 49  747 
 49  760 
 49  792 
 49  741 
 49  743 
 49  759 
 49  733 
 49  743 
 49  730 
 49  746 
 49  760 
 49  779 
 49  742 
 49  753 
 49  755 
 49  756 
 49  760 
 49  765 
 49  750 
 49  792 
 49  781 
 49  755 
 49  749 
 49  721 
 49  731 
 49  758 
 49  771 
 49  730 
 49  752 
 49  756 
 49  737 
 49  768 
 49  743 
 49  766 
 49  753 
 49  746 
 49  782 
 49  743 
 49  750 
 49  747 
 49  745 
 49  752 
 49  745 
 49  749 
 49  785 
 49  742 
 49  780 
 49  729 
 49  755 
 49  727 
 49  745 
 49  741 
 49  754 
 49  773 
 49  744 
 49  740 
 49  761 
 49  725 
 49  750 
 49  729 
 49  760 
 49  747 
 49  732 
 49  762 
 49  748 
 49  718 
 49  733 
 49  746 
 49  744 
 49  723 
 49  752 
 49  739 
 49  725 
 49  771 
 49  735 
 49  757 
 49  729 
 49  749 
 49  736 
 49  762 
 49  744 
 49  767 
 49  754 
 49  741 
 49  735 
 49  789 
 49  742 
 49  744 
 49  738 
 49  756 
 49  738 
 49  744 
 49  771 
 49  772 
 49  764 
 49  733 
 49  747 
 49  764 
 49  747 
 49  741 
 49  748 
 49  726 
 49  714 
 49  714 
 49  770 
 49  750 
 49  736 
 49  741 
 49  775 
 49  763 
 49  755 
 49  737 
 49  751 
 49  759 
 49  758 
 49  720 
 49  715 
 49  757 
 49  727 
 49  769 
 49  758 
 49  743 
 49  729 
 49  754 
 49  748 
 49  756 
 49  741 
 49  729 
 49  770 
 49  724 
 49  757 
 49  742 
 49  774 
 49  741 
 49  726 
 49  745 
 49  740 
 49  734 
 49  752 
 49  749 
 49  768 
 49  769 
 49  742 
 49  731 
 49  750 
 49  743 
 49  732 
 49  748 
 49  720 
 49  741 
 49  744 
 49  759 
 49  721 
 49  748 
 49  761 
 49  753 
 49  748 
 49  735 
 49  779 
 49  734 
 49  768 
 49  737 
 49  729 
 49  721 
 49  729 
 49  744 
 49  738 
 49  760 
 49  755 
 49  741 
 49  773 
 49  772 
 49  749 
 49  718 
 49  774 
 49  751 
 49  784 
 49  747 
 49  738 
 49  738 
 49  761 
 49  753 
 49  751 
 49  784 
 49  758 
 49  747 
 49  737 
 49  761 
 49  708 
 49  739 
 49  773 
 49  771 
 49  753 
 49  728 
 49  731 
 49  731 
 49  760 
 49  746 
 49  736 
 49  756 
 49  762 
 49  757 
 49  739 
 49  724 
 49  743 
 49  765 
 49  767 
 49  736 
 49  739 
 49  726 
 49  756 
 49  732 
 49  771 
 49  757 
 49  747 
 49  768 
 49  775 
 49  780 
 49  731 
 49  773 
 49  752 
 49  766 
 49  759 
 49  759 
 49  731 
 49  763 
 49  723 
 49  752 
 49  753 
 49  766 
 49  751 
 49  733 
 49  753 
 49  724 
 49  749 
 49  738 
 49  773 
 49  732 
 49  773 
 49  756 
 49  743 
 49  783 
 49  736 
 49  762 
 49  768 
 49  741 
 49  778 
 49  747 
 49  735 
 49  777 
 49  762 
 49  729 
 49  734 
 49  744 
 49  780 
 49  740 
 49  752 
 49  731 
 49  758 
 49  733 
 49  752 
 49  766 
 49  747 
 49  752 
 49  751 
 49  734 
 49  802 
 49  749 
 49  732 
 49  755 
 49  750 
 49  775 
 49  743 
 49  760 
 49  755 
 49  758 
 49  746 
 49  756 
 49  761 
 49  750 
 49  745 
 49  756 
 49  740 
 49  736 
 49  783 
 49  738 
 49  763 
 49  734 
 49  783 
 49  771 
 49  746 
 49  733 
 49  730 
 49  738 
 49  742 
 49  729 
 49  745 
 49  748 
 49  721 
 49  743 
 49  765 
 49  720 
 49  738 
 49  782 
 49  743 
 49  749 
 49  725 
 49  753 
 49  726 
 49  742 
 49  753 
 49  743 
 49  733 
 49  747 
 49  755 
 49  759 
 49  770 
 49  744 
 49  738 
 49  764 
 49  768 
 49  774 
 49  753 
 49  738 
 49  744 
 49  766 
 49  766 
 49  742 
 49  751 
 49  736 
 49  775 
 49  750 
 49  736 
 49  747 
 49  790 
 49  753 
 49  755 
 49  730 
 49  766 
 49  766 
 49  750 
 49  741 
 49  746 
 49  754 
 49  776 
 49  753 
 49  787 
 49  749 
 49  734 
 49  745 
 49  746 
 49  767 
 49  748 
 49  758 
 49  744 
 49  764 
 49  729 
 49  734 
 49  768 
 49  758 
 49  759 
 49  744 
 49  746 
 49  755 
 49  728 
 49  750 
 49  733 
 49  759 
 49  748 
 49  755 
 49  778 
 49  754 
 49  773 
 49  723 
 49  772 
 49  748 
 49  744 
 49  763 
 49  773 
 49  743 
 49  748 
 49  749 
 49  765 
 49  730 
 49  778 
 49  743 
 49  725 
 49  726 
 49  762 
 49  769 
 49  740 
 49  746 
 49  750 
 49  743 
 49  760 
 49  756 
 49  779 
 49  756 
 49  727 
 49  727 
 49  730 
 49  731 
 49  739 
 49  729 
 49  776 
 49  721 
 49  752 
 49  733 
 49  727 
 49  767 
 49  743 
 49  748 
 49  729 
 49  775 
 49  745 
 49  741 
 49  743 
 49  730 
 49  767 
 49  724 
 49  748 
 49  756 
 49  761 
 49  736 
 49  766 
 49  762 
 49  776 
 49  747 
 49  739 
 49  764 
 49  739 
 49  757 
 49  738 
 49  755 
 49  749 
 49  756 
 49  765 
 49  756 
 49  764 
 49  740 
 49  736 
 49  746 
 49  748 
 49  778 
 49  760 
 49  745 
 49  743 
 49  780 
 49  792 
 49  740 
 49  760 
 49  763 
 49  768 
 49  748 
 49  725 
 49  749 
 49  754 
 49  766 
 49  717 
 49  762 
 49  760 
 49  795 
 49  727 
 49  746 
 49  763 
 49  765 
 49  775 
 49  774 
 49  768 
 49  755 
 49  751 
 49  766 
 49  791 
 49  755 
 49  744 
 49  737 
 49  792 
 49  747 
 49  751 
 49  731 
 49  738 
 49  730 
 49  768 
 49  735 
 49  747 
 49  763 
 49  760 
 49  724 
 49  746 
 49  749 
 49  740 
 49  757 
 49  749 
 49  727 
 49  770 
 49  761 
 49  736 
 49  756 
 49  750 
 49  728 
 49  749 
 49  773 
 49  753 
 49  764 
 49  773 
 49  750 
 49  755 
 49  777 
 49  738 
 49  738 
 49  784 
 49  736 
 49  765 
 49  728 
 49  754 
 49  750 
 49  761 
 49  756 
 49  752 
 49  760 
 49  753 
 49  754 
 49  740 
 49  753 
 49  800 
 49  756 
 49  770 
 49  746 
 49  777 
 49  754 
 49  750 
 49  766 
 49  747 
 49  711 
 49  776 
 49  773 
 49  761 
 49  750 
 49  712 
 49  777 
 49  729 
 49  719 
 49  732 
 49  753 
 49  763 
 49  749 
 49  745 
 49  733 
 49  760 
 49  738 
 49  765 
 49  753 
 49  734 
 49  728 
 49  749 
 49  724 
 49  736 
 49  745 
 49  736 
 49  754 
 49  752 
 49  762 
 49  719 
 49  774 
 49  727 
 49  732 
 49  780 
 49  744 
 49  753 
 49  780 
 49  745 
 49  730 
 49  788 
 49  761 
 49  743 
 49  753 
 49  767 
 49  742 
 49  728 
 49  763 
 49  737 
 49  739 
 49  744 
 49  766 
 49  741 
 49  731 
 49  755 
 49  747 
 49  792 
 49  766 
 49  766 
 49  725 
 49  754 
 49  738 
 49  754 
 49  755 
 49  771 
 49  735 
 49  722 
 49  726 
 49  763 
 49  736 
 49  755 
 49  740 
 49  726 
 49  739 
 49  749 
 49  758 
 49  742 
 49  734 
 49  763 
 49  767 
 49  727 
 49  753 
 49  780 
 49  757 
 49  730 
 49  768 
 49  734 
 49  744 
 49  779 
 49  734 
 49  748 
 49  755 
 49  779 
 49  728 
 49  751 
 49  772 
 49  727 
 49  734 
 49  745 
 49  739 
 49  750 
 49  750 
 49  729 
 49  749 
 49  771 
 49  773 
 49  724 
 49  739 
 49  754 
 49  742 
 49  760 
 49  729 
 49  747 
 49  745 
 49  767 
 49  769 
 49  770 
 49  719 
 49  753 
 49  754 
 49  748 
 49  744 
 49  747 
 49  777 
 49  767 
 49  724 
 49  742 
 49  749 
 49  773 
 49  746 
 49  749 
 49  740 
 49  746 
 49  762 
 49  765 
 49  757 
 49  767 
 49  746 
 49  758 
 49  766 
 49  778 
 49  738 
 49  764 
 49  734 
 49  746 
 49  769 
 49  753 
 49  737 
 49  749 
 49  764 
 49  720 
 49  758 
 49  745 
 49  790 
 49  719 
 49  764 
 49  743 
 49  791 
 49  763 
 49  730 
 49  767 
 49  739 
 49  743 
 49  740 
 49  742 
 49  766 
 49  744 
 49  771 
 49  751 
 49  755 
 49  743 
 49  759 
 49  779 
 49  772 
 49  763 
 49  750 
 49  757 
 49  746 
 49  764 
 49  764 
 49  729 
 49  741 
 49  762 
 49  763 
 49  756 
 49  751 
 49  753 
 49  750 
 49  738 
 49  752 
 49  747 
 49  748 
 49  742 
 49  762 
 49  764 
 49  734 
 49  751 
 49  752 
 49  744 
 49  753 
 49  738 
 49  747 
 49  743 
 49  752 
 49  762 
 49  752 
 49  754 
 49  733 
 49  772 
 49  757 
 49  720 
 49  767 
 49  734 
 49  709 
 49  747 
 49  733 
 49  760 
 49  780 
 49  764 
 49  764 
 49  731 
 49  771 
 49  738 
 49  767 
 49  738 
 49  755 
 49  741 
 49  778 
 49  741 
 49  770 
 49  757 
 49  755 
 49  722 
 49  729 
 49  777 
 49  760 
 49  741 
 49  786 
 49  730 
 49  764 
 49  779 
 49  758 
 49  727 
 49  765 
 49  746 
 49  766 
 49  724 
 49  746 
 49  792 
 49  733 
 49  733 
 49  746 
 49  744 
 49  756 
 49  754 
 49  775 
 49  732 
 49  721 
 49  758 
 49  767 
 49  780 
 49  748 
 49  747 
 49  735 
 49  762 
 49  757 
 49  737 
 49  765 
 49  792 
 49  746 
 49  749 
 49  775 
 49  729 
 49  738 
 49  736 
 49  777 
 49  754 
 49  748 
 49  747 
 49  731 
 49  724 
 49  735 
 49  780 
 49  733 
 49  749 
 49  761 
 49  733 
 49  729 
 49  748 
 49  762 
 49  762 
 49  772 
 49  732 
 49  763 
 49  708 
 49  749 
 49  733 
 49  731 
 49  740 
 49  758 
 49  762 
 49  800 
 49  751 
 49  734 
 49  764 
 49  722 
 49  745 
 49  744 
 49  768 
 49  783 
 49  785 
 49  759 
 49  780 
 49  746 
 49  735 
 49  755 
 49  766 
 49  772 
 49  748 
 49  739 
 49  752 
 49  750 
 49  757 
 49  730 
 49  776 
 49  740 
 49  739 
 49  738 
 49  773 
 49  744 
 49  755 
 49  756 
 49  755 
 49  748 
 49  755 
 49  726 
 49  727 
 49  742 
 49  751 
 49  758 
 49  764 
 49  707 
 49  743 
 49  725 
 49  746 
 49  725 
 49  778 
 49  743 
 49  753 
 49  758 
 49  739 
 49  743 
 49  764 
 49  733 
 49  769 
 49  762 
 49  750 
 49  793 
 49  752 
 49  747 
 49  749 
 49  785 
 49  747 
 49  761 
 49  750 
 49  760 
 49  749 
 49  768 
 49  754 
 49  743 
 49  734 
 49  750 
 49  763 
 49  745 
 49  750 
 49  746 
 49  750 
 49  771 
 49  755 
 49  741 
 49  742 
 49  754 
 49  751 
 49  753 
 49  781 
 49  747 
 49  771 
 49  744 
 49  766 
 49  770 
 49  735 
 49  755 
 49  747 
 49  739 
 49  768 
 49  750 
 49  745 
 49  764 
 49  741 
 49  731 
 49  761 
 49  758 
 49  749 
 49  749 
 49  751 
 49  734 
 49  762 
 49  756 
 49  756 
 49  742 
 49  728 
 49  742 
 49  756 
 49  739 
 49  774 
 49  767 
 49  745 
 49  750 
 49  756 
 49  750 
 49  748 
 49  756 
 49  733 
 49  750 
 49  718 
 49  714 
 49  756 
 49  734 
 49  756 
 49  765 
 49  770 
 49  755 
 49  769 
 49  734 
 49  764 
 49  750 
 49  772 
 49  718 
 49  750 
 49  730 
 49  751 
 49  728 
 49  751 
 49  735 
 49  754 
 49  763 
 49  766 
 49  740 
 49  762 
 49  742 
 49  758 
 49  756 
 49  735 
 49  741 
 49  770 
 49  746 
 49  730 
 49  727 
 50  761 
 50  764 
 50  760 
 50  751 
 50  711 
 50  765 
 50  745 
 50  739 
 50  751 
 50  777 
 50  748 
 50  764 
 50  751 
 50  752 
 50  757 
 50  734 
 50  765 
 50  731 
 50  744 
 50  767 
 50  731 
 50  768 
 50  770 
 50  750 
 50  754 
 50  748 
 50  762 
 50  749 
 50  743 
 50  768 
 50  752 
 50  749 
 50  769 
 50  751 
 50  761 
 50  769 
 50  728 
 50  748 
 50  755 
 50  751 
 50  762 
 50  755 
 50  715 
 50  753 
 50  793 
 50  753 
 50  774 
 50  761 
 50  736 
 50  738 
 50  755 
 50  740 
 50  726 
 50  757 
 50  747 
 50  751 
 50  775 
 50  752 
 50  737 
 50  757 
 50  772 
 50  784 
 50  757 
 50  793 
 50  788 
 50  756 
 50  748 
 50  776 
 50  762 
 50  752 
 50  751 
 50  759 
 50  761 
 50  776 
 50  782 
 50  770 
 50  749 
 50  724 
 50  741 
 50  759 
 50  766 
 50  740 
 50  712 
 50  776 
 50  726 
 50  762 
 50  741 
 50  768 
 50  784 
 50  734 
 50  758 
 50  773 
 50  759 
 50  758 
 50  750 
 50  761 
 50  769 
 50  741 
 50  751 
 50  745 
 50  787 
 50  759 
 50  763 
 50  742 
 50  781 
 50  757 
 50  758 
 50  742 
 50  771 
 50  760 
 50  744 
 50  746 
 50  747 
 50  753 
 50  751 
 50  799 
 50  750 
 50  780 
 50  739 
 50  764 
 50  763 
 50  758 
 50  770 
 50  761 
 50  771 
 50  758 
 50  774 
 50  785 
 50  759 
 50  765 
 50  767 
 50  766 
 50  764 
 50  749 
 50  729 
 50  756 
 50  755 
 50  734 
 50  737 
 50  775 
 50  788 
 50  761 
 50  740 
 50  754 
 50  766 
 50  759 
 50  745 
 50  757 
 50  757 
 50  757 
 50  773 
 50  769 
 50  751 
 50  760 
 50  779 
 50  760 
 50  750 
 50  766 
 50  735 
 50  749 
 50  729 
 50  760 
 50  754 
 50  773 
 50  731 
 50  730 
 50  713 
 50  742 
 50  719 
 50  735 
 50  763 
 50  742 
 50  780 
 50  755 
 50  767 
 50  766 
 50  737 
 50  729 
 50  728 
 50  797 
 50  746 
 50  769 
 50  748 
 50  727 
 50  776 
 50  718 
 50  767 
 50  762 
 50  760 
 50  765 
 50  774 
 50  784 
 50  781 
 50  760 
 50  752 
 50  748 
 50  732 
 50  750 
 50  755 
 50  746 
 50  757 
 50  738 
 50  768 
 50  765 
 50  741 
 50  764 
 50  746 
 50  794 
 50  761 
 50  755 
 50  751 
 50  776 
 50  749 
 50  755 
 50  752 
 50  779 
 50  737 
 50  748 
 50  753 
 50  759 
 50  786 
 50  744 
 50  757 
 50  769 
 50  768 
 50  766 
 50  725 
 50  763 
 50  756 
 50  777 
 50  760 
 50  740 
 50  764 
 50  738 
 50  732 
 50  780 
 50  770 
 50  749 
 50  763 
 50  769 
 50  778 
 50  753 
 50  777 
 50  750 
 50  750 
 50  797 
 50  740 
 50  757 
 50  733 
 50  745 
 50  776 
 50  743 
 50  740 
 50  764 
 50  772 
 50  748 
 50  744 
 50  751 
 50  755 
 50  767 
 50  758 
 50  778 
 50  780 
 50  780 
 50  760 
 50  726 
 50  732 
 50  779 
 50  778 
 50  759 
 50  766 
 50  774 
 50  754 
 50  768 
 50  753 
 50  746 
 50  751 
 50  756 
 50  762 
 50  768 
 50  770 
 50  728 
 50  770 
 50  742 
 50  790 
 50  750 
 50  739 
 50  769 
 50  753 
 50  755 
 50  800 
 50  760 
 50  731 
 50  765 
 50  779 
 50  758 
 50  772 
 50  744 
 50  761 
 50  752 
 50  762 
 50  747 
 50  730 
 50  748 
 50  720 
 50  758 
 50  739 
 50  780 
 50  743 
 50  760 
 50  766 
 50  732 
 50  770 
 50  742 
 50  782 
 50  765 
 50  798 
 50  779 
 50  743 
 50  745 
 50  754 
 50  732 
 50  746 
 50  784 
 50  752 
 50  746 
 50  754 
 50  720 
 50  783 
 50  756 
 50  795 
 50  744 
 50  723 
 50  777 
 50  748 
 50  737 
 50  746 
 50  759 
 50  770 
 50  754 
 50  779 
 50  735 
 50  742 
 50  733 
 50  746 
 50  766 
 50  731 
 50  752 
 50  776 
 50  744 
 50  745 
 50  760 
 50  735 
 50  750 
 50  766 
 50  760 
 50  727 
 50  750 
 50  772 
 50  779 
 50  759 
 50  791 
 50  760 
 50  780 
 50  754 
 50  725 
 50  774 
 50  754 
 50  768 
 50  737 
 50  754 
 50  744 
 50  744 
 50  766 
 50  762 
 50  778 
 50  770 
 50  801 
 50  754 
 50  762 
 50  746 
 50  757 
 50  749 
 50  740 
 50  726 
 50  768 
 50  729 
 50  767 
 50  779 
 50  744 
 50  773 
 50  754 
 50  766 
 50  741 
 50  745 
 50  756 
 50  744 
 50  750 
 50  762 
 50  757 
 50  782 
 50  770 
 50  730 
 50  754 
 50  757 
 50  755 
 50  763 
 50  781 
 50  750 
 50  750 
 50  749 
 50  762 
 50  767 
 50  742 
 50  784 
 50  763 
 50  743 
 50  756 
 50  757 
 50  766 
 50  760 
 50  754 
 50  764 
 50  777 
 50  768 
 50  746 
 50  743 
 50  774 
 50  767 
 50  768 
 50  762 
 50  732 
 50  758 
 50  813 
 50  776 
 50  763 
 50  758 
 50  767 
 50  733 
 50  763 
 50  743 
 50  753 
 50  768 
 50  765 
 50  773 
 50  761 
 50  742 
 50  762 
 50  728 
 50  777 
 50  783 
 50  762 
 50  739 
 50  752 
 50  732 
 50  755 
 50  793 
 50  761 
 50  759 
 50  781 
 50  780 
 50  762 
 50  746 
 50  756 
 50  775 
 50  731 
 50  723 
 50  791 
 50  740 
 50  763 
 50  770 
 50  737 
 50  747 
 50  727 
 50  741 
 50  736 
 50  753 
 50  798 
 50  780 
 50  755 
 50  749 
 50  783 
 50  804 
 50  781 
 50  770 
 50  752 
 50  762 
 50  749 
 50  756 
 50  786 
 50  782 
 50  788 
 50  754 
 50  754 
 50  766 
 50  743 
 50  767 
 50  757 
 50  761 
 50  787 
 50  789 
 50  783 
 50  789 
 50  755 
 50  789 
 50  751 
 50  743 
 50  755 
 50  763 
 50  777 
 50  761 
 50  736 
 50  771 
 50  756 
 50  757 
 50  747 
 50  736 
 50  765 
 50  753 
 50  748 
 50  756 
 50  746 
 50  734 
 50  762 
 50  717 
 50  778 
 50  782 
 50  758 
 50  762 
 50  765 
 50  772 
 50  772 
 50  761 
 50  772 
 50  724 
 50  762 
 50  764 
 50  757 
 50  734 
 50  749 
 50  759 
 50  779 
 50  776 
 50  760 
 50  751 
 50  780 
 50  783 
 50  774 
 50  766 
 50  775 
 50  750 
 50  800 
 50  758 
 50  751 
 50  783 
 50  766 
 50  730 
 50  731 
 50  736 
 50  773 
 50  739 
 50  735 
 50  731 
 50  759 
 50  756 
 50  767 
 50  753 
 50  751 
 50  763 
 50  732 
 50  758 
 50  771 
 50  749 
 50  739 
 50  726 
 50  748 
 50  747 
 50  752 
 50  751 
 50  752 
 50  764 
 50  740 
 50  742 
 50  748 
 50  759 
 50  748 
 50  751 
 50  764 
 50  797 
 50  761 
 50  748 
 50  771 
 50  789 
 50  754 
 50  762 
 50  771 
 50  764 
 50  775 
 50  755 
 50  779 
 50  779 
 50  788 
 50  776 
 50  741 
 50  774 
 50  767 
 50  741 
 50  725 
 50  778 
 50  794 
 50  753 
 50  746 
 50  736 
 50  746 
 50  737 
 50  778 
 50  738 
 50  741 
 50  756 
 50  780 
 50  779 
 50  762 
 50  761 
 50  772 
 50  767 
 50  726 
 50  779 
 50  777 
 50  759 
 50  731 
 50  768 
 50  761 
 50  743 
 50  795 
 50  741 
 50  739 
 50  749 
 50  753 
 50  723 
 50  767 
 50  773 
 50  742 
 50  746 
 50  778 
 50  772 
 50  757 
 50  761 
 50  800 
 50  738 
 50  767 
 50  778 
 50  765 
 50  755 
 50  772 
 50  765 
 50  758 
 50  772 
 50  730 
 50  751 
 50  730 
 50  766 
 50  748 
 50  745 
 50  760 
 50  769 
 50  777 
 50  752 
 50  770 
 50  762 
 50  764 
 50  777 
 50  737 
 50  790 
 50  776 
 50  792 
 50  765 
 50  776 
 50  747 
 50  758 
 50  736 
 50  767 
 50  758 
 50  770 
 50  764 
 50  748 
 50  753 
 50  764 
 50  766 
 50  763 
 50  777 
 50  758 
 50  762 
 50  748 
 50  737 
 50  763 
 50  760 
 50  732 
 50  769 
 50  745 
 50  754 
 50  758 
 50  777 
 50  751 
 50  776 
 50  766 
 50  745 
 50  760 
 50  742 
 50  745 
 50  749 
 50  775 
 50  742 
 50  744 
 50  773 
 50  753 
 50  756 
 50  737 
 50  729 
 50  752 
 50  783 
 50  760 
 50  764 
 50  772 
 50  736 
 50  777 
 50  739 
 50  736 
 50  743 
 50  750 
 50  759 
 50  753 
 50  767 
 50  744 
 50  785 
 50  757 
 50  761 
 50  730 
 50  765 
 50  754 
 50  800 
 50  745 
 50  750 
 50  746 
 50  748 
 50  771 
 50  784 
 50  733 
 50  744 
 50  748 
 50  767 
 50  748 
 50  769 
 50  768 
 50  762 
 50  794 
 50  752 
 50  774 
 50  756 
 50  745 
 50  770 
 50  752 
 50  758 
 50  787 
 50  762 
 50  745 
 50  733 
 50  782 
 50  758 
 50  772 
 50  753 
 50  744 
 50  765 
 50  761 
 50  739 
 50  755 
 50  763 
 50  758 
 50  762 
 50  751 
 50  742 
 50  756 
 50  783 
 50  753 
 50  747 
 50  764 
 50  742 
 50  744 
 50  769 
 50  782 
 50  789 
 50  743 
 50  769 
 50  756 
 50  754 
 50  760 
 50  791 
 50  751 
 50  737 
 50  753 
 50  770 
 50  748 
 50  775 
 50  744 
 50  771 
 50  780 
 50  772 
 50  746 
 50  746 
 50  775 
 50  760 
 50  746 
 50  753 
 50  746 
 50  721 
 50  780 
 50  771 
 50  751 
 50  766 
 50  786 
 50  767 
 50  763 
 50  772 
 50  730 
 50  755 
 50  734 
 50  744 
 50  755 
 50  770 
 50  782 
 50  766 
 50  756 
 50  743 
 50  756 
 50  778 
 50  765 
 50  727 
 50  758 
 50  748 
 50  769 
 50  742 
 50  748 
 50  760 
 50  787 
 50  751 
 50  754 
 50  752 
 50  752 
 50  764 
 50  756 
 50  759 
 50  763 
 50  775 
 50  752 
 50  730 
 50  738 
 50  739 
 50  769 
 50  756 
 50  774 
 50  727 
 50  795 
 50  758 
 50  769 
 50  761 
 50  786 
 50  765 
 50  736 
 50  738 
 50  749 
 50  740 
 50  770 
 50  781 
 50  767 
 50  747 
 50  752 
 50  806 
 50  748 
 50  752 
 50  759 
 50  737 
 50  726 
 50  766 
 50  728 
 50  754 
 50  766 
 50  754 
 50  784 
 50  751 
 50  756 
 50  769 
 50  757 
 50  758 
 50  758 
 50  744 
 50  761 
 50  755 
 50  783 
 50  764 
 50  727 
 50  728 
 50  754 
 50  753 
 50  727 
 50  755 
 50  736 
 50  754 
 50  739 
 50  766 
 50  753 
 50  766 
 50  760 
 50  723 
 50  772 
 50  752 
 50  756 
 50  758 
 50  751 
 50  748 
 50  763 
 50  742 
 50  771 
 50  765 
 50  770 
 50  759 
 50  783 
 50  761 
 50  772 
 50  772 
 50  758 
 50  773 
 50  741 
 50  751 
 50  794 
 50  757 
 50  770 
 50  761 
 50  753 
 50  729 
 50  763 
 50  754 
 50  739 
 50  744 
 50  753 
 50  745 
 50  762 
 50  763 
 50  761 
 50  775 
 50  768 
 50  764 
 50  760 
 50  767 
 50  740 
 50  766 
 50  750 
 50  755 
 50  723 
 50  748 
 50  748 
 50  760 
 50  780 
 50  785 
 50  742 
 50  767 
 50  771 
 50  761 
 50  736 
 50  752 
 50  768 
 50  750 
 50  751 
 50  777 
 50  747 
 50  760 
 50  713 
 50  763 
 50  782 
 50  736 
 50  762 
 50  741 
 50  779 
 50  798 
 50  792 
 50  738 
 50  749 
 50  756 
 50  751 
 50  751 
 50  762 
 50  729 
 50  757 
 50  761 
 50  763 
 50  783 
 50  760 
 50  780 
 50  745 
 50  755 
 50  760 
 50  770 
 51  788 
 51  793 
 51  771 
 51  774 
 51  754 
 51  776 
 51  796 
 51  804 
 51  778 
 51  764 
 51  793 
 51  790 
 51  769 
 51  746 
 51  776 
 51  769 
 51  757 
 51  781 
 51  765 
 51  746 
 51  767 
 51  756 
 51  769 
 51  749 
 51  766 
 51  779 
 51  730 
 51  762 
 51  719 
 51  764 
 51  750 
 51  756 
 51  742 
 51  749 
 51  758 
 51  780 
 51  779 
 51  780 
 51  764 
 51  776 
 51  758 
 51  748 
 51  753 
 51  762 
 51  741 
 51  748 
 51  772 
 51  781 
 51  759 
 51  766 
 51  762 
 51  743 
 51  765 
 51  776 
 51  770 
 51  757 
 51  788 
 51  739 
 51  758 
 51  743 
 51  763 
 51  779 
 51  731 
 51  769 
 51  778 
 51  761 
 51  757 
 51  743 
 51  754 
 51  759 
 51  751 
 51  781 
 51  769 
 51  748 
 51  774 
 51  771 
 51  748 
 51  775 
 51  782 
 51  751 
 51  763 
 51  774 
 51  763 
 51  787 
 51  762 
 51  771 
 51  742 
 51  767 
 51  742 
 51  739 
 51  806 
 51  754 
 51  781 
 51  749 
 51  754 
 51  766 
 51  781 
 51  757 
 51  733 
 51  733 
 51  761 
 51  772 
 51  760 
 51  761 
 51  772 
 51  776 
 51  755 
 51  783 
 51  753 
 51  760 
 51  752 
 51  779 
 51  766 
 51  780 
 51  749 
 51  796 
 51  755 
 51  759 
 51  747 
 51  762 
 51  776 
 51  757 
 51  743 
 51  769 
 51  813 
 51  756 
 51  740 
 51  789 
 51  774 
 51  770 
 51  776 
 51  785 
 51  768 
 51  784 
 51  777 
 51  762 
 51  794 
 51  760 
 51  764 
 51  772 
 51  752 
 51  767 
 51  777 
 51  759 
 51  772 
 51  788 
 51  732 
 51  773 
 51  763 
 51  749 
 51  768 
 51  755 
 51  779 
 51  795 
 51  773 
 51  737 
 51  780 
 51  757 
 51  771 
 51  757 
 51  756 
 51  780 
 51  770 
 51  796 
 51  753 
 51  782 
 51  778 
 51  788 
 51  738 
 51  792 
 51  756 
 51  769 
 51  750 
 51  787 
 51  769 
 51  757 
 51  764 
 51  763 
 51  746 
 51  767 
 51  785 
 51  751 
 51  744 
 51  787 
 51  762 
 51  742 
 51  744 
 51  775 
 51  756 
 51  766 
 51  760 
 51  778 
 51  807 
 51  731 
 51  755 
 51  768 
 51  759 
 51  763 
 51  797 
 51  753 
 51  775 
 51  775 
 51  742 
 51  753 
 51  760 
 51  751 
 51  766 
 51  753 
 51  746 
 51  751 
 51  754 
 51  763 
 51  740 
 51  753 
 51  724 
 51  770 
 51  782 
 51  782 
 51  801 
 51  736 
 51  761 
 51  782 
 51  786 
 51  732 
 51  763 
 51  748 
 51  787 
 51  783 
 51  766 
 51  770 
 51  763 
 51  784 
 51  761 
 51  771 
 51  759 
 51  761 
 51  756 
 51  748 
 51  795 
 51  765 
 51  769 
 51  773 
 51  776 
 51  774 
 51  760 
 51  773 
 51  789 
 51  752 
 51  770 
 51  771 
 51  753 
 51  743 
 51  775 
 51  790 
 51  788 
 51  754 
 51  760 
 51  726 
 51  772 
 51  755 
 51  769 
 51  773 
 51  770 
 51  774 
 51  765 
 51  770 
 51  770 
 51  757 
 51  783 
 51  754 
 51  730 
 51  789 
 51  774 
 51  798 
 51  745 
 51  782 
 51  757 
 51  786 
 51  771 
 51  788 
 51  763 
 51  753 
 51  783 
 51  764 
 51  767 
 51  765 
 51  781 
 51  774 
 51  739 
 51  778 
 51  775 
 51  766 
 51  791 
 51  762 
 51  779 
 51  782 
 51  754 
 51  747 
 51  763 
 51  813 
 51  760 
 51  767 
 51  767 
 51  764 
 51  769 
 51  783 
 51  746 
 51  739 
 51  758 
 51  795 
 51  758 
 51  771 
 51  782 
 51  760 
 51  759 
 51  738 
 51  780 
 51  802 
 51  761 
 51  775 
 51  786 
 51  747 
 51  790 
 51  749 
 51  784 
 51  762 
 51  788 
 51  773 
 51  767 
 51  790 
 51  758 
 51  784 
 51  755 
 51  779 
 51  772 
 51  747 
 51  774 
 51  750 
 51  732 
 51  785 
 51  737 
 51  776 
 51  756 
 51  751 
 51  776 
 51  767 
 51  763 
 51  782 
 51  739 
 51  736 
 51  774 
 51  739 
 51  762 
 51  752 
 51  756 
 51  739 
 51  760 
 51  720 
 51  774 
 51  760 
 51  746 
 51  758 
 51  735 
 51  747 
 51  771 
 51  733 
 51  784 
 51  755 
 51  753 
 51  748 
 51  747 
 51  795 
 51  737 
 51  737 
 51  756 
 51  747 
 51  762 
 51  766 
 51  768 
 51  767 
 51  784 
 51  773 
 51  752 
 51  759 
 51  777 
 51  786 
 51  745 
 51  761 
 51  773 
 51  775 
 51  777 
 51  765 
 51  766 
 51  729 
 51  760 
 51  775 
 51  776 
 51  776 
 51  768 
 51  765 
 51  757 
 51  788 
 51  761 
 51  823 
 51  750 
 51  751 
 51  771 
 51  754 
 51  778 
 51  768 
 51  742 
 51  747 
 51  808 
 51  778 
 51  769 
 51  757 
 51  769 
 51  745 
 51  758 
 51  786 
 51  732 
 51  778 
 51  770 
 51  769 
 51  753 
 51  758 
 51  764 
 51  733 
 51  770 
 51  791 
 51  758 
 51  768 
 51  783 
 51  767 
 51  767 
 51  787 
 51  761 
 51  781 
 51  775 
 51  767 
 51  762 
 51  783 
 51  756 
 51  783 
 51  785 
 51  774 
 51  794 
 51  788 
 51  749 
 51  755 
 51  768 
 51  756 
 51  777 
 51  769 
 51  796 
 51  761 
 51  756 
 51  761 
 51  780 
 51  772 
 51  770 
 51  783 
 51  751 
 51  765 
 51  765 
 51  783 
 51  759 
 51  767 
 51  779 
 51  758 
 51  770 
 51  748 
 51  787 
 51  783 
 51  747 
 51  766 
 51  791 
 51  747 
 51  746 
 51  784 
 51  745 
 51  765 
 51  768 
 51  777 
 51  759 
 51  763 
 51  780 
 51  763 
 51  771 
 51  768 
 51  753 
 51  763 
 51  799 
 51  718 
 51  759 
 51  782 
 51  758 
 51  794 
 51  753 
 51  785 
 51  787 
 51  779 
 51  756 
 51  761 
 51  806 
 51  727 
 51  773 
 51  745 
 51  759 
 51  759 
 51  765 
 51  770 
 51  747 
 51  729 
 51  756 
 51  773 
 51  763 
 51  766 
 51  762 
 51  766 
 51  746 
 51  755 
 51  745 
 51  753 
 51  782 
 51  770 
 51  786 
 51  768 
 51  778 
 51  757 
 51  791 
 51  772 
 51  768 
 51  784 
 51  756 
 51  789 
 51  786 
 51  771 
 51  777 
 51  750 
 51  749 
 51  797 
 51  779 
 51  764 
 51  790 
 51  776 
 51  768 
 51  748 
 51  776 
 51  808 
 51  761 
 51  762 
 51  782 
 51  742 
 51  760 
 51  735 
 51  801 
 51  755 
 51  753 
 51  776 
 51  785 
 51  755 
 51  741 
 51  741 
 51  759 
 51  762 
 51  751 
 51  748 
 51  788 
 51  800 
 51  755 
 51  761 
 51  721 
 51  777 
 51  740 
 51  763 
 51  744 
 51  773 
 51  778 
 51  759 
 51  777 
 51  786 
 51  753 
 51  771 
 51  755 
 51  742 
 51  757 
 51  775 
 51  775 
 51  749 
 51  767 
 51  771 
 51  783 
 51  754 
 51  738 
 51  760 
 51  743 
 51  771 
 51  754 
 51  773 
 51  738 
 51  749 
 51  762 
 51  761 
 51  776 
 51  796 
 51  750 
 51  760 
 51  773 
 51  757 
 51  767 
 51  781 
 51  777 
 51  753 
 51  741 
 51  772 
 51  762 
 51  731 
 51  785 
 51  785 
 51  751 
 51  730 
 51  774 
 51  777 
 51  763 
 51  773 
 51  772 
 51  761 
 51  780 
 51  772 
 51  754 
 51  778 
 51  760 
 51  766 
 51  745 
 51  776 
 51  759 
 51  749 
 51  783 
 51  773 
 51  753 
 51  773 
 51  738 
 51  767 
 51  766 
 51  762 
 51  753 
 51  762 
 51  768 
 51  764 
 51  763 
 51  766 
 51  773 
 51  746 
 51  768 
 51  794 
 51  756 
 51  759 
 51  770 
 51  761 
 51  764 
 51  775 
 51  784 
 51  763 
 51  753 
 51  740 
 51  770 
 51  764 
 51  753 
 51  751 
 51  783 
 51  711 
 51  758 
 51  786 
 51  720 
 51  750 
 51  762 
 51  747 
 51  766 
 51  770 
 51  784 
 51  748 
 51  761 
 51  739 
 51  797 
 51  765 
 51  757 
 51  773 
 51  751 
 51  770 
 51  754 
 51  782 
 51  748 
 51  747 
 51  762 
 51  761 
 51  776 
 51  760 
 51  781 
 51  762 
 51  824 
 51  759 
 51  771 
 51  755 
 51  764 
 51  761 
 51  761 
 51  769 
 51  778 
 51  769 
 51  784 
 51  751 
 51  783 
 51  759 
 51  750 
 51  764 
 51  728 
 51  755 
 51  776 
 51  779 
 51  747 
 51  744 
 51  788 
 51  777 
 51  745 
 51  806 
 51  763 
 51  746 
 51  742 
 51  762 
 51  793 
 51  809 
 51  795 
 51  733 
 51  759 
 51  758 
 51  784 
 51  752 
 51  753 
 51  773 
 51  752 
 51  760 
 51  762 
 51  782 
 51  749 
 51  779 
 51  752 
 51  742 
 51  787 
 51  776 
 51  768 
 51  776 
 51  772 
 51  762 
 51  738 
 51  756 
 51  747 
 51  771 
 51  738 
 51  809 
 51  752 
 51  764 
 51  781 
 51  755 
 51  768 
 51  746 
 51  754 
 51  785 
 51  741 
 51  762 
 51  777 
 51  779 
 51  766 
 51  765 
 51  760 
 51  772 
 51  760 
 51  754 
 51  766 
 51  767 
 51  784 
 51  796 
 51  770 
 51  760 
 51  761 
 51  772 
 51  781 
 51  752 
 51  774 
 51  788 
 51  812 
 51  765 
 51  791 
 51  767 
 51  761 
 51  768 
 51  752 
 51  769 
 51  778 
 51  770 
 51  762 
 51  761 
 51  730 
 51  763 
 51  772 
 51  788 
 51  744 
 51  761 
 51  808 
 51  790 
 51  762 
 51  761 
 51  752 
 51  760 
 51  776 
 51  780 
 51  767 
 51  769 
 51  764 
 51  749 
 51  769 
 51  786 
 51  757 
 51  783 
 51  755 
 51  794 
 51  749 
 51  732 
 51  745 
 51  774 
 51  749 
 51  784 
 51  775 
 51  769 
 51  759 
 51  746 
 51  759 
 51  749 
 51  770 
 51  771 
 51  747 
 51  746 
 51  768 
 51  739 
 51  783 
 51  730 
 51  746 
 51  736 
 51  775 
 51  768 
 51  745 
 51  748 
 51  761 
 51  748 
 51  768 
 51  777 
 51  805 
 51  754 
 51  756 
 51  782 
 51  787 
 51  745 
 51  744 
 51  767 
 51  756 
 51  791 
 51  789 
 51  729 
 51  770 
 51  774 
 51  751 
 51  800 
 51  769 
 51  783 
 51  751 
 51  775 
 51  752 
 51  764 
 51  792 
 51  742 
 51  755 
 51  779 
 51  759 
 51  764 
 51  790 
 51  756 
 51  747 
 51  763 
 51  745 
 51  729 
 51  783 
 51  789 
 51  760 
 51  762 
 51  763 
 51  776 
 51  741 
 51  754 
 51  759 
 51  741 
 51  775 
 51  749 
 51  778 
 51  745 
 51  786 
 51  778 
 51  752 
 51  763 
 51  796 
 51  769 
 51  787 
 51  744 
 51  774 
 51  746 
 51  771 
 51  766 
 51  773 
 51  788 
 51  771 
 51  771 
 51  787 
 51  788 
 51  768 
 51  750 
 51  780 
 51  797 
 51  758 
 51  748 
 51  769 
 51  767 
 51  771 
 51  761 
 51  784 
 51  772 
 51  785 
 51  754 
 51  781 
 51  758 
 51  757 
 51  782 
 51  764 
 51  755 
 51  746 
 51  774 
 51  746 
 51  761 
 51  756 
 51  744 
 51  765 
 51  787 
 51  769 
 51  764 
 51  776 
 51  770 
 51  741 
 51  777 
 51  757 
 51  745 
 51  754 
 51  778 
 51  776 
 51  767 
 51  786 
 51  793 
 51  749 
 51  788 
 51  764 
 51  796 
 51  749 
 51  777 
 51  743 
 51  778 
 51  764 
 51  765 
 51  763 
 51  762 
 51  799 
 51  775 
 52  785 
 52  767 
 52  755 
 52  780 
 52  795 
 52  777 
 52  793 
 52  750 
 52  766 
 52  781 
 52  786 
 52  789 
 52  799 
 52  741 
 52  762 
 52  790 
 52  766 
 52  766 
 52  777 
 52  775 
 52  779 
 52  766 
 52  758 
 52  766 
 52  765 
 52  777 
 52  791 
 52  765 
 52  783 
 52  774 
 52  760 
 52  789 
 52  765 
 52  781 
 52  785 
 52  761 
 52  798 
 52  791 
 52  767 
 52  809 
 52  760 
 52  780 
 52  758 
 52  774 
 52  797 
 52  762 
 52  771 
 52  762 
 52  786 
 52  789 
 52  783 
 52  764 
 52  784 
 52  744 
 52  787 
 52  775 
 52  765 
 52  774 
 52  777 
 52  761 
 52  803 
 52  792 
 52  783 
 52  762 
 52  763 
 52  758 
 52  778 
 52  780 
 52  798 
 52  753 
 52  776 
 52  807 
 52  767 
 52  784 
 52  762 
 52  805 
 52  768 
 52  789 
 52  772 
 52  774 
 52  761 
 52  752 
 52  780 
 52  771 
 52  755 
 52  752 
 52  766 
 52  766 
 52  788 
 52  748 
 52  761 
 52  774 
 52  792 
 52  805 
 52  785 
 52  803 
 52  761 
 52  775 
 52  807 
 52  788 
 52  742 
 52  790 
 52  797 
 52  792 
 52  801 
 52  789 
 52  775 
 52  759 
 52  771 
 52  767 
 52  797 
 52  814 
 52  769 
 52  756 
 52  779 
 52  790 
 52  766 
 52  755 
 52  782 
 52  755 
 52  758 
 52  766 
 52  786 
 52  774 
 52  803 
 52  763 
 52  783 
 52  771 
 52  770 
 52  783 
 52  793 
 52  778 
 52  758 
 52  805 
 52  796 
 52  786 
 52  818 
 52  796 
 52  765 
 52  779 
 52  795 
 52  773 
 52  749 
 52  768 
 52  803 
 52  749 
 52  790 
 52  784 
 52  756 
 52  762 
 52  782 
 52  782 
 52  764 
 52  749 
 52  800 
 52  755 
 52  783 
 52  782 
 52  755 
 52  775 
 52  774 
 52  757 
 52  759 
 52  769 
 52  771 
 52  751 
 52  787 
 52  789 
 52  772 
 52  770 
 52  731 
 52  783 
 52  774 
 52  780 
 52  789 
 52  752 
 52  753 
 52  795 
 52  764 
 52  764 
 52  792 
 52  743 
 52  757 
 52  767 
 52  754 
 52  785 
 52  775 
 52  774 
 52  802 
 52  771 
 52  778 
 52  782 
 52  788 
 52  756 
 52  808 
 52  778 
 52  748 
 52  746 
 52  776 
 52  750 
 52  799 
 52  767 
 52  797 
 52  765 
 52  769 
 52  770 
 52  772 
 52  780 
 52  800 
 52  800 
 52  759 
 52  771 
 52  783 
 52  757 
 52  772 
 52  766 
 52  799 
 52  771 
 52  763 
 52  768 
 52  808 
 52  758 
 52  765 
 52  762 
 52  751 
 52  787 
 52  777 
 52  749 
 52  792 
 52  781 
 52  782 
 52  790 
 52  783 
 52  779 
 52  764 
 52  754 
 52  767 
 52  780 
 52  787 
 52  778 
 52  772 
 52  776 
 52  783 
 52  774 
 52  764 
 52  773 
 52  782 
 52  726 
 52  788 
 52  807 
 52  746 
 52  761 
 52  771 
 52  790 
 52  765 
 52  769 
 52  784 
 52  801 
 52  765 
 52  780 
 52  760 
 52  806 
 52  753 
 52  791 
 52  763 
 52  787 
 52  771 
 52  805 
 52  767 
 52  775 
 52  779 
 52  769 
 52  782 
 52  786 
 52  789 
 52  746 
 52  764 
 52  775 
 52  783 
 52  789 
 52  772 
 52  754 
 52  788 
 52  750 
 52  787 
 52  791 
 52  752 
 52  762 
 52  758 
 52  764 
 52  789 
 52  775 
 52  754 
 52  769 
 52  764 
 52  773 
 52  800 
 52  779 
 52  764 
 52  786 
 52  790 
 52  743 
 52  755 
 52  775 
 52  780 
 52  759 
 52  751 
 52  797 
 52  754 
 52  797 
 52  790 
 52  774 
 52  760 
 52  779 
 52  774 
 52  754 
 52  771 
 52  769 
 52  797 
 52  767 
 52  793 
 52  780 
 52  789 
 52  789 
 52  786 
 52  766 
 52  761 
 52  795 
 52  774 
 52  782 
 52  737 
 52  749 
 52  762 
 52  770 
 52  768 
 52  761 
 52  784 
 52  769 
 52  774 
 52  775 
 52  784 
 52  761 
 52  766 
 52  781 
 52  747 
 52  792 
 52  772 
 52  762 
 52  787 
 52  755 
 52  765 
 52  784 
 52  806 
 52  781 
 52  768 
 52  791 
 52  763 
 52  801 
 52  767 
 52  787 
 52  751 
 52  764 
 52  781 
 52  796 
 52  790 
 52  771 
 52  779 
 52  784 
 52  775 
 52  758 
 52  757 
 52  781 
 52  770 
 52  794 
 52  785 
 52  768 
 52  774 
 52  781 
 52  758 
 52  784 
 52  767 
 52  770 
 52  773 
 52  780 
 52  757 
 52  780 
 52  804 
 52  772 
 52  765 
 52  745 
 52  811 
 52  797 
 52  786 
 52  752 
 52  786 
 52  773 
 52  791 
 52  784 
 52  807 
 52  784 
 52  768 
 52  761 
 52  782 
 52  767 
 52  790 
 52  764 
 52  753 
 52  793 
 52  783 
 52  803 
 52  781 
 52  786 
 52  771 
 52  765 
 52  757 
 52  801 
 52  797 
 52  749 
 52  744 
 52  796 
 52  779 
 52  805 
 52  787 
 52  764 
 52  808 
 52  777 
 52  788 
 52  779 
 52  794 
 52  781 
 52  757 
 52  768 
 52  791 
 52  790 
 52  791 
 52  801 
 52  760 
 52  778 
 52  776 
 52  771 
 52  745 
 52  762 
 52  766 
 52  784 
 52  742 
 52  798 
 52  775 
 52  746 
 52  798 
 52  788 
 52  770 
 52  790 
 52  765 
 52  772 
 52  800 
 52  772 
 52  771 
 52  783 
 52  770 
 52  781 
 52  752 
 52  767 
 52  753 
 52  786 
 52  765 
 52  768 
 52  761 
 52  813 
 52  757 
 52  758 
 52  779 
 52  776 
 52  798 
 52  796 
 52  774 
 52  750 
 52  754 
 52  775 
 52  739 
 52  764 
 52  743 
 52  781 
 52  760 
 52  763 
 52  786 
 52  757 
 52  786 
 52  777 
 52  797 
 52  789 
 52  819 
 52  789 
 52  782 
 52  785 
 52  769 
 52  762 
 52  771 
 52  774 
 52  769 
 52  753 
 52  781 
 52  776 
 52  757 
 52  811 
 52  768 
 52  786 
 52  788 
 52  759 
 52  738 
 52  783 
 52  755 
 52  760 
 52  765 
 52  779 
 52  773 
 52  797 
 52  775 
 52  793 
 52  779 
 52  783 
 52  774 
 52  792 
 52  784 
 52  767 
 52  767 
 52  769 
 52  781 
 52  792 
 52  781 
 52  766 
 52  787 
 52  780 
 52  774 
 52  761 
 52  765 
 52  795 
 52  757 
 52  765 
 52  796 
 52  752 
 52  768 
 52  825 
 52  780 
 52  786 
 52  777 
 52  796 
 52  806 
 52  747 
 52  736 
 52  777 
 52  772 
 52  752 
 52  808 
 52  797 
 52  791 
 52  758 
 52  821 
 52  747 
 52  776 
 52  799 
 52  786 
 52  761 
 52  769 
 52  761 
 52  754 
 52  778 
 52  791 
 52  782 
 52  799 
 52  756 
 52  763 
 52  761 
 52  767 
 52  778 
 52  745 
 52  807 
 52  767 
 52  773 
 52  807 
 52  813 
 52  752 
 52  767 
 52  787 
 52  747 
 52  792 
 52  769 
 52  780 
 52  780 
 52  769 
 52  765 
 52  773 
 52  785 
 52  749 
 52  775 
 52  776 
 52  780 
 52  776 
 52  759 
 52  783 
 52  748 
 52  786 
 52  783 
 52  770 
 52  762 
 52  776 
 52  777 
 52  792 
 52  779 
 52  766 
 52  756 
 52  776 
 52  763 
 52  762 
 52  810 
 52  768 
 52  758 
 52  798 
 52  764 
 52  780 
 52  787 
 52  778 
 52  806 
 52  771 
 52  794 
 52  755 
 52  782 
 52  802 
 52  796 
 52  762 
 52  767 
 52  771 
 52  777 
 52  753 
 52  754 
 52  794 
 52  775 
 52  766 
 52  783 
 52  784 
 52  747 
 52  762 
 52  762 
 52  774 
 52  753 
 52  797 
 52  740 
 52  748 
 52  796 
 52  763 
 52  789 
 52  797 
 52  777 
 52  753 
 52  785 
 52  745 
 52  777 
 52  759 
 52  759 
 52  791 
 52  765 
 52  789 
 52  795 
 52  778 
 52  787 
 52  794 
 52  792 
 52  745 
 52  783 
 52  780 
 52  781 
 52  772 
 52  762 
 52  750 
 52  757 
 52  768 
 52  745 
 52  804 
 52  787 
 52  757 
 52  789 
 52  779 
 52  766 
 52  782 
 52  783 
 52  775 
 52  765 
 52  747 
 52  770 
 52  774 
 52  769 
 52  779 
 52  783 
 52  765 
 52  775 
 52  759 
 52  786 
 52  769 
 52  798 
 52  781 
 52  770 
 52  747 
 52  756 
 52  767 
 52  739 
 52  803 
 52  779 
 52  764 
 52  804 
 52  768 
 52  784 
 52  770 
 52  753 
 52  796 
 52  759 
 52  804 
 52  779 
 52  755 
 52  794 
 52  781 
 52  792 
 52  778 
 52  796 
 52  786 
 52  794 
 52  770 
 52  768 
 52  764 
 52  793 
 52  765 
 52  764 
 52  781 
 52  784 
 52  811 
 52  775 
 52  781 
 52  744 
 52  792 
 52  761 
 52  776 
 52  770 
 52  783 
 52  779 
 52  759 
 52  752 
 52  811 
 52  785 
 52  765 
 52  767 
 52  764 
 52  769 
 52  751 
 52  794 
 52  762 
 52  775 
 52  778 
 52  781 
 52  786 
 52  794 
 52  774 
 52  784 
 52  787 
 52  776 
 52  769 
 52  792 
 52  780 
 52  742 
 52  805 
 52  767 
 52  807 
 52  772 
 52  775 
 52  804 
 52  784 
 52  790 
 52  794 
 52  786 
 52  771 
 52  776 
 52  824 
 52  762 
 52  793 
 52  769 
 52  784 
 52  761 
 52  813 
 52  758 
 52  755 
 52  765 
 52  751 
 52  777 
 52  807 
 52  778 
 52  776 
 52  782 
 52  753 
 52  766 
 52  811 
 52  786 
 52  766 
 52  788 
 52  753 
 52  790 
 52  773 
 52  743 
 52  803 
 52  777 
 52  778 
 52  786 
 52  774 
 52  795 
 52  766 
 52  791 
 52  758 
 52  762 
 52  773 
 52  778 
 52  752 
 52  780 
 52  759 
 52  796 
 52  759 
 52  780 
 52  776 
 52  783 
 52  768 
 52  789 
 52  806 
 52  767 
 52  777 
 52  799 
 52  774 
 52  790 
 52  765 
 52  785 
 52  772 
 52  791 
 52  760 
 52  794 
 52  792 
 52  766 
 52  760 
 52  781 
 52  780 
 52  775 
 52  797 
 52  756 
 52  784 
 52  791 
 52  749 
 52  782 
 52  771 
 52  779 
 52  756 
 52  767 
 52  783 
 52  749 
 52  788 
 52  798 
 52  799 
 52  772 
 52  764 
 52  784 
 52  755 
 52  778 
 52  760 
 52  795 
 52  776 
 52  748 
 52  775 
 52  782 
 52  772 
 52  791 
 52  783 
 52  745 
 52  783 
 52  793 
 52  779 
 52  801 
 52  769 
 52  783 
 52  756 
 52  767 
 52  809 
 52  792 
 52  790 
 52  795 
 52  761 
 52  793 
 52  769 
 52  758 
 52  785 
 52  774 
 52  757 
 52  760 
 52  759 
 52  759 
 52  734 
 52  769 
 52  763 
 52  795 
 52  804 
 52  758 
 52  766 
 52  809 
 52  789 
 52  767 
 52  795 
 52  792 
 52  802 
 52  767 
 52  801 
 52  780 
 52  760 
 52  772 
 52  789 
 52  774 
 52  770 
 52  775 
 52  749 
 52  757 
 52  769 
 52  773 
 52  776 
 52  756 
 52  777 
 52  773 
 52  796 
 52  759 
 52  767 
 52  770 
 52  760 
 52  768 
 52  748 
 52  771 
 52  777 
 52  766 
 52  765 
 52  756 
 52  792 
 52  749 
 52  770 
 52  762 
 52  791 
 52  761 
 52  781 
 52  766 
 52  778 
 52  754 
 52  755 
 52  759 
 52  799 
 52  787 
 52  786 
 52  788 
 52  801 
 52  762 
 52  763 
 52  789 
 52  753 
 52  766 
 52  731 
 52  762 
 52  756 
 52  759 
 52  797 
 52  759 
 52  776 
 52  755 
 52  753 
 52  777 
 52  775 
 52  802 
 52  787 
 52  789 
 52  750 
 52  787 
 52  791 
 52  788 
 52  735 
 52  795 
 52  795 
 52  770 
 52  768 
 52  752 
 52  774 
 52  801 
 52  752 
 52  788 
 52  762 
 52  768 
 52  764 
 52  763 
 52  770 
 52  759 
 52  789 
 52  792 
 52  785 
 52  756 
 52  774 
 52  766 
 53  806 
 53  763 
 53  787 
 53  758 
 53  769 
 53  786 
 53  795 
 53  786 
 53  778 
 53  806 
 53  798 
 53  791 
 53  761 
 53  825 
 53  798 
 53  790 
 53  794 
 53  759 
 53  775 
 53  808 
 53  802 
 53  771 
 53  774 
 53  795 
 53  798 
 53  772 
 53  800 
 53  803 
 53  777 
 53  760 
 53  789 
 53  770 
 53  806 
 53  777 
 53  767 
 53  781 
 53  788 
 53  748 
 53  805 
 53  780 
 53  786 
 53  789 
 53  787 
 53  791 
 53  794 
 53  777 
 53  766 
 53  804 
 53  777 
 53  752 
 53  773 
 53  776 
 53  764 
 53  813 
 53  790 
 53  788 
 53  791 
 53  782 
 53  778 
 53  803 
 53  795 
 53  779 
 53  776 
 53  780 
 53  796 
 53  768 
 53  767 
 53  780 
 53  806 
 53  778 
 53  781 
 53  773 
 53  764 
 53  786 
 53  768 
 53  812 
 53  767 
 53  795 
 53  765 
 53  777 
 53  782 
 53  790 
 53  776 
 53  778 
 53  790 
 53  782 
 53  825 
 53  765 
 53  790 
 53  785 
 53  782 
 53  781 
 53  789 
 53  770 
 53  786 
 53  763 
 53  794 
 53  769 
 53  784 
 53  778 
 53  789 
 53  772 
 53  804 
 53  787 
 53  783 
 53  794 
 53  743 
 53  771 
 53  792 
 53  778 
 53  766 
 53  786 
 53  775 
 53  797 
 53  803 
 53  772 
 53  764 
 53  806 
 53  811 
 53  777 
 53  772 
 53  811 
 53  773 
 53  760 
 53  795 
 53  759 
 53  780 
 53  771 
 53  784 
 53  811 
 53  785 
 53  784 
 53  750 
 53  787 
 53  750 
 53  780 
 53  788 
 53  761 
 53  804 
 53  788 
 53  772 
 53  801 
 53  787 
 53  756 
 53  783 
 53  757 
 53  811 
 53  770 
 53  792 
 53  781 
 53  778 
 53  786 
 53  787 
 53  768 
 53  767 
 53  789 
 53  772 
 53  788 
 53  767 
 53  807 
 53  791 
 53  785 
 53  778 
 53  788 
 53  794 
 53  766 
 53  772 
 53  750 
 53  779 
 53  789 
 53  775 
 53  766 
 53  763 
 53  800 
 53  782 
 53  796 
 53  795 
 53  774 
 53  767 
 53  793 
 53  777 
 53  776 
 53  779 
 53  790 
 53  771 
 53  809 
 53  775 
 53  792 
 53  773 
 53  779 
 53  791 
 53  820 
 53  820 
 53  769 
 53  801 
 53  794 
 53  775 
 53  825 
 53  779 
 53  741 
 53  789 
 53  799 
 53  767 
 53  783 
 53  773 
 53  801 
 53  778 
 53  799 
 53  773 
 53  763 
 53  780 
 53  801 
 53  764 
 53  788 
 53  797 
 53  793 
 53  790 
 53  788 
 53  777 
 53  757 
 53  780 
 53  802 
 53  781 
 53  785 
 53  773 
 53  812 
 53  783 
 53  789 
 53  760 
 53  768 
 53  786 
 53  776 
 53  769 
 53  772 
 53  782 
 53  768 
 53  795 
 53  760 
 53  763 
 53  799 
 53  803 
 53  739 
 53  787 
 53  747 
 53  785 
 53  791 
 53  796 
 53  782 
 53  789 
 53  783 
 53  778 
 53  806 
 53  783 
 53  768 
 53  788 
 53  763 
 53  771 
 53  789 
 53  782 
 53  762 
 53  774 
 53  730 
 53  774 
 53  807 
 53  762 
 53  776 
 53  789 
 53  785 
 53  791 
 53  767 
 53  804 
 53  757 
 53  777 
 53  761 
 53  804 
 53  794 
 53  781 
 53  792 
 53  801 
 53  768 
 53  735 
 53  785 
 53  784 
 53  794 
 53  793 
 53  782 
 53  765 
 53  810 
 53  794 
 53  796 
 53  771 
 53  779 
 53  764 
 53  776 
 53  780 
 53  785 
 53  820 
 53  769 
 53  764 
 53  778 
 53  799 
 53  806 
 53  783 
 53  748 
 53  812 
 53  796 
 53  759 
 53  778 
 53  764 
 53  786 
 53  809 
 53  785 
 53  787 
 53  771 
 53  791 
 53  803 
 53  768 
 53  774 
 53  801 
 53  823 
 53  800 
 53  755 
 53  788 
 53  781 
 53  774 
 53  772 
 53  763 
 53  768 
 53  775 
 53  772 
 53  769 
 53  786 
 53  772 
 53  770 
 53  783 
 53  776 
 53  781 
 53  825 
 53  769 
 53  767 
 53  772 
 53  751 
 53  780 
 53  803 
 53  780 
 53  800 
 53  777 
 53  787 
 53  766 
 53  755 
 53  796 
 53  780 
 53  788 
 53  810 
 53  790 
 53  766 
 53  773 
 53  780 
 53  758 
 53  785 
 53  786 
 53  788 
 53  775 
 53  797 
 53  808 
 53  759 
 53  758 
 53  793 
 53  776 
 53  793 
 53  788 
 53  773 
 53  778 
 53  787 
 53  807 
 53  791 
 53  778 
 53  824 
 53  797 
 53  760 
 53  759 
 53  792 
 53  752 
 53  780 
 53  786 
 53  771 
 53  804 
 53  763 
 53  791 
 53  773 
 53  791 
 53  794 
 53  782 
 53  794 
 53  812 
 53  798 
 53  793 
 53  804 
 53  772 
 53  803 
 53  784 
 53  787 
 53  788 
 53  789 
 53  783 
 53  791 
 53  789 
 53  800 
 53  792 
 53  767 
 53  799 
 53  763 
 53  774 
 53  756 
 53  773 
 53  789 
 53  776 
 53  762 
 53  786 
 53  797 
 53  780 
 53  783 
 53  783 
 53  796 
 53  777 
 53  750 
 53  780 
 53  791 
 53  759 
 53  785 
 53  799 
 53  785 
 53  819 
 53  786 
 53  782 
 53  789 
 53  800 
 53  789 
 53  776 
 53  805 
 53  795 
 53  771 
 53  772 
 53  763 
 53  776 
 53  794 
 53  783 
 53  776 
 53  783 
 53  773 
 53  772 
 53  784 
 53  756 
 53  786 
 53  757 
 53  795 
 53  790 
 53  786 
 53  770 
 53  768 
 53  775 
 53  786 
 53  777 
 53  811 
 53  790 
 53  764 
 53  805 
 53  782 
 53  768 
 53  768 
 53  786 
 53  787 
 53  774 
 53  793 
 53  763 
 53  787 
 53  764 
 53  741 
 53  760 
 53  758 
 53  787 
 53  801 
 53  772 
 53  765 
 53  763 
 53  770 
 53  807 
 53  797 
 53  782 
 53  791 
 53  761 
 53  796 
 53  788 
 53  815 
 53  800 
 53  795 
 53  777 
 53  793 
 53  788 
 53  762 
 53  762 
 53  795 
 53  804 
 53  749 
 53  745 
 53  775 
 53  801 
 53  776 
 53  761 
 53  786 
 53  777 
 53  749 
 53  772 
 53  743 
 53  787 
 53  763 
 53  761 
 53  807 
 53  780 
 53  785 
 53  779 
 53  760 
 53  783 
 53  793 
 53  786 
 53  772 
 53  767 
 53  773 
 53  796 
 53  792 
 53  797 
 53  775 
 53  787 
 53  799 
 53  802 
 53  793 
 53  803 
 53  759 
 53  796 
 53  789 
 53  793 
 53  746 
 53  771 
 53  801 
 53  785 
 53  754 
 53  757 
 53  782 
 53  791 
 53  754 
 53  784 
 53  791 
 53  776 
 53  754 
 53  779 
 53  782 
 53  754 
 53  799 
 53  758 
 53  771 
 53  772 
 53  788 
 53  781 
 53  812 
 53  790 
 53  771 
 53  781 
 53  790 
 53  770 
 53  783 
 53  778 
 53  811 
 53  798 
 53  798 
 53  761 
 53  751 
 53  758 
 53  768 
 53  766 
 53  813 
 53  768 
 53  780 
 53  776 
 53  763 
 53  768 
 53  791 
 53  755 
 53  785 
 53  761 
 53  773 
 53  798 
 53  783 
 53  778 
 53  765 
 53  812 
 53  787 
 53  743 
 53  793 
 53  771 
 53  760 
 53  763 
 53  777 
 53  823 
 53  779 
 53  781 
 53  749 
 53  799 
 53  786 
 53  799 
 53  785 
 53  808 
 53  780 
 53  779 
 53  784 
 53  805 
 53  779 
 53  773 
 53  800 
 53  785 
 53  802 
 53  778 
 53  753 
 53  794 
 53  794 
 53  784 
 53  804 
 53  772 
 53  800 
 53  778 
 53  805 
 53  769 
 53  750 
 53  781 
 53  747 
 53  765 
 53  750 
 53  785 
 53  785 
 53  770 
 53  780 
 53  821 
 53  766 
 53  801 
 53  778 
 53  774 
 53  765 
 53  762 
 53  796 
 53  771 
 53  774 
 53  808 
 53  771 
 53  801 
 53  799 
 53  785 
 53  783 
 53  788 
 53  782 
 53  799 
 53  785 
 53  800 
 53  746 
 53  816 
 53  788 
 53  779 
 53  777 
 53  790 
 53  765 
 53  775 
 53  775 
 53  794 
 53  781 
 53  789 
 53  782 
 53  809 
 53  783 
 53  785 
 53  790 
 53  769 
 53  788 
 53  786 
 53  790 
 53  770 
 53  765 
 53  797 
 53  771 
 53  778 
 53  781 
 53  777 
 53  749 
 53  791 
 53  772 
 53  772 
 53  819 
 53  752 
 53  788 
 53  792 
 53  800 
 53  793 
 53  767 
 53  786 
 53  844 
 53  752 
 53  779 
 53  778 
 53  777 
 53  766 
 53  774 
 53  805 
 53  789 
 53  796 
 53  782 
 53  751 
 53  781 
 53  807 
 53  785 
 53  735 
 53  766 
 53  762 
 53  773 
 53  830 
 53  774 
 53  791 
 53  792 
 53  791 
 53  768 
 53  761 
 53  773 
 53  782 
 53  776 
 53  789 
 53  786 
 53  767 
 53  789 
 53  781 
 53  765 
 53  760 
 53  768 
 53  776 
 53  798 
 53  789 
 53  759 
 53  787 
 53  774 
 53  807 
 53  782 
 53  797 
 53  781 
 53  777 
 53  756 
 53  783 
 53  776 
 53  795 
 53  778 
 53  777 
 53  796 
 53  770 
 53  800 
 53  758 
 53  746 
 53  785 
 53  768 
 53  781 
 53  775 
 53  782 
 53  750 
 53  791 
 53  837 
 53  791 
 53  785 
 53  783 
 53  762 
 53  780 
 53  774 
 53  773 
 53  765 
 53  787 
 53  783 
 53  792 
 53  773 
 53  767 
 53  770 
 53  761 
 53  775 
 53  787 
 53  801 
 53  774 
 53  771 
 53  791 
 53  781 
 53  776 
 53  794 
 53  799 
 53  800 
 53  770 
 53  811 
 53  790 
 53  788 
 53  771 
 53  783 
 53  794 
 53  794 
 53  768 
 53  782 
 53  819 
 53  794 
 53  781 
 53  780 
 53  765 
 53  762 
 53  764 
 53  805 
 53  789 
 53  793 
 53  769 
 53  777 
 53  789 
 53  801 
 53  777 
 53  758 
 53  750 
 53  787 
 53  777 
 53  759 
 53  770 
 53  783 
 53  757 
 53  767 
 53  731 
 53  763 
 53  787 
 53  795 
 53  797 
 53  765 
 53  780 
 53  787 
 53  759 
 53  802 
 53  781 
 53  798 
 53  805 
 53  784 
 53  777 
 53  781 
 53  757 
 53  780 
 53  783 
 53  765 
 53  804 
 53  793 
 53  792 
 53  754 
 53  771 
 53  762 
 53  801 
 53  768 
 53  757 
 53  784 
 53  776 
 53  759 
 53  795 
 53  777 
 53  777 
 53  766 
 53  799 
 53  759 
 53  788 
 53  818 
 53  803 
 53  767 
 53  753 
 53  765 
 53  803 
 53  786 
 53  791 
 53  825 
 53  809 
 53  780 
 53  804 
 53  759 
 53  793 
 53  761 
 53  752 
 53  802 
 53  772 
 53  773 
 53  752 
 53  796 
 53  809 
 53  790 
 53  779 
 53  782 
 53  794 
 53  753 
 53  800 
 53  751 
 53  772 
 53  763 
 53  749 
 53  767 
 53  769 
 53  779 
 53  795 
 53  802 
 53  785 
 53  786 
 53  768 
 53  766 
 53  813 
 53  763 
 53  769 
 53  775 
 53  765 
 53  779 
 53  776 
 53  765 
 53  780 
 53  771 
 53  784 
 53  782 
 53  791 
 53  800 
 53  792 
 53  802 
 53  808 
 53  782 
 53  771 
 53  790 
 53  768 
 53  789 
 53  787 
 53  793 
 53  782 
 53  777 
 53  804 
 53  791 
 53  775 
 53  761 
 53  781 
 53  777 
 53  793 
 53  782 
 53  775 
 53  793 
 53  779 
 53  778 
 53  755 
 53  772 
 53  771 
 53  768 
 53  777 
 53  781 
 53  767 
 53  795 
 53  790 
 53  774 
 53  791 
 53  784 
 53  749 
 53  797 
 53  796 
 53  762 
 53  780 
 53  783 
 53  777 
 53  816 
 53  762 
 53  764 
 53  771 
 53  777 
 53  807 
 53  795 
 53  804 
 53  812 
 53  790 
 53  768 
 53  808 
 53  791 
 53  776 
 53  790 
 53  782 
 53  794 
 53  802 
 53  772 
 53  758 
 53  758 
 53  776 
 53  775 
 53  770 
 53  782 
 53  769 
 53  764 
 53  777 
 53  774 
 53  758 
 53  779 
 53  801 
 53  785 
 53  784 
 53  779 
 54  750 
 54  799 
 54  791 
 54  754 
 54  795 
 54  777 
 54  749 
 54  802 
 54  789 
 54  805 
 54  769 
 54  810 
 54  791 
 54  797 
 54  796 
 54  770 
 54  773 
 54  763 
 54  789 
 54  790 
 54  790 
 54  810 
 54  783 
 54  780 
 54  805 
 54  783 
 54  817 
 54  770 
 54  782 
 54  781 
 54  794 
 54  784 
 54  790 
 54  762 
 54  801 
 54  776 
 54  770 
 54  805 
 54  774 
 54  793 
 54  799 
 54  784 
 54  792 
 54  787 
 54  811 
 54  793 
 54  823 
 54  785 
 54  798 
 54  814 
 54  777 
 54  768 
 54  764 
 54  796 
 54  808 
 54  793 
 54  783 
 54  791 
 54  780 
 54  795 
 54  775 
 54  791 
 54  786 
 54  776 
 54  786 
 54  756 
 54  789 
 54  783 
 54  755 
 54  797 
 54  787 
 54  829 
 54  771 
 54  803 
 54  782 
 54  802 
 54  801 
 54  787 
 54  763 
 54  768 
 54  802 
 54  773 
 54  759 
 54  766 
 54  783 
 54  777 
 54  811 
 54  777 
 54  783 
 54  766 
 54  782 
 54  760 
 54  805 
 54  789 
 54  792 
 54  759 
 54  774 
 54  795 
 54  782 
 54  764 
 54  786 
 54  788 
 54  842 
 54  804 
 54  791 
 54  771 
 54  762 
 54  801 
 54  786 
 54  773 
 54  769 
 54  773 
 54  784 
 54  785 
 54  790 
 54  781 
 54  802 
 54  804 
 54  816 
 54  783 
 54  775 
 54  762 
 54  774 
 54  784 
 54  791 
 54  780 
 54  767 
 54  789 
 54  797 
 54  794 
 54  788 
 54  797 
 54  813 
 54  789 
 54  768 
 54  773 
 54  754 
 54  777 
 54  800 
 54  768 
 54  795 
 54  814 
 54  759 
 54  772 
 54  804 
 54  775 
 54  781 
 54  806 
 54  785 
 54  795 
 54  784 
 54  801 
 54  800 
 54  802 
 54  814 
 54  789 
 54  804 
 54  813 
 54  795 
 54  787 
 54  774 
 54  769 
 54  792 
 54  789 
 54  798 
 54  793 
 54  777 
 54  757 
 54  800 
 54  805 
 54  773 
 54  817 
 54  782 
 54  820 
 54  798 
 54  778 
 54  812 
 54  761 
 54  794 
 54  808 
 54  777 
 54  817 
 54  801 
 54  770 
 54  803 
 54  772 
 54  786 
 54  781 
 54  775 
 54  776 
 54  820 
 54  770 
 54  803 
 54  783 
 54  802 
 54  792 
 54  789 
 54  777 
 54  773 
 54  790 
 54  764 
 54  787 
 54  763 
 54  764 
 54  806 
 54  782 
 54  798 
 54  813 
 54  780 
 54  785 
 54  781 
 54  772 
 54  796 
 54  814 
 54  795 
 54  781 
 54  808 
 54  770 
 54  801 
 54  773 
 54  784 
 54  784 
 54  813 
 54  779 
 54  786 
 54  783 
 54  780 
 54  774 
 54  783 
 54  784 
 54  803 
 54  755 
 54  788 
 54  757 
 54  780 
 54  788 
 54  800 
 54  800 
 54  807 
 54  790 
 54  758 
 54  795 
 54  813 
 54  790 
 54  804 
 54  796 
 54  837 
 54  804 
 54  794 
 54  771 
 54  776 
 54  803 
 54  764 
 54  776 
 54  800 
 54  800 
 54  788 
 54  784 
 54  774 
 54  738 
 54  774 
 54  808 
 54  792 
 54  812 
 54  751 
 54  765 
 54  794 
 54  785 
 54  778 
 54  794 
 54  763 
 54  787 
 54  766 
 54  762 
 54  796 
 54  788 
 54  812 
 54  800 
 54  808 
 54  788 
 54  782 
 54  828 
 54  775 
 54  786 
 54  763 
 54  784 
 54  781 
 54  754 
 54  774 
 54  773 
 54  804 
 54  759 
 54  823 
 54  805 
 54  782 
 54  814 
 54  759 
 54  782 
 54  780 
 54  787 
 54  779 
 54  801 
 54  798 
 54  770 
 54  772 
 54  805 
 54  739 
 54  792 
 54  797 
 54  785 
 54  791 
 54  794 
 54  810 
 54  797 
 54  799 
 54  736 
 54  789 
 54  786 
 54  790 
 54  803 
 54  806 
 54  774 
 54  809 
 54  772 
 54  792 
 54  806 
 54  804 
 54  773 
 54  788 
 54  788 
 54  794 
 54  785 
 54  805 
 54  769 
 54  804 
 54  787 
 54  787 
 54  786 
 54  801 
 54  786 
 54  786 
 54  757 
 54  754 
 54  797 
 54  801 
 54  797 
 54  789 
 54  779 
 54  777 
 54  783 
 54  789 
 54  780 
 54  800 
 54  800 
 54  758 
 54  819 
 54  825 
 54  788 
 54  794 
 54  787 
 54  785 
 54  784 
 54  815 
 54  785 
 54  786 
 54  772 
 54  769 
 54  799 
 54  783 
 54  806 
 54  813 
 54  778 
 54  771 
 54  773 
 54  800 
 54  767 
 54  773 
 54  791 
 54  814 
 54  789 
 54  793 
 54  783 
 54  794 
 54  810 
 54  789 
 54  812 
 54  796 
 54  792 
 54  775 
 54  754 
 54  765 
 54  776 
 54  775 
 54  801 
 54  779 
 54  796 
 54  784 
 54  782 
 54  795 
 54  785 
 54  777 
 54  787 
 54  799 
 54  801 
 54  783 
 54  766 
 54  773 
 54  792 
 54  799 
 54  788 
 54  779 
 54  773 
 54  762 
 54  773 
 54  790 
 54  790 
 54  783 
 54  791 
 54  794 
 54  767 
 54  766 
 54  812 
 54  771 
 54  784 
 54  782 
 54  785 
 54  762 
 54  794 
 54  791 
 54  801 
 54  808 
 54  765 
 54  799 
 54  804 
 54  787 
 54  812 
 54  803 
 54  793 
 54  791 
 54  793 
 54  810 
 54  798 
 54  775 
 54  797 
 54  804 
 54  757 
 54  771 
 54  784 
 54  780 
 54  767 
 54  757 
 54  780 
 54  793 
 54  789 
 54  797 
 54  769 
 54  802 
 54  787 
 54  801 
 54  769 
 54  786 
 54  816 
 54  779 
 54  794 
 54  795 
 54  806 
 54  798 
 54  800 
 54  780 
 54  776 
 54  777 
 54  769 
 54  807 
 54  793 
 54  798 
 54  797 
 54  815 
 54  813 
 54  773 
 54  777 
 54  779 
 54  796 
 54  787 
 54  816 
 54  778 
 54  779 
 54  793 
 54  752 
 54  780 
 54  792 
 54  779 
 54  793 
 54  769 
 54  804 
 54  816 
 54  788 
 54  788 
 54  776 
 54  777 
 54  800 
 54  791 
 54  794 
 54  767 
 54  788 
 54  812 
 54  766 
 54  795 
 54  781 
 54  780 
 54  748 
 54  758 
 54  781 
 54  811 
 54  768 
 54  778 
 54  798 
 54  746 
 54  792 
 54  787 
 54  809 
 54  787 
 54  786 
 54  778 
 54  763 
 54  791 
 54  763 
 54  790 
 54  806 
 54  775 
 54  798 
 54  783 
 54  782 
 54  792 
 54  803 
 54  809 
 54  799 
 54  773 
 54  804 
 54  780 
 54  778 
 54  789 
 54  796 
 54  775 
 54  772 
 54  773 
 54  770 
 54  770 
 54  768 
 54  820 
 54  781 
 54  795 
 54  802 
 54  777 
 54  771 
 54  798 
 54  783 
 54  776 
 54  794 
 54  793 
 54  770 
 54  805 
 54  806 
 54  770 
 54  774 
 54  785 
 54  820 
 54  824 
 54  809 
 54  776 
 54  769 
 54  791 
 54  802 
 54  778 
 54  780 
 54  801 
 54  786 
 54  801 
 54  788 
 54  808 
 54  784 
 54  799 
 54  779 
 54  773 
 54  807 
 54  805 
 54  775 
 54  795 
 54  783 
 54  783 
 54  763 
 54  813 
 54  784 
 54  802 
 54  768 
 54  778 
 54  771 
 54  777 
 54  823 
 54  795 
 54  785 
 54  812 
 54  768 
 54  774 
 54  771 
 54  785 
 54  819 
 54  785 
 54  801 
 54  804 
 54  773 
 54  797 
 54  768 
 54  768 
 54  764 
 54  756 
 54  808 
 54  780 
 54  808 
 54  787 
 54  798 
 54  817 
 54  777 
 54  808 
 54  781 
 54  806 
 54  775 
 54  790 
 54  808 
 54  758 
 54  773 
 54  791 
 54  809 
 54  779 
 54  803 
 54  778 
 54  798 
 54  789 
 54  776 
 54  801 
 54  806 
 54  808 
 54  772 
 54  767 
 54  759 
 54  804 
 54  784 
 54  806 
 54  780 
 54  776 
 54  793 
 54  787 
 54  775 
 54  774 
 54  783 
 54  777 
 54  790 
 54  797 
 54  760 
 54  786 
 54  782 
 54  758 
 54  758 
 54  800 
 54  793 
 54  782 
 54  766 
 54  780 
 54  787 
 54  812 
 54  756 
 54  793 
 54  788 
 54  808 
 54  771 
 54  788 
 54  760 
 54  764 
 54  820 
 54  782 
 54  776 
 54  798 
 54  801 
 54  772 
 54  771 
 54  788 
 54  765 
 54  789 
 54  802 
 54  776 
 54  762 
 54  799 
 54  787 
 54  796 
 54  767 
 54  792 
 54  797 
 54  798 
 54  778 
 54  768 
 54  809 
 54  775 
 54  746 
 54  807 
 54  781 
 54  809 
 54  788 
 54  786 
 54  767 
 54  790 
 54  808 
 54  829 
 54  773 
 54  780 
 54  779 
 54  793 
 54  830 
 54  791 
 54  805 
 54  785 
 54  762 
 54  798 
 54  778 
 54  790 
 54  786 
 54  771 
 54  781 
 54  771 
 54  792 
 54  780 
 54  758 
 54  782 
 54  794 
 54  773 
 54  787 
 54  795 
 54  789 
 54  791 
 54  784 
 54  787 
 54  803 
 54  767 
 54  781 
 54  788 
 54  801 
 54  785 
 54  800 
 54  803 
 54  776 
 54  780 
 54  793 
 54  768 
 54  800 
 54  780 
 54  780 
 54  794 
 54  762 
 54  784 
 54  781 
 54  766 
 54  791 
 54  779 
 54  793 
 54  773 
 54  769 
 54  747 
 54  781 
 54  765 
 54  784 
 54  790 
 54  798 
 54  766 
 54  797 
 54  803 
 54  790 
 54  777 
 54  782 
 54  787 
 54  753 
 54  800 
 54  773 
 54  783 
 54  768 
 54  794 
 54  816 
 54  760 
 54  806 
 54  776 
 54  795 
 54  771 
 54  796 
 54  805 
 54  785 
 54  802 
 54  782 
 54  791 
 54  788 
 54  777 
 54  790 
 54  798 
 54  815 
 54  792 
 54  804 
 54  814 
 54  802 
 54  817 
 54  790 
 54  774 
 54  783 
 54  776 
 54  795 
 54  777 
 54  815 
 54  772 
 54  809 
 54  779 
 54  779 
 54  807 
 54  782 
 54  774 
 54  811 
 54  773 
 54  782 
 54  777 
 54  793 
 54  774 
 54  786 
 54  823 
 54  775 
 54  785 
 54  799 
 54  773 
 54  783 
 54  779 
 54  789 
 54  810 
 54  787 
 54  789 
 54  782 
 54  783 
 54  778 
 54  777 
 54  796 
 54  754 
 54  789 
 54  778 
 54  754 
 54  784 
 54  775 
 54  769 
 54  795 
 54  758 
 54  766 
 54  801 
 54  804 
 54  778 
 54  820 
 54  778 
 54  791 
 54  778 
 54  789 
 54  794 
 54  791 
 54  789 
 54  771 
 54  791 
 54  782 
 54  812 
 54  789 
 54  797 
 54  791 
 54  790 
 54  785 
 54  808 
 54  789 
 54  789 
 54  786 
 54  779 
 54  784 
 54  825 
 54  788 
 54  772 
 54  782 
 54  817 
 54  792 
 54  766 
 54  780 
 54  804 
 54  791 
 54  806 
 54  786 
 54  782 
 54  802 
 54  793 
 54  822 
 54  775 
 54  808 
 54  803 
 54  791 
 54  785 
 54  796 
 54  770 
 54  783 
 54  826 
 54  792 
 54  803 
 54  774 
 54  810 
 54  768 
 54  781 
 54  778 
 54  810 
 54  776 
 54  795 
 54  782 
 54  799 
 54  804 
 54  828 
 54  785 
 54  762 
 54  805 
 54  778 
 54  767 
 54  776 
 54  784 
 54  770 
 54  796 
 54  783 
 54  763 
 54  799 
 54  804 
 54  775 
 54  781 
 54  771 
 54  787 
 54  768 
 54  780 
 54  817 
 54  793 
 54  770 
 54  789 
 54  799 
 54  798 
 54  789 
 54  790 
 54  774 
 54  814 
 54  803 
 54  776 
 54  788 
 54  794 
 54  785 
 54  773 
 54  803 
 54  777 
 54  776 
 54  799 
 54  771 
 54  810 
 54  754 
 54  800 
 54  836 
 54  768 
 54  770 
 54  757 
 54  765 
 54  770 
 54  771 
 54  795 
 54  769 
 54  764 
 54  834 
 54  799 
 54  807 
 54  772 
 54  770 
 54  796 
 54  784 
 54  791 
 54  777 
 54  788 
 54  789 
 54  793 
 54  794 
 54  769 
 54  798 
 54  762 
 54  779 
 54  797 
 54  764 
 54  779 
 54  822 
 54  787 
 54  763 
 54  821 
 54  781 
 54  786 
 54  816 
 54  792 
 54  778 
 54  781 
 55  786 
 55  803 
 55  789 
 55  787 
 55  781 
 55  780 
 55  787 
 55  791 
 55  781 
 55  779 
 55  812 
 55  793 
 55  811 
 55  786 
 55  787 
 55  808 
 55  777 
 55  796 
 55  818 
 55  793 
 55  794 
 55  784 
 55  788 
 55  783 
 55  789 
 55  801 
 55  786 
 55  803 
 55  769 
 55  773 
 55  780 
 55  787 
 55  776 
 55  782 
 55  785 
 55  779 
 55  803 
 55  780 
 55  793 
 55  795 
 55  772 
 55  800 
 55  785 
 55  797 
 55  808 
 55  813 
 55  820 
 55  797 
 55  809 
 55  819 
 55  820 
 55  774 
 55  782 
 55  776 
 55  793 
 55  798 
 55  784 
 55  765 
 55  786 
 55  824 
 55  820 
 55  774 
 55  809 
 55  766 
 55  780 
 55  786 
 55  775 
 55  769 
 55  769 
 55  790 
 55  769 
 55  773 
 55  794 
 55  788 
 55  776 
 55  788 
 55  817 
 55  791 
 55  775 
 55  770 
 55  768 
 55  769 
 55  796 
 55  791 
 55  779 
 55  754 
 55  764 
 55  799 
 55  777 
 55  770 
 55  785 
 55  803 
 55  785 
 55  792 
 55  804 
 55  774 
 55  761 
 55  797 
 55  794 
 55  781 
 55  792 
 55  777 
 55  809 
 55  778 
 55  816 
 55  808 
 55  746 
 55  766 
 55  783 
 55  806 
 55  776 
 55  803 
 55  815 
 55  803 
 55  809 
 55  798 
 55  772 
 55  775 
 55  806 
 55  797 
 55  813 
 55  802 
 55  799 
 55  801 
 55  783 
 55  795 
 55  808 
 55  820 
 55  801 
 55  793 
 55  794 
 55  776 
 55  786 
 55  802 
 55  803 
 55  779 
 55  801 
 55  807 
 55  812 
 55  817 
 55  783 
 55  798 
 55  795 
 55  792 
 55  781 
 55  792 
 55  772 
 55  798 
 55  792 
 55  772 
 55  779 
 55  780 
 55  795 
 55  816 
 55  815 
 55  785 
 55  819 
 55  807 
 55  787 
 55  806 
 55  770 
 55  768 
 55  780 
 55  790 
 55  800 
 55  787 
 55  781 
 55  792 
 55  811 
 55  798 
 55  762 
 55  800 
 55  794 
 55  787 
 55  802 
 55  779 
 55  822 
 55  831 
 55  803 
 55  798 
 55  769 
 55  819 
 55  819 
 55  775 
 55  788 
 55  827 
 55  797 
 55  798 
 55  799 
 55  762 
 55  804 
 55  798 
 55  795 
 55  802 
 55  772 
 55  772 
 55  793 
 55  798 
 55  790 
 55  772 
 55  760 
 55  796 
 55  773 
 55  795 
 55  787 
 55  789 
 55  799 
 55  768 
 55  803 
 55  770 
 55  798 
 55  809 
 55  778 
 55  802 
 55  804 
 55  827 
 55  814 
 55  803 
 55  790 
 55  813 
 55  787 
 55  798 
 55  776 
 55  803 
 55  766 
 55  800 
 55  794 
 55  786 
 55  823 
 55  773 
 55  813 
 55  777 
 55  782 
 55  804 
 55  774 
 55  778 
 55  807 
 55  784 
 55  801 
 55  805 
 55  792 
 55  790 
 55  822 
 55  798 
 55  758 
 55  779 
 55  783 
 55  805 
 55  784 
 55  779 
 55  776 
 55  778 
 55  811 
 55  810 
 55  785 
 55  784 
 55  834 
 55  811 
 55  783 
 55  819 
 55  775 
 55  775 
 55  777 
 55  789 
 55  804 
 55  786 
 55  784 
 55  789 
 55  791 
 55  779 
 55  812 
 55  773 
 55  777 
 55  784 
 55  803 
 55  778 
 55  818 
 55  789 
 55  770 
 55  822 
 55  818 
 55  800 
 55  798 
 55  768 
 55  811 
 55  822 
 55  754 
 55  803 
 55  843 
 55  781 
 55  816 
 55  791 
 55  789 
 55  778 
 55  798 
 55  793 
 55  766 
 55  799 
 55  807 
 55  772 
 55  770 
 55  758 
 55  755 
 55  792 
 55  810 
 55  816 
 55  800 
 55  797 
 55  810 
 55  783 
 55  779 
 55  824 
 55  807 
 55  797 
 55  790 
 55  801 
 55  793 
 55  807 
 55  819 
 55  820 
 55  785 
 55  787 
 55  793 
 55  775 
 55  773 
 55  813 
 55  818 
 55  781 
 55  810 
 55  819 
 55  798 
 55  805 
 55  782 
 55  819 
 55  810 
 55  782 
 55  811 
 55  822 
 55  788 
 55  813 
 55  794 
 55  791 
 55  762 
 55  804 
 55  777 
 55  807 
 55  787 
 55  791 
 55  788 
 55  794 
 55  811 
 55  786 
 55  789 
 55  806 
 55  774 
 55  778 
 55  801 
 55  783 
 55  813 
 55  769 
 55  806 
 55  791 
 55  795 
 55  812 
 55  808 
 55  790 
 55  796 
 55  789 
 55  793 
 55  777 
 55  786 
 55  802 
 55  796 
 55  800 
 55  794 
 55  813 
 55  805 
 55  786 
 55  779 
 55  801 
 55  789 
 55  799 
 55  779 
 55  793 
 55  758 
 55  771 
 55  753 
 55  764 
 55  782 
 55  823 
 55  787 
 55  773 
 55  800 
 55  793 
 55  803 
 55  791 
 55  785 
 55  816 
 55  813 
 55  777 
 55  799 
 55  780 
 55  795 
 55  763 
 55  801 
 55  797 
 55  789 
 55  770 
 55  763 
 55  791 
 55  791 
 55  780 
 55  799 
 55  766 
 55  801 
 55  767 
 55  775 
 55  773 
 55  789 
 55  787 
 55  802 
 55  769 
 55  796 
 55  791 
 55  775 
 55  790 
 55  804 
 55  769 
 55  774 
 55  789 
 55  794 
 55  780 
 55  785 
 55  810 
 55  803 
 55  775 
 55  761 
 55  773 
 55  798 
 55  788 
 55  804 
 55  781 
 55  768 
 55  791 
 55  800 
 55  773 
 55  797 
 55  815 
 55  784 
 55  781 
 55  792 
 55  800 
 55  809 
 55  808 
 55  810 
 55  793 
 55  804 
 55  798 
 55  813 
 55  810 
 55  796 
 55  793 
 55  775 
 55  792 
 55  790 
 55  798 
 55  768 
 55  792 
 55  782 
 55  818 
 55  802 
 55  758 
 55  798 
 55  776 
 55  776 
 55  821 
 55  792 
 55  786 
 55  778 
 55  771 
 55  794 
 55  801 
 55  811 
 55  776 
 55  807 
 55  804 
 55  784 
 55  761 
 55  804 
 55  827 
 55  788 
 55  785 
 55  777 
 55  777 
 55  789 
 55  816 
 55  772 
 55  797 
 55  790 
 55  769 
 55  792 
 55  762 
 55  794 
 55  778 
 55  791 
 55  777 
 55  797 
 55  767 
 55  818 
 55  805 
 55  808 
 55  804 
 55  809 
 55  772 
 55  808 
 55  814 
 55  777 
 55  789 
 55  821 
 55  803 
 55  798 
 55  793 
 55  811 
 55  816 
 55  768 
 55  789 
 55  782 
 55  779 
 55  805 
 55  791 
 55  812 
 55  800 
 55  814 
 55  801 
 55  795 
 55  781 
 55  793 
 55  775 
 55  781 
 55  769 
 55  789 
 55  806 
 55  772 
 55  795 
 55  793 
 55  795 
 55  785 
 55  813 
 55  776 
 55  803 
 55  804 
 55  785 
 55  809 
 55  781 
 55  794 
 55  801 
 55  798 
 55  778 
 55  778 
 55  780 
 55  790 
 55  775 
 55  795 
 55  788 
 55  790 
 55  772 
 55  803 
 55  805 
 55  790 
 55  797 
 55  771 
 55  780 
 55  806 
 55  798 
 55  794 
 55  767 
 55  819 
 55  789 
 55  802 
 55  800 
 55  793 
 55  809 
 55  784 
 55  796 
 55  795 
 55  812 
 55  800 
 55  814 
 55  768 
 55  767 
 55  770 
 55  783 
 55  784 
 55  814 
 55  808 
 55  785 
 55  771 
 55  799 
 55  789 
 55  776 
 55  782 
 55  769 
 55  779 
 55  801 
 55  805 
 55  814 
 55  788 
 55  766 
 55  800 
 55  789 
 55  801 
 55  807 
 55  822 
 55  772 
 55  801 
 55  779 
 55  782 
 55  784 
 55  821 
 55  808 
 55  782 
 55  822 
 55  766 
 55  776 
 55  805 
 55  793 
 55  790 
 55  781 
 55  803 
 55  803 
 55  782 
 55  829 
 55  770 
 55  802 
 55  797 
 55  791 
 55  785 
 55  773 
 55  785 
 55  753 
 55  782 
 55  786 
 55  787 
 55  768 
 55  781 
 55  792 
 55  766 
 55  786 
 55  813 
 55  812 
 55  808 
 55  783 
 55  799 
 55  786 
 55  827 
 55  780 
 55  817 
 55  790 
 55  797 
 55  805 
 55  801 
 55  790 
 55  783 
 55  792 
 55  789 
 55  786 
 55  787 
 55  770 
 55  794 
 55  797 
 55  779 
 55  822 
 55  794 
 55  776 
 55  784 
 55  782 
 55  798 
 55  808 
 55  826 
 55  822 
 55  812 
 55  811 
 55  819 
 55  799 
 55  792 
 55  794 
 55  775 
 55  782 
 55  779 
 55  793 
 55  798 
 55  790 
 55  756 
 55  790 
 55  810 
 55  823 
 55  803 
 55  799 
 55  804 
 55  787 
 55  820 
 55  786 
 55  748 
 55  787 
 55  814 
 55  806 
 55  797 
 55  769 
 55  791 
 55  774 
 55  790 
 55  797 
 55  783 
 55  782 
 55  773 
 55  780 
 55  794 
 55  817 
 55  793 
 55  820 
 55  780 
 55  806 
 55  800 
 55  825 
 55  805 
 55  787 
 55  780 
 55  814 
 55  813 
 55  793 
 55  805 
 55  758 
 55  779 
 55  789 
 55  819 
 55  797 
 55  789 
 55  786 
 55  818 
 55  818 
 55  819 
 55  775 
 55  806 
 55  802 
 55  804 
 55  783 
 55  812 
 55  805 
 55  780 
 55  795 
 55  764 
 55  788 
 55  806 
 55  795 
 55  793 
 55  791 
 55  796 
 55  808 
 55  790 
 55  775 
 55  769 
 55  817 
 55  807 
 55  773 
 55  796 
 55  806 
 55  777 
 55  797 
 55  792 
 55  774 
 55  780 
 55  784 
 55  789 
 55  783 
 55  801 
 55  782 
 55  799 
 55  794 
 55  803 
 55  805 
 55  806 
 55  807 
 55  793 
 55  794 
 55  802 
 55  772 
 55  783 
 55  807 
 55  800 
 55  773 
 55  790 
 55  810 
 55  780 
 55  819 
 55  789 
 55  807 
 55  787 
 55  781 
 55  755 
 55  760 
 55  821 
 55  782 
 55  792 
 55  814 
 55  788 
 55  796 
 55  805 
 55  788 
 55  783 
 55  772 
 55  793 
 55  796 
 55  811 
 55  808 
 55  816 
 55  813 
 55  800 
 55  777 
 55  779 
 55  805 
 55  792 
 55  794 
 55  785 
 55  782 
 55  771 
 55  770 
 55  782 
 55  803 
 55  770 
 55  795 
 55  769 
 55  805 
 55  812 
 55  809 
 55  802 
 55  792 
 55  782 
 55  813 
 55  794 
 55  781 
 55  816 
 55  796 
 55  780 
 55  771 
 55  781 
 55  818 
 55  819 
 55  803 
 55  790 
 55  804 
 55  811 
 55  798 
 55  755 
 55  790 
 55  784 
 55  777 
 55  788 
 55  787 
 55  806 
 55  826 
 55  820 
 55  801 
 55  771 
 55  816 
 55  789 
 55  817 
 55  780 
 55  787 
 55  756 
 55  810 
 55  794 
 55  809 
 55  763 
 55  771 
 55  749 
 55  805 
 55  778 
 55  799 
 55  801 
 55  811 
 55  786 
 55  776 
 55  776 
 55  784 
 55  799 
 55  795 
 55  788 
 55  796 
 55  752 
 55  787 
 55  782 
 55  804 
 55  797 
 55  780 
 55  791 
 55  814 
 55  776 
 55  797 
 55  781 
 55  801 
 55  787 
 55  780 
 55  784 
 55  802 
 55  777 
 55  817 
 55  819 
 55  795 
 55  782 
 55  795 
 55  798 
 55  777 
 55  816 
 55  792 
 55  804 
 55  794 
 55  797 
 55  789 
 55  789 
 55  777 
 55  800 
 55  756 
 55  788 
 55  791 
 55  794 
 55  797 
 55  793 
 55  759 
 55  786 
 55  778 
 55  793 
 55  814 
 55  823 
 55  790 
 55  794 
 55  775 
 55  793 
 55  823 
 55  801 
 55  805 
 55  797 
 55  816 
 55  809 
 55  809 
 55  766 
 55  788 
 55  795 
 55  783 
 55  813 
 55  791 
 55  800 
 55  780 
 55  755 
 55  770 
 55  765 
 55  789 
 55  771 
 55  772 
 55  772 
 55  803 
 55  771 
 55  816 
 55  781 
 55  782 
 55  800 
 55  784 
 55  799 
 55  800 
 55  764 
 55  833 
 55  782 
 55  799 
 55  820 
 55  788 
 55  810 
 55  787 
 55  808 
 55  809 
 55  791 
 55  802 
 55  780 
 55  765 
 55  789 
 55  766 
 55  787 
 55  771 
 55  797 
 55  808 
 55  813 
 55  789 
 55  809 
 55  801 
 55  797 
 55  785 
 55  771 
 55  776 
 55  771 
 55  791 
 55  777 
 55  812 
 56  809 
 56  818 
 56  791 
 56  796 
 56  768 
 56  805 
 56  821 
 56  784 
 56  795 
 56  805 
 56  784 
 56  811 
 56  790 
 56  804 
 56  786 
 56  770 
 56  785 
 56  795 
 56  788 
 56  815 
 56  799 
 56  813 
 56  771 
 56  794 
 56  768 
 56  784 
 56  802 
 56  801 
 56  798 
 56  805 
 56  779 
 56  816 
 56  817 
 56  815 
 56  803 
 56  809 
 56  777 
 56  810 
 56  801 
 56  782 
 56  807 
 56  797 
 56  791 
 56  802 
 56  792 
 56  785 
 56  796 
 56  798 
 56  775 
 56  825 
 56  782 
 56  787 
 56  810 
 56  775 
 56  801 
 56  794 
 56  784 
 56  772 
 56  805 
 56  806 
 56  795 
 56  813 
 56  796 
 56  813 
 56  788 
 56  761 
 56  808 
 56  815 
 56  807 
 56  798 
 56  783 
 56  783 
 56  775 
 56  775 
 56  805 
 56  804 
 56  786 
 56  803 
 56  797 
 56  801 
 56  805 
 56  804 
 56  803 
 56  795 
 56  792 
 56  801 
 56  766 
 56  771 
 56  806 
 56  813 
 56  767 
 56  808 
 56  820 
 56  793 
 56  806 
 56  803 
 56  794 
 56  797 
 56  802 
 56  792 
 56  796 
 56  815 
 56  785 
 56  816 
 56  819 
 56  801 
 56  804 
 56  798 
 56  780 
 56  786 
 56  802 
 56  787 
 56  788 
 56  789 
 56  779 
 56  791 
 56  792 
 56  800 
 56  800 
 56  781 
 56  821 
 56  752 
 56  780 
 56  804 
 56  780 
 56  818 
 56  783 
 56  808 
 56  788 
 56  806 
 56  788 
 56  773 
 56  785 
 56  803 
 56  835 
 56  800 
 56  784 
 56  767 
 56  784 
 56  774 
 56  787 
 56  785 
 56  822 
 56  793 
 56  784 
 56  798 
 56  800 
 56  812 
 56  830 
 56  783 
 56  814 
 56  784 
 56  806 
 56  791 
 56  782 
 56  807 
 56  792 
 56  791 
 56  803 
 56  795 
 56  801 
 56  773 
 56  799 
 56  806 
 56  789 
 56  797 
 56  798 
 56  793 
 56  793 
 56  767 
 56  808 
 56  812 
 56  793 
 56  781 
 56  776 
 56  815 
 56  776 
 56  822 
 56  772 
 56  798 
 56  817 
 56  777 
 56  780 
 56  804 
 56  804 
 56  759 
 56  815 
 56  788 
 56  762 
 56  777 
 56  783 
 56  788 
 56  797 
 56  816 
 56  835 
 56  788 
 56  780 
 56  812 
 56  803 
 56  777 
 56  808 
 56  811 
 56  800 
 56  773 
 56  781 
 56  802 
 56  789 
 56  771 
 56  802 
 56  810 
 56  791 
 56  803 
 56  788 
 56  815 
 56  786 
 56  806 
 56  802 
 56  781 
 56  795 
 56  774 
 56  768 
 56  797 
 56  816 
 56  769 
 56  806 
 56  804 
 56  821 
 56  799 
 56  758 
 56  834 
 56  791 
 56  777 
 56  797 
 56  781 
 56  813 
 56  784 
 56  790 
 56  834 
 56  800 
 56  827 
 56  794 
 56  797 
 56  826 
 56  798 
 56  815 
 56  799 
 56  813 
 56  786 
 56  814 
 56  804 
 56  780 
 56  797 
 56  780 
 56  786 
 56  771 
 56  811 
 56  792 
 56  806 
 56  811 
 56  801 
 56  783 
 56  794 
 56  813 
 56  761 
 56  806 
 56  783 
 56  811 
 56  785 
 56  809 
 56  782 
 56  810 
 56  793 
 56  781 
 56  795 
 56  788 
 56  808 
 56  803 
 56  799 
 56  800 
 56  813 
 56  788 
 56  785 
 56  784 
 56  832 
 56  812 
 56  803 
 56  788 
 56  777 
 56  796 
 56  813 
 56  795 
 56  794 
 56  767 
 56  823 
 56  799 
 56  772 
 56  809 
 56  774 
 56  795 
 56  806 
 56  809 
 56  812 
 56  788 
 56  803 
 56  786 
 56  798 
 56  797 
 56  824 
 56  785 
 56  792 
 56  810 
 56  798 
 56  777 
 56  807 
 56  798 
 56  777 
 56  811 
 56  807 
 56  810 
 56  812 
 56  789 
 56  787 
 56  836 
 56  801 
 56  798 
 56  799 
 56  789 
 56  791 
 56  804 
 56  792 
 56  795 
 56  806 
 56  793 
 56  803 
 56  804 
 56  801 
 56  786 
 56  806 
 56  801 
 56  789 
 56  801 
 56  845 
 56  804 
 56  808 
 56  791 
 56  788 
 56  829 
 56  809 
 56  797 
 56  811 
 56  818 
 56  775 
 56  815 
 56  783 
 56  805 
 56  779 
 56  806 
 56  772 
 56  808 
 56  836 
 56  800 
 56  774 
 56  790 
 56  801 
 56  802 
 56  779 
 56  785 
 56  823 
 56  798 
 56  810 
 56  812 
 56  781 
 56  792 
 56  829 
 56  793 
 56  795 
 56  796 
 56  791 
 56  792 
 56  793 
 56  802 
 56  802 
 56  822 
 56  822 
 56  825 
 56  809 
 56  792 
 56  793 
 56  796 
 56  801 
 56  782 
 56  786 
 56  792 
 56  799 
 56  784 
 56  820 
 56  796 
 56  817 
 56  809 
 56  812 
 56  797 
 56  809 
 56  820 
 56  795 
 56  770 
 56  789 
 56  799 
 56  793 
 56  801 
 56  789 
 56  782 
 56  774 
 56  773 
 56  822 
 56  794 
 56  812 
 56  801 
 56  749 
 56  799 
 56  798 
 56  771 
 56  802 
 56  812 
 56  799 
 56  775 
 56  757 
 56  790 
 56  808 
 56  792 
 56  797 
 56  791 
 56  806 
 56  794 
 56  746 
 56  791 
 56  775 
 56  790 
 56  819 
 56  775 
 56  794 
 56  793 
 56  801 
 56  776 
 56  778 
 56  800 
 56  801 
 56  812 
 56  794 
 56  796 
 56  793 
 56  807 
 56  776 
 56  805 
 56  772 
 56  808 
 56  821 
 56  815 
 56  801 
 56  804 
 56  790 
 56  798 
 56  794 
 56  793 
 56  796 
 56  786 
 56  791 
 56  797 
 56  781 
 56  797 
 56  810 
 56  836 
 56  797 
 56  789 
 56  803 
 56  798 
 56  800 
 56  800 
 56  813 
 56  786 
 56  798 
 56  815 
 56  796 
 56  798 
 56  790 
 56  810 
 56  780 
 56  777 
 56  796 
 56  823 
 56  810 
 56  815 
 56  783 
 56  818 
 56  799 
 56  799 
 56  831 
 56  793 
 56  801 
 56  799 
 56  766 
 56  804 
 56  772 
 56  801 
 56  785 
 56  802 
 56  793 
 56  793 
 56  802 
 56  793 
 56  815 
 56  788 
 56  815 
 56  786 
 56  815 
 56  817 
 56  795 
 56  817 
 56  792 
 56  773 
 56  796 
 56  757 
 56  790 
 56  804 
 56  827 
 56  784 
 56  792 
 56  802 
 56  803 
 56  827 
 56  807 
 56  809 
 56  787 
 56  789 
 56  813 
 56  809 
 56  818 
 56  801 
 56  804 
 56  789 
 56  786 
 56  815 
 56  791 
 56  809 
 56  813 
 56  818 
 56  802 
 56  796 
 56  785 
 56  760 
 56  788 
 56  772 
 56  785 
 56  746 
 56  803 
 56  783 
 56  792 
 56  794 
 56  773 
 56  812 
 56  801 
 56  791 
 56  796 
 56  798 
 56  810 
 56  805 
 56  793 
 56  807 
 56  776 
 56  803 
 56  806 
 56  776 
 56  823 
 56  799 
 56  798 
 56  793 
 56  782 
 56  815 
 56  814 
 56  768 
 56  798 
 56  760 
 56  786 
 56  793 
 56  786 
 56  810 
 56  801 
 56  821 
 56  775 
 56  772 
 56  813 
 56  821 
 56  809 
 56  808 
 56  811 
 56  792 
 56  806 
 56  791 
 56  802 
 56  782 
 56  792 
 56  776 
 56  813 
 56  788 
 56  785 
 56  792 
 56  817 
 56  775 
 56  785 
 56  814 
 56  808 
 56  793 
 56  789 
 56  794 
 56  798 
 56  824 
 56  807 
 56  811 
 56  791 
 56  821 
 56  802 
 56  789 
 56  780 
 56  777 
 56  815 
 56  775 
 56  807 
 56  821 
 56  804 
 56  820 
 56  788 
 56  826 
 56  794 
 56  782 
 56  794 
 56  791 
 56  782 
 56  811 
 56  798 
 56  782 
 56  774 
 56  807 
 56  795 
 56  814 
 56  807 
 56  807 
 56  801 
 56  798 
 56  762 
 56  807 
 56  807 
 56  798 
 56  802 
 56  787 
 56  811 
 56  771 
 56  845 
 56  806 
 56  813 
 56  789 
 56  792 
 56  779 
 56  807 
 56  789 
 56  758 
 56  802 
 56  800 
 56  779 
 56  785 
 56  795 
 56  814 
 56  800 
 56  808 
 56  800 
 56  796 
 56  806 
 56  780 
 56  785 
 56  787 
 56  791 
 56  775 
 56  757 
 56  822 
 56  801 
 56  780 
 56  807 
 56  806 
 56  807 
 56  845 
 56  789 
 56  811 
 56  778 
 56  801 
 56  769 
 56  785 
 56  775 
 56  777 
 56  793 
 56  809 
 56  795 
 56  808 
 56  785 
 56  807 
 56  802 
 56  773 
 56  790 
 56  792 
 56  783 
 56  799 
 56  804 
 56  794 
 56  800 
 56  776 
 56  792 
 56  809 
 56  801 
 56  809 
 56  801 
 56  805 
 56  819 
 56  795 
 56  786 
 56  805 
 56  796 
 56  786 
 56  775 
 56  803 
 56  801 
 56  799 
 56  783 
 56  774 
 56  782 
 56  792 
 56  799 
 56  785 
 56  803 
 56  782 
 56  800 
 56  792 
 56  781 
 56  790 
 56  814 
 56  796 
 56  793 
 56  787 
 56  790 
 56  817 
 56  811 
 56  797 
 56  803 
 56  776 
 56  798 
 56  805 
 56  781 
 56  809 
 56  764 
 56  799 
 56  804 
 56  785 
 56  816 
 56  795 
 56  800 
 56  797 
 56  797 
 56  798 
 56  803 
 56  804 
 56  774 
 56  781 
 56  831 
 56  785 
 56  804 
 56  808 
 56  811 
 56  788 
 56  822 
 56  785 
 56  808 
 56  814 
 56  791 
 56  819 
 56  792 
 56  822 
 56  810 
 56  792 
 56  799 
 56  811 
 56  785 
 56  792 
 56  790 
 56  778 
 56  792 
 56  793 
 56  814 
 56  815 
 56  803 
 56  762 
 56  793 
 56  821 
 56  813 
 56  807 
 56  765 
 56  802 
 56  788 
 56  801 
 56  799 
 56  781 
 56  795 
 56  792 
 56  788 
 56  806 
 56  798 
 56  797 
 56  797 
 56  788 
 56  782 
 56  805 
 56  820 
 56  779 
 56  751 
 56  779 
 56  789 
 56  800 
 56  788 
 56  824 
 56  782 
 56  804 
 56  815 
 56  765 
 56  787 
 56  793 
 56  785 
 56  776 
 56  787 
 56  817 
 56  786 
 56  794 
 56  804 
 56  811 
 56  803 
 56  789 
 56  790 
 56  788 
 56  770 
 56  816 
 56  806 
 56  813 
 56  788 
 56  818 
 56  791 
 56  787 
 56  793 
 56  805 
 56  785 
 56  805 
 56  780 
 56  817 
 56  811 
 56  796 
 56  772 
 56  804 
 56  790 
 56  758 
 56  776 
 56  822 
 56  802 
 56  807 
 56  799 
 56  794 
 56  799 
 56  800 
 56  792 
 56  804 
 56  797 
 56  801 
 56  803 
 56  799 
 56  802 
 56  795 
 56  817 
 56  831 
 56  805 
 56  811 
 56  809 
 56  812 
 56  836 
 56  801 
 56  773 
 56  784 
 56  794 
 56  812 
 56  792 
 56  782 
 56  799 
 56  780 
 56  792 
 56  834 
 56  783 
 56  783 
 56  809 
 56  822 
 56  781 
 56  785 
 56  814 
 56  804 
 56  805 
 56  765 
 56  785 
 56  801 
 56  781 
 56  780 
 56  789 
 56  790 
 56  774 
 56  780 
 56  801 
 56  801 
 56  778 
 56  785 
 56  794 
 56  800 
 56  826 
 56  807 
 56  806 
 56  779 
 56  772 
 56  786 
 56  818 
 56  782 
 56  793 
 56  801 
 56  832 
 56  802 
 56  773 
 56  817 
 56  815 
 56  790 
 56  770 
 56  789 
 56  799 
 56  785 
 56  817 
 56  809 
 56  790 
 56  791 
 56  803 
 56  784 
 56  796 
 56  793 
 56  796 
 56  779 
 56  792 
 56  798 
 56  766 
 56  782 
 56  799 
 56  780 
 56  796 
 56  810 
 56  780 
 56  850 
 56  828 
 56  778 
 56  823 
 56  792 
 56  812 
 56  799 
 56  792 
 56  803 
 56  787 
 56  798 
 56  812 
 56  787 
 56  788 
 56  798 
 56  793 
 56  794 
 56  822 
 56  798 
 56  815 
 56  808 
 56  783 
 56  788 
 56  791 
 56  800 
 56  797 
 56  796 
 56  789 
 56  778 
 56  790 
 56  769 
 56  803 
 56  819 
 56  796 
 56  791 
 56  790 
 56  812 
 56  777 
 56  810 
 56  781 
 56  797 
 57  806 
 57  793 
 57  803 
 57  770 
 57  818 
 57  816 
 57  803 
 57  818 
 57  781 
 57  813 
 57  772 
 57  805 
 57  792 
 57  810 
 57  789 
 57  800 
 57  795 
 57  793 
 57  790 
 57  798 
 57  836 
 57  799 
 57  787 
 57  805 
 57  824 
 57  830 
 57  786 
 57  807 
 57  785 
 57  812 
 57  801 
 57  795 
 57  786 
 57  820 
 57  838 
 57  803 
 57  784 
 57  792 
 57  778 
 57  800 
 57  787 
 57  797 
 57  828 
 57  812 
 57  843 
 57  823 
 57  807 
 57  817 
 57  824 
 57  806 
 57  809 
 57  819 
 57  814 
 57  789 
 57  806 
 57  801 
 57  828 
 57  797 
 57  797 
 57  826 
 57  792 
 57  823 
 57  781 
 57  799 
 57  787 
 57  797 
 57  804 
 57  806 
 57  816 
 57  815 
 57  797 
 57  848 
 57  777 
 57  807 
 57  811 
 57  807 
 57  782 
 57  807 
 57  822 
 57  816 
 57  804 
 57  794 
 57  820 
 57  822 
 57  820 
 57  805 
 57  791 
 57  812 
 57  803 
 57  793 
 57  801 
 57  794 
 57  794 
 57  815 
 57  794 
 57  797 
 57  772 
 57  800 
 57  792 
 57  809 
 57  785 
 57  800 
 57  803 
 57  798 
 57  811 
 57  785 
 57  790 
 57  792 
 57  803 
 57  775 
 57  773 
 57  792 
 57  792 
 57  803 
 57  771 
 57  796 
 57  808 
 57  814 
 57  781 
 57  773 
 57  798 
 57  807 
 57  824 
 57  825 
 57  816 
 57  803 
 57  790 
 57  773 
 57  861 
 57  801 
 57  781 
 57  808 
 57  772 
 57  818 
 57  799 
 57  812 
 57  792 
 57  780 
 57  798 
 57  810 
 57  784 
 57  781 
 57  773 
 57  790 
 57  810 
 57  818 
 57  794 
 57  822 
 57  822 
 57  811 
 57  784 
 57  789 
 57  783 
 57  825 
 57  812 
 57  783 
 57  797 
 57  804 
 57  806 
 57  770 
 57  780 
 57  823 
 57  810 
 57  799 
 57  796 
 57  758 
 57  816 
 57  796 
 57  786 
 57  787 
 57  813 
 57  816 
 57  808 
 57  805 
 57  778 
 57  796 
 57  795 
 57  803 
 57  764 
 57  778 
 57  794 
 57  793 
 57  819 
 57  791 
 57  791 
 57  798 
 57  808 
 57  809 
 57  814 
 57  801 
 57  800 
 57  809 
 57  812 
 57  775 
 57  826 
 57  800 
 57  816 
 57  797 
 57  813 
 57  780 
 57  783 
 57  793 
 57  793 
 57  795 
 57  808 
 57  807 
 57  800 
 57  762 
 57  793 
 57  791 
 57  797 
 57  804 
 57  782 
 57  810 
 57  797 
 57  818 
 57  783 
 57  800 
 57  816 
 57  817 
 57  781 
 57  806 
 57  777 
 57  788 
 57  801 
 57  821 
 57  806 
 57  770 
 57  800 
 57  802 
 57  797 
 57  802 
 57  792 
 57  781 
 57  817 
 57  815 
 57  806 
 57  791 
 57  828 
 57  795 
 57  800 
 57  813 
 57  799 
 57  798 
 57  796 
 57  832 
 57  789 
 57  777 
 57  809 
 57  814 
 57  783 
 57  805 
 57  799 
 57  794 
 57  808 
 57  791 
 57  767 
 57  800 
 57  811 
 57  795 
 57  789 
 57  823 
 57  807 
 57  787 
 57  794 
 57  810 
 57  813 
 57  766 
 57  812 
 57  827 
 57  784 
 57  788 
 57  770 
 57  808 
 57  767 
 57  818 
 57  799 
 57  807 
 57  785 
 57  800 
 57  798 
 57  804 
 57  825 
 57  818 
 57  811 
 57  817 
 57  795 
 57  821 
 57  810 
 57  792 
 57  808 
 57  777 
 57  781 
 57  826 
 57  796 
 57  794 
 57  775 
 57  798 
 57  798 
 57  823 
 57  774 
 57  805 
 57  796 
 57  788 
 57  784 
 57  798 
 57  801 
 57  814 
 57  803 
 57  816 
 57  800 
 57  779 
 57  781 
 57  791 
 57  819 
 57  802 
 57  814 
 57  828 
 57  785 
 57  797 
 57  806 
 57  804 
 57  791 
 57  811 
 57  788 
 57  798 
 57  781 
 57  828 
 57  795 
 57  787 
 57  805 
 57  816 
 57  789 
 57  804 
 57  785 
 57  776 
 57  812 
 57  803 
 57  808 
 57  812 
 57  793 
 57  802 
 57  796 
 57  811 
 57  807 
 57  798 
 57  799 
 57  818 
 57  787 
 57  780 
 57  807 
 57  807 
 57  809 
 57  789 
 57  803 
 57  811 
 57  790 
 57  826 
 57  819 
 57  821 
 57  805 
 57  805 
 57  800 
 57  836 
 57  804 
 57  798 
 57  801 
 57  802 
 57  772 
 57  783 
 57  822 
 57  809 
 57  820 
 57  809 
 57  783 
 57  823 
 57  816 
 57  776 
 57  804 
 57  786 
 57  798 
 57  822 
 57  809 
 57  809 
 57  825 
 57  817 
 57  795 
 57  810 
 57  790 
 57  781 
 57  806 
 57  786 
 57  833 
 57  775 
 57  799 
 57  803 
 57  802 
 57  789 
 57  806 
 57  837 
 57  805 
 57  788 
 57  807 
 57  790 
 57  817 
 57  831 
 57  808 
 57  809 
 57  802 
 57  833 
 57  809 
 57  787 
 57  807 
 57  781 
 57  788 
 57  830 
 57  807 
 57  799 
 57  829 
 57  801 
 57  778 
 57  804 
 57  794 
 57  820 
 57  796 
 57  814 
 57  792 
 57  795 
 57  796 
 57  797 
 57  795 
 57  801 
 57  806 
 57  816 
 57  805 
 57  812 
 57  798 
 57  799 
 57  790 
 57  840 
 57  816 
 57  806 
 57  813 
 57  794 
 57  806 
 57  803 
 57  785 
 57  817 
 57  781 
 57  794 
 57  825 
 57  812 
 57  790 
 57  810 
 57  772 
 57  798 
 57  777 
 57  816 
 57  824 
 57  796 
 57  802 
 57  829 
 57  793 
 57  820 
 57  794 
 57  784 
 57  806 
 57  812 
 57  815 
 57  815 
 57  814 
 57  800 
 57  792 
 57  794 
 57  818 
 57  778 
 57  770 
 57  808 
 57  806 
 57  802 
 57  774 
 57  814 
 57  820 
 57  801 
 57  811 
 57  799 
 57  810 
 57  790 
 57  784 
 57  798 
 57  798 
 57  789 
 57  787 
 57  802 
 57  807 
 57  826 
 57  805 
 57  779 
 57  813 
 57  804 
 57  823 
 57  796 
 57  797 
 57  777 
 57  796 
 57  797 
 57  777 
 57  810 
 57  789 
 57  803 
 57  809 
 57  826 
 57  797 
 57  790 
 57  807 
 57  811 
 57  806 
 57  786 
 57  780 
 57  797 
 57  792 
 57  781 
 57  783 
 57  800 
 57  827 
 57  801 
 57  834 
 57  780 
 57  776 
 57  803 
 57  756 
 57  802 
 57  796 
 57  808 
 57  817 
 57  800 
 57  814 
 57  811 
 57  795 
 57  790 
 57  808 
 57  808 
 57  798 
 57  804 
 57  813 
 57  832 
 57  789 
 57  776 
 57  826 
 57  801 
 57  786 
 57  798 
 57  780 
 57  783 
 57  810 
 57  806 
 57  783 
 57  814 
 57  806 
 57  786 
 57  802 
 57  824 
 57  820 
 57  806 
 57  808 
 57  809 
 57  822 
 57  797 
 57  803 
 57  793 
 57  793 
 57  818 
 57  765 
 57  809 
 57  818 
 57  809 
 57  798 
 57  780 
 57  794 
 57  808 
 57  798 
 57  797 
 57  831 
 57  794 
 57  798 
 57  795 
 57  795 
 57  777 
 57  802 
 57  821 
 57  818 
 57  777 
 57  815 
 57  815 
 57  785 
 57  799 
 57  806 
 57  817 
 57  801 
 57  795 
 57  819 
 57  793 
 57  802 
 57  796 
 57  798 
 57  805 
 57  842 
 57  806 
 57  805 
 57  789 
 57  793 
 57  801 
 57  780 
 57  841 
 57  781 
 57  811 
 57  824 
 57  756 
 57  792 
 57  830 
 57  821 
 57  796 
 57  784 
 57  789 
 57  786 
 57  788 
 57  792 
 57  788 
 57  815 
 57  820 
 57  795 
 57  793 
 57  795 
 57  813 
 57  787 
 57  814 
 57  785 
 57  809 
 57  814 
 57  792 
 57  813 
 57  809 
 57  831 
 57  787 
 57  785 
 57  781 
 57  803 
 57  820 
 57  755 
 57  806 
 57  778 
 57  806 
 57  814 
 57  807 
 57  808 
 57  780 
 57  804 
 57  804 
 57  799 
 57  779 
 57  787 
 57  822 
 57  789 
 57  806 
 57  812 
 57  822 
 57  827 
 57  791 
 57  801 
 57  791 
 57  786 
 57  798 
 57  805 
 57  782 
 57  788 
 57  796 
 57  796 
 57  804 
 57  790 
 57  790 
 57  811 
 57  791 
 57  811 
 57  805 
 57  793 
 57  800 
 57  816 
 57  780 
 57  797 
 57  808 
 57  787 
 57  829 
 57  819 
 57  812 
 57  798 
 57  788 
 57  777 
 57  806 
 57  822 
 57  808 
 57  812 
 57  816 
 57  799 
 57  779 
 57  801 
 57  820 
 57  821 
 57  804 
 57  771 
 57  811 
 57  802 
 57  783 
 57  766 
 57  801 
 57  790 
 57  795 
 57  800 
 57  791 
 57  804 
 57  814 
 57  842 
 57  832 
 57  790 
 57  792 
 57  800 
 57  785 
 57  790 
 57  824 
 57  789 
 57  823 
 57  829 
 57  818 
 57  818 
 57  805 
 57  789 
 57  807 
 57  818 
 57  791 
 57  796 
 57  797 
 57  791 
 57  792 
 57  805 
 57  797 
 57  797 
 57  809 
 57  799 
 57  788 
 57  792 
 57  789 
 57  810 
 57  804 
 57  791 
 57  791 
 57  808 
 57  795 
 57  797 
 57  788 
 57  810 
 57  795 
 57  781 
 57  800 
 57  808 
 57  809 
 57  805 
 57  838 
 57  809 
 57  808 
 57  818 
 57  784 
 57  809 
 57  793 
 57  795 
 57  793 
 57  823 
 57  796 
 57  768 
 57  808 
 57  807 
 57  830 
 57  806 
 57  816 
 57  796 
 57  803 
 57  798 
 57  775 
 57  818 
 57  823 
 57  814 
 57  807 
 57  802 
 57  789 
 57  786 
 57  797 
 57  811 
 57  813 
 57  812 
 57  803 
 57  804 
 57  790 
 57  789 
 57  783 
 57  797 
 57  817 
 57  807 
 57  796 
 57  799 
 57  763 
 57  806 
 57  809 
 57  812 
 57  795 
 57  803 
 57  762 
 57  781 
 57  804 
 57  822 
 57  823 
 57  782 
 57  771 
 57  813 
 57  812 
 57  791 
 57  797 
 57  799 
 57  787 
 57  799 
 57  782 
 57  800 
 57  815 
 57  795 
 57  816 
 57  780 
 57  793 
 57  802 
 57  789 
 57  831 
 57  788 
 57  797 
 57  812 
 57  810 
 57  787 
 57  817 
 57  822 
 57  792 
 57  794 
 57  788 
 57  788 
 57  793 
 57  786 
 57  784 
 57  807 
 57  803 
 57  782 
 57  804 
 57  802 
 57  788 
 57  827 
 57  795 
 57  809 
 57  809 
 57  798 
 57  805 
 57  801 
 57  792 
 57  779 
 57  787 
 57  813 
 57  818 
 57  798 
 57  806 
 57  799 
 57  788 
 57  770 
 57  810 
 57  821 
 57  794 
 57  797 
 57  800 
 57  812 
 57  809 
 57  792 
 57  802 
 57  782 
 57  822 
 57  811 
 57  790 
 57  777 
 57  760 
 57  784 
 57  783 
 57  824 
 57  795 
 57  802 
 57  795 
 57  819 
 57  786 
 57  830 
 57  780 
 57  809 
 57  801 
 57  798 
 57  823 
 57  837 
 57  801 
 57  813 
 57  815 
 57  805 
 57  823 
 57  797 
 57  806 
 57  800 
 57  807 
 57  814 
 57  790 
 57  795 
 57  787 
 57  793 
 57  796 
 57  808 
 57  805 
 57  782 
 57  782 
 57  789 
 57  790 
 57  822 
 57  797 
 57  797 
 57  787 
 57  822 
 57  822 
 57  776 
 57  786 
 57  789 
 57  810 
 57  804 
 57  782 
 57  792 
 57  793 
 57  784 
 57  820 
 57  819 
 57  803 
 57  808 
 57  787 
 57  801 
 57  817 
 57  758 
 57  794 
 57  827 
 57  826 
 57  792 
 57  800 
 57  810 
 57  830 
 57  774 
 57  854 
 57  781 
 57  790 
 57  808 
 57  785 
 57  815 
 57  822 
 57  815 
 57  822 
 57  825 
 57  807 
 57  788 
 57  852 
 57  819 
 57  793 
 57  783 
 57  798 
 57  813 
 57  788 
 57  807 
 57  803 
 57  821 
 57  801 
 57  805 
 57  793 
 57  820 
 57  797 
 57  817 
 57  774 
 57  780 
 57  792 
 57  820 
 57  805 
 57  801 
 57  805 
 57  795 
 57  794 
 57  802 
 57  789 
 57  819 
 57  806 
 57  788 
 57  825 
 57  795 
 58  810 
 58  805 
 58  806 
 58  799 
 58  756 
 58  759 
 58  801 
 58  834 
 58  839 
 58  817 
 58  818 
 58  836 
 58  838 
 58  818 
 58  813 
 58  805 
 58  788 
 58  809 
 58  823 
 58  799 
 58  807 
 58  803 
 58  797 
 58  837 
 58  807 
 58  816 
 58  802 
 58  804 
 58  792 
 58  835 
 58  788 
 58  782 
 58  827 
 58  800 
 58  788 
 58  822 
 58  796 
 58  804 
 58  837 
 58  805 
 58  816 
 58  799 
 58  806 
 58  824 
 58  816 
 58  809 
 58  804 
 58  821 
 58  808 
 58  790 
 58  802 
 58  831 
 58  818 
 58  825 
 58  791 
 58  811 
 58  818 
 58  796 
 58  802 
 58  800 
 58  779 
 58  801 
 58  802 
 58  813 
 58  811 
 58  821 
 58  805 
 58  827 
 58  811 
 58  797 
 58  827 
 58  799 
 58  777 
 58  799 
 58  801 
 58  786 
 58  803 
 58  802 
 58  800 
 58  829 
 58  787 
 58  797 
 58  791 
 58  811 
 58  781 
 58  803 
 58  812 
 58  806 
 58  789 
 58  788 
 58  827 
 58  811 
 58  826 
 58  778 
 58  833 
 58  818 
 58  822 
 58  804 
 58  813 
 58  785 
 58  822 
 58  816 
 58  809 
 58  801 
 58  805 
 58  813 
 58  802 
 58  797 
 58  789 
 58  772 
 58  789 
 58  790 
 58  812 
 58  819 
 58  807 
 58  803 
 58  783 
 58  808 
 58  795 
 58  816 
 58  828 
 58  824 
 58  799 
 58  818 
 58  811 
 58  814 
 58  807 
 58  806 
 58  791 
 58  818 
 58  832 
 58  795 
 58  796 
 58  834 
 58  826 
 58  814 
 58  781 
 58  800 
 58  808 
 58  819 
 58  794 
 58  787 
 58  796 
 58  817 
 58  810 
 58  786 
 58  801 
 58  793 
 58  791 
 58  830 
 58  833 
 58  810 
 58  795 
 58  820 
 58  826 
 58  774 
 58  810 
 58  809 
 58  796 
 58  825 
 58  794 
 58  816 
 58  799 
 58  828 
 58  821 
 58  807 
 58  803 
 58  823 
 58  827 
 58  796 
 58  789 
 58  799 
 58  811 
 58  795 
 58  849 
 58  842 
 58  818 
 58  808 
 58  842 
 58  810 
 58  795 
 58  786 
 58  814 
 58  799 
 58  827 
 58  805 
 58  809 
 58  813 
 58  823 
 58  795 
 58  821 
 58  810 
 58  787 
 58  830 
 58  827 
 58  801 
 58  817 
 58  778 
 58  802 
 58  784 
 58  800 
 58  818 
 58  789 
 58  811 
 58  808 
 58  818 
 58  817 
 58  803 
 58  795 
 58  785 
 58  824 
 58  812 
 58  807 
 58  801 
 58  832 
 58  812 
 58  807 
 58  811 
 58  806 
 58  798 
 58  814 
 58  834 
 58  800 
 58  791 
 58  799 
 58  782 
 58  802 
 58  795 
 58  800 
 58  831 
 58  819 
 58  795 
 58  825 
 58  823 
 58  796 
 58  806 
 58  797 
 58  800 
 58  814 
 58  822 
 58  814 
 58  783 
 58  818 
 58  768 
 58  833 
 58  800 
 58  814 
 58  800 
 58  784 
 58  818 
 58  816 
 58  789 
 58  778 
 58  792 
 58  813 
 58  810 
 58  794 
 58  817 
 58  832 
 58  802 
 58  826 
 58  803 
 58  786 
 58  794 
 58  795 
 58  790 
 58  789 
 58  783 
 58  825 
 58  790 
 58  812 
 58  813 
 58  826 
 58  799 
 58  794 
 58  796 
 58  797 
 58  818 
 58  826 
 58  799 
 58  806 
 58  822 
 58  787 
 58  793 
 58  833 
 58  819 
 58  785 
 58  786 
 58  813 
 58  798 
 58  808 
 58  827 
 58  830 
 58  795 
 58  806 
 58  804 
 58  824 
 58  804 
 58  808 
 58  800 
 58  826 
 58  797 
 58  808 
 58  824 
 58  801 
 58  809 
 58  803 
 58  809 
 58  798 
 58  804 
 58  804 
 58  810 
 58  818 
 58  801 
 58  812 
 58  817 
 58  792 
 58  815 
 58  794 
 58  807 
 58  799 
 58  802 
 58  783 
 58  807 
 58  789 
 58  801 
 58  801 
 58  825 
 58  814 
 58  826 
 58  806 
 58  808 
 58  772 
 58  776 
 58  798 
 58  799 
 58  803 
 58  796 
 58  817 
 58  792 
 58  817 
 58  796 
 58  803 
 58  826 
 58  832 
 58  786 
 58  798 
 58  809 
 58  812 
 58  834 
 58  817 
 58  812 
 58  824 
 58  812 
 58  818 
 58  827 
 58  803 
 58  808 
 58  820 
 58  789 
 58  789 
 58  821 
 58  813 
 58  802 
 58  798 
 58  797 
 58  800 
 58  816 
 58  793 
 58  815 
 58  811 
 58  801 
 58  801 
 58  810 
 58  813 
 58  794 
 58  813 
 58  796 
 58  789 
 58  784 
 58  792 
 58  777 
 58  802 
 58  797 
 58  795 
 58  823 
 58  795 
 58  804 
 58  821 
 58  816 
 58  791 
 58  803 
 58  817 
 58  785 
 58  812 
 58  811 
 58  817 
 58  822 
 58  805 
 58  792 
 58  794 
 58  832 
 58  823 
 58  826 
 58  812 
 58  811 
 58  815 
 58  823 
 58  783 
 58  825 
 58  790 
 58  820 
 58  759 
 58  780 
 58  787 
 58  809 
 58  789 
 58  803 
 58  806 
 58  819 
 58  809 
 58  810 
 58  812 
 58  829 
 58  786 
 58  812 
 58  818 
 58  818 
 58  809 
 58  830 
 58  789 
 58  801 
 58  805 
 58  785 
 58  808 
 58  807 
 58  815 
 58  823 
 58  804 
 58  808 
 58  801 
 58  798 
 58  791 
 58  800 
 58  790 
 58  794 
 58  798 
 58  800 
 58  804 
 58  779 
 58  799 
 58  812 
 58  817 
 58  810 
 58  803 
 58  806 
 58  802 
 58  819 
 58  783 
 58  785 
 58  786 
 58  787 
 58  782 
 58  791 
 58  805 
 58  800 
 58  788 
 58  817 
 58  807 
 58  807 
 58  830 
 58  816 
 58  815 
 58  817 
 58  805 
 58  782 
 58  808 
 58  776 
 58  798 
 58  811 
 58  797 
 58  780 
 58  830 
 58  815 
 58  787 
 58  794 
 58  804 
 58  811 
 58  815 
 58  798 
 58  798 
 58  820 
 58  805 
 58  822 
 58  826 
 58  815 
 58  794 
 58  818 
 58  807 
 58  798 
 58  815 
 58  819 
 58  812 
 58  773 
 58  831 
 58  804 
 58  837 
 58  787 
 58  796 
 58  817 
 58  797 
 58  792 
 58  814 
 58  783 
 58  813 
 58  805 
 58  789 
 58  793 
 58  817 
 58  803 
 58  807 
 58  801 
 58  818 
 58  797 
 58  798 
 58  813 
 58  811 
 58  792 
 58  773 
 58  814 
 58  796 
 58  798 
 58  818 
 58  834 
 58  798 
 58  807 
 58  801 
 58  820 
 58  805 
 58  829 
 58  827 
 58  782 
 58  797 
 58  827 
 58  785 
 58  805 
 58  808 
 58  823 
 58  801 
 58  820 
 58  781 
 58  816 
 58  825 
 58  814 
 58  786 
 58  818 
 58  809 
 58  808 
 58  812 
 58  812 
 58  816 
 58  801 
 58  808 
 58  776 
 58  824 
 58  778 
 58  809 
 58  778 
 58  801 
 58  801 
 58  788 
 58  830 
 58  776 
 58  827 
 58  797 
 58  805 
 58  775 
 58  807 
 58  827 
 58  797 
 58  804 
 58  799 
 58  818 
 58  816 
 58  792 
 58  817 
 58  823 
 58  811 
 58  815 
 58  850 
 58  805 
 58  795 
 58  774 
 58  804 
 58  832 
 58  802 
 58  813 
 58  821 
 58  787 
 58  797 
 58  803 
 58  807 
 58  822 
 58  794 
 58  807 
 58  797 
 58  805 
 58  801 
 58  791 
 58  827 
 58  812 
 58  811 
 58  803 
 58  818 
 58  796 
 58  815 
 58  828 
 58  818 
 58  795 
 58  803 
 58  807 
 58  803 
 58  810 
 58  811 
 58  832 
 58  791 
 58  807 
 58  835 
 58  769 
 58  759 
 58  828 
 58  817 
 58  810 
 58  818 
 58  799 
 58  784 
 58  797 
 58  828 
 58  821 
 58  824 
 58  795 
 58  827 
 58  787 
 58  795 
 58  823 
 58  801 
 58  821 
 58  826 
 58  797 
 58  799 
 58  823 
 58  828 
 58  823 
 58  798 
 58  789 
 58  810 
 58  780 
 58  796 
 58  796 
 58  824 
 58  807 
 58  801 
 58  833 
 58  819 
 58  804 
 58  796 
 58  810 
 58  808 
 58  785 
 58  802 
 58  810 
 58  821 
 58  774 
 58  800 
 58  784 
 58  791 
 58  800 
 58  832 
 58  835 
 58  805 
 58  803 
 58  802 
 58  810 
 58  792 
 58  814 
 58  811 
 58  787 
 58  812 
 58  788 
 58  810 
 58  822 
 58  812 
 58  811 
 58  799 
 58  798 
 58  809 
 58  815 
 58  793 
 58  799 
 58  805 
 58  782 
 58  828 
 58  803 
 58  785 
 58  805 
 58  802 
 58  797 
 58  812 
 58  805 
 58  781 
 58  805 
 58  802 
 58  796 
 58  794 
 58  797 
 58  786 
 58  808 
 58  800 
 58  807 
 58  799 
 58  797 
 58  810 
 58  816 
 58  812 
 58  784 
 58  804 
 58  823 
 58  831 
 58  816 
 58  815 
 58  808 
 58  798 
 58  813 
 58  812 
 58  813 
 58  819 
 58  806 
 58  827 
 58  784 
 58  798 
 58  771 
 58  829 
 58  801 
 58  776 
 58  804 
 58  805 
 58  800 
 58  806 
 58  800 
 58  788 
 58  800 
 58  796 
 58  797 
 58  796 
 58  811 
 58  798 
 58  817 
 58  782 
 58  786 
 58  782 
 58  810 
 58  794 
 58  809 
 58  814 
 58  816 
 58  829 
 58  828 
 58  791 
 58  779 
 58  809 
 58  813 
 58  799 
 58  801 
 58  794 
 58  798 
 58  797 
 58  788 
 58  811 
 58  821 
 58  808 
 58  821 
 58  830 
 58  801 
 58  807 
 58  775 
 58  775 
 58  816 
 58  807 
 58  787 
 58  804 
 58  789 
 58  809 
 58  803 
 58  796 
 58  808 
 58  779 
 58  813 
 58  838 
 58  799 
 58  809 
 58  809 
 58  788 
 58  812 
 58  818 
 58  801 
 58  830 
 58  794 
 58  801 
 58  785 
 58  799 
 58  822 
 58  795 
 58  792 
 58  808 
 58  818 
 58  811 
 58  822 
 58  808 
 58  808 
 58  813 
 58  802 
 58  795 
 58  827 
 58  804 
 58  803 
 58  779 
 58  780 
 58  822 
 58  838 
 58  818 
 58  803 
 58  837 
 58  798 
 58  811 
 58  802 
 58  821 
 58  805 
 58  823 
 58  813 
 58  786 
 58  815 
 58  810 
 58  791 
 58  822 
 58  811 
 58  830 
 58  787 
 58  806 
 58  807 
 58  818 
 58  803 
 58  807 
 58  818 
 58  818 
 58  799 
 58  806 
 58  801 
 58  812 
 58  810 
 58  769 
 58  816 
 58  832 
 58  822 
 58  815 
 58  785 
 58  809 
 58  808 
 58  833 
 58  791 
 58  809 
 58  797 
 58  809 
 58  806 
 58  814 
 58  801 
 58  812 
 58  786 
 58  808 
 58  809 
 58  799 
 58  791 
 58  797 
 58  801 
 58  830 
 58  803 
 58  824 
 58  798 
 58  812 
 58  799 
 58  838 
 58  772 
 58  813 
 58  799 
 58  792 
 58  789 
 58  816 
 58  795 
 58  811 
 58  803 
 58  827 
 58  799 
 58  775 
 58  808 
 58  818 
 58  774 
 58  810 
 58  813 
 58  810 
 58  817 
 58  830 
 58  791 
 58  776 
 58  800 
 58  813 
 58  811 
 58  812 
 58  818 
 58  811 
 58  794 
 58  807 
 58  787 
 58  805 
 58  813 
 58  782 
 58  834 
 58  803 
 58  800 
 58  806 
 58  806 
 58  814 
 58  801 
 58  826 
 58  804 
 58  787 
 58  791 
 58  812 
 58  811 
 58  785 
 58  820 
 58  825 
 58  807 
 58  813 
 58  782 
 58  808 
 58  816 
 58  794 
 58  808 
 58  793 
 58  806 
 58  810 
 58  804 
 58  803 
 58  795 
 58  812 
 58  801 
 58  782 
 58  790 
 58  813 
 58  798 
 58  791 
 58  824 
 58  832 
 58  813 
 58  823 
 58  792 
 58  825 
 58  829 
 58  802 
 58  793 
 58  795 
 58  800 
 58  806 
 58  822 
 58  820 
 58  793 
 58  812 
 58  788 
 58  814 
 58  776 
 58  819 
 58  780 
 58  823 
 58  795 
 58  805 
 58  797 
 58  793 
 58  814 
 58  815 
 58  814 
 58  818 
 58  791 
 58  810 
 58  810 
 58  810 
 58  799 
 58  785 
 58  781 
 58  802 
 58  795 
 58  795 
 59  824 
 59  815 
 59  796 
 59  779 
 59  810 
 59  802 
 59  819 
 59  797 
 59  827 
 59  814 
 59  823 
 59  793 
 59  804 
 59  802 
 59  810 
 59  829 
 59  818 
 59  790 
 59  810 
 59  820 
 59  809 
 59  803 
 59  803 
 59  803 
 59  815 
 59  812 
 59  792 
 59  827 
 59  797 
 59  789 
 59  817 
 59  832 
 59  784 
 59  802 
 59  803 
 59  808 
 59  810 
 59  829 
 59  820 
 59  824 
 59  800 
 59  791 
 59  822 
 59  807 
 59  790 
 59  803 
 59  801 
 59  826 
 59  803 
 59  802 
 59  813 
 59  806 
 59  810 
 59  802 
 59  814 
 59  812 
 59  797 
 59  780 
 59  800 
 59  813 
 59  785 
 59  822 
 59  799 
 59  820 
 59  793 
 59  807 
 59  796 
 59  821 
 59  806 
 59  816 
 59  821 
 59  809 
 59  792 
 59  780 
 59  799 
 59  799 
 59  806 
 59  807 
 59  805 
 59  820 
 59  816 
 59  800 
 59  804 
 59  803 
 59  827 
 59  774 
 59  788 
 59  813 
 59  810 
 59  797 
 59  831 
 59  825 
 59  808 
 59  784 
 59  812 
 59  824 
 59  816 
 59  814 
 59  806 
 59  798 
 59  803 
 59  813 
 59  803 
 59  796 
 59  802 
 59  825 
 59  806 
 59  816 
 59  817 
 59  821 
 59  812 
 59  808 
 59  808 
 59  815 
 59  820 
 59  807 
 59  799 
 59  801 
 59  832 
 59  811 
 59  809 
 59  818 
 59  792 
 59  832 
 59  792 
 59  820 
 59  800 
 59  793 
 59  812 
 59  803 
 59  765 
 59  787 
 59  808 
 59  819 
 59  817 
 59  806 
 59  818 
 59  813 
 59  839 
 59  802 
 59  785 
 59  796 
 59  821 
 59  789 
 59  808 
 59  776 
 59  803 
 59  810 
 59  798 
 59  808 
 59  790 
 59  814 
 59  828 
 59  822 
 59  832 
 59  834 
 59  808 
 59  796 
 59  834 
 59  788 
 59  815 
 59  809 
 59  800 
 59  796 
 59  797 
 59  801 
 59  814 
 59  833 
 59  827 
 59  816 
 59  804 
 59  820 
 59  793 
 59  816 
 59  801 
 59  816 
 59  790 
 59  821 
 59  798 
 59  815 
 59  813 
 59  818 
 59  808 
 59  798 
 59  813 
 59  783 
 59  807 
 59  812 
 59  788 
 59  789 
 59  820 
 59  799 
 59  806 
 59  795 
 59  799 
 59  818 
 59  804 
 59  813 
 59  797 
 59  816 
 59  808 
 59  823 
 59  837 
 59  830 
 59  808 
 59  828 
 59  827 
 59  820 
 59  820 
 59  828 
 59  819 
 59  816 
 59  797 
 59  801 
 59  816 
 59  782 
 59  788 
 59  822 
 59  803 
 59  823 
 59  815 
 59  820 
 59  797 
 59  795 
 59  825 
 59  834 
 59  787 
 59  801 
 59  814 
 59  802 
 59  820 
 59  827 
 59  791 
 59  802 
 59  805 
 59  806 
 59  827 
 59  809 
 59  797 
 59  781 
 59  813 
 59  826 
 59  812 
 59  812 
 59  800 
 59  795 
 59  800 
 59  817 
 59  804 
 59  808 
 59  805 
 59  825 
 59  824 
 59  811 
 59  778 
 59  812 
 59  810 
 59  796 
 59  832 
 59  804 
 59  832 
 59  831 
 59  809 
 59  833 
 59  816 
 59  810 
 59  822 
 59  801 
 59  792 
 59  828 
 59  801 
 59  835 
 59  795 
 59  803 
 59  822 
 59  799 
 59  816 
 59  807 
 59  827 
 59  798 
 59  821 
 59  803 
 59  807 
 59  826 
 59  820 
 59  798 
 59  813 
 59  832 
 59  780 
 59  809 
 59  811 
 59  813 
 59  795 
 59  830 
 59  808 
 59  831 
 59  802 
 59  799 
 59  830 
 59  819 
 59  797 
 59  804 
 59  813 
 59  793 
 59  813 
 59  829 
 59  807 
 59  823 
 59  807 
 59  802 
 59  811 
 59  825 
 59  803 
 59  811 
 59  815 
 59  813 
 59  793 
 59  818 
 59  813 
 59  820 
 59  794 
 59  808 
 59  821 
 59  814 
 59  822 
 59  822 
 59  817 
 59  800 
 59  814 
 59  817 
 59  788 
 59  791 
 59  805 
 59  796 
 59  821 
 59  812 
 59  826 
 59  814 
 59  801 
 59  829 
 59  801 
 59  790 
 59  812 
 59  807 
 59  817 
 59  785 
 59  812 
 59  826 
 59  777 
 59  787 
 59  802 
 59  815 
 59  800 
 59  809 
 59  822 
 59  805 
 59  808 
 59  820 
 59  823 
 59  811 
 59  814 
 59  800 
 59  803 
 59  825 
 59  822 
 59  824 
 59  816 
 59  796 
 59  797 
 59  792 
 59  791 
 59  822 
 59  836 
 59  820 
 59  791 
 59  800 
 59  799 
 59  820 
 59  814 
 59  833 
 59  797 
 59  811 
 59  815 
 59  823 
 59  793 
 59  840 
 59  817 
 59  809 
 59  820 
 59  815 
 59  816 
 59  823 
 59  803 
 59  807 
 59  786 
 59  798 
 59  799 
 59  850 
 59  793 
 59  804 
 59  818 
 59  799 
 59  810 
 59  811 
 59  828 
 59  795 
 59  825 
 59  816 
 59  799 
 59  812 
 59  840 
 59  803 
 59  812 
 59  808 
 59  779 
 59  804 
 59  816 
 59  820 
 59  819 
 59  824 
 59  805 
 59  819 
 59  800 
 59  800 
 59  807 
 59  787 
 59  820 
 59  814 
 59  804 
 59  797 
 59  805 
 59  805 
 59  796 
 59  814 
 59  813 
 59  815 
 59  804 
 59  833 
 59  814 
 59  798 
 59  832 
 59  813 
 59  799 
 59  819 
 59  811 
 59  804 
 59  818 
 59  825 
 59  820 
 59  815 
 59  812 
 59  802 
 59  825 
 59  811 
 59  789 
 59  830 
 59  835 
 59  793 
 59  786 
 59  815 
 59  821 
 59  809 
 59  826 
 59  798 
 59  826 
 59  822 
 59  826 
 59  831 
 59  822 
 59  793 
 59  815 
 59  815 
 59  814 
 59  793 
 59  822 
 59  823 
 59  817 
 59  813 
 59  806 
 59  816 
 59  799 
 59  804 
 59  833 
 59  831 
 59  817 
 59  809 
 59  822 
 59  803 
 59  791 
 59  809 
 59  820 
 59  796 
 59  782 
 59  804 
 59  819 
 59  821 
 59  813 
 59  816 
 59  811 
 59  787 
 59  837 
 59  802 
 59  811 
 59  791 
 59  790 
 59  815 
 59  806 
 59  830 
 59  812 
 59  801 
 59  842 
 59  810 
 59  832 
 59  799 
 59  792 
 59  793 
 59  826 
 59  831 
 59  819 
 59  817 
 59  815 
 59  814 
 59  789 
 59  823 
 59  797 
 59  808 
 59  776 
 59  804 
 59  833 
 59  801 
 59  825 
 59  819 
 59  797 
 59  833 
 59  812 
 59  793 
 59  828 
 59  796 
 59  799 
 59  820 
 59  818 
 59  813 
 59  810 
 59  815 
 59  810 
 59  800 
 59  787 
 59  832 
 59  808 
 59  802 
 59  792 
 59  840 
 59  806 
 59  841 
 59  817 
 59  840 
 59  813 
 59  783 
 59  800 
 59  800 
 59  795 
 59  819 
 59  810 
 59  796 
 59  819 
 59  805 
 59  838 
 59  783 
 59  812 
 59  832 
 59  813 
 59  817 
 59  803 
 59  827 
 59  784 
 59  793 
 59  817 
 59  796 
 59  808 
 59  809 
 59  809 
 59  797 
 59  795 
 59  804 
 59  820 
 59  811 
 59  815 
 59  805 
 59  827 
 59  793 
 59  790 
 59  806 
 59  811 
 59  803 
 59  809 
 59  814 
 59  816 
 59  794 
 59  792 
 59  798 
 59  816 
 59  801 
 59  798 
 59  805 
 59  784 
 59  812 
 59  795 
 59  797 
 59  812 
 59  804 
 59  806 
 59  808 
 59  814 
 59  802 
 59  813 
 59  809 
 59  801 
 59  830 
 59  820 
 59  799 
 59  806 
 59  815 
 59  811 
 59  799 
 59  820 
 59  793 
 59  822 
 59  799 
 59  826 
 59  817 
 59  826 
 59  822 
 59  808 
 59  810 
 59  787 
 59  802 
 59  809 
 59  792 
 59  816 
 59  812 
 59  803 
 59  798 
 59  810 
 59  804 
 59  836 
 59  824 
 59  799 
 59  820 
 59  797 
 59  796 
 59  816 
 59  811 
 59  814 
 59  809 
 59  812 
 59  803 
 59  790 
 59  813 
 59  812 
 59  811 
 59  822 
 59  808 
 59  826 
 59  839 
 59  818 
 59  795 
 59  789 
 59  804 
 59  820 
 59  814 
 59  833 
 59  827 
 59  825 
 59  822 
 59  826 
 59  782 
 59  793 
 59  800 
 59  788 
 59  796 
 59  831 
 59  829 
 59  801 
 59  820 
 59  804 
 59  817 
 59  832 
 59  822 
 59  812 
 59  812 
 59  817 
 59  800 
 59  812 
 59  828 
 59  805 
 59  805 
 59  813 
 59  815 
 59  806 
 59  816 
 59  810 
 59  823 
 59  794 
 59  819 
 59  816 
 59  832 
 59  796 
 59  848 
 59  821 
 59  805 
 59  835 
 59  813 
 59  784 
 59  831 
 59  825 
 59  817 
 59  849 
 59  810 
 59  819 
 59  794 
 59  803 
 59  792 
 59  804 
 59  815 
 59  809 
 59  795 
 59  824 
 59  826 
 59  807 
 59  808 
 59  812 
 59  826 
 59  818 
 59  826 
 59  792 
 59  793 
 59  814 
 59  807 
 59  800 
 59  788 
 59  835 
 59  808 
 59  799 
 59  831 
 59  812 
 59  797 
 59  826 
 59  812 
 59  820 
 59  799 
 59  833 
 59  820 
 59  801 
 59  790 
 59  815 
 59  799 
 59  807 
 59  809 
 59  819 
 59  820 
 59  827 
 59  799 
 59  798 
 59  804 
 59  813 
 59  794 
 59  804 
 59  800 
 59  797 
 59  817 
 59  801 
 59  818 
 59  819 
 59  809 
 59  789 
 59  815 
 59  830 
 59  805 
 59  804 
 59  813 
 59  822 
 59  789 
 59  803 
 59  829 
 59  789 
 59  808 
 59  813 
 59  813 
 59  808 
 59  832 
 59  806 
 59  785 
 59  830 
 59  807 
 59  845 
 59  812 
 59  804 
 59  826 
 59  814 
 59  800 
 59  824 
 59  800 
 59  789 
 59  793 
 59  832 
 59  793 
 59  839 
 59  822 
 59  827 
 59  835 
 59  812 
 59  804 
 59  813 
 59  800 
 59  796 
 59  811 
 59  799 
 59  805 
 59  809 
 59  792 
 59  804 
 59  808 
 59  808 
 59  800 
 59  782 
 59  822 
 59  814 
 59  799 
 59  803 
 59  807 
 59  846 
 59  819 
 59  801 
 59  824 
 59  806 
 59  800 
 59  834 
 59  794 
 59  818 
 59  832 
 59  821 
 59  816 
 59  811 
 59  806 
 59  807 
 59  794 
 59  817 
 59  808 
 59  814 
 59  822 
 59  797 
 59  791 
 59  808 
 59  831 
 59  811 
 59  823 
 59  816 
 59  807 
 59  807 
 59  818 
 59  809 
 59  795 
 59  808 
 59  831 
 59  797 
 59  798 
 59  839 
 59  817 
 59  790 
 59  792 
 59  810 
 59  822 
 59  809 
 59  808 
 59  832 
 59  804 
 59  821 
 59  805 
 59  804 
 59  813 
 59  800 
 59  806 
 59  842 
 59  848 
 59  803 
 59  819 
 59  810 
 59  817 
 59  779 
 59  822 
 59  820 
 59  792 
 59  802 
 59  792 
 59  809 
 59  833 
 59  780 
 59  817 
 59  819 
 59  817 
 59  799 
 59  798 
 59  814 
 59  800 
 59  796 
 59  804 
 59  803 
 59  797 
 59  813 
 59  814 
 59  809 
 59  802 
 59  802 
 59  792 
 59  826 
 59  791 
 59  804 
 59  801 
 59  831 
 59  809 
 59  830 
 59  795 
 59  824 
 59  823 
 59  805 
 59  817 
 59  816 
 59  793 
 59  811 
 59  809 
 59  809 
 59  809 
 59  775 
 59  791 
 59  802 
 59  803 
 59  799 
 59  812 
 59  821 
 59  809 
 59  813 
 59  805 
 59  782 
 59  819 
 59  820 
 59  809 
 59  813 
 59  802 
 59  819 
 59  805 
 59  803 
 59  791 
 59  794 
 59  790 
 59  779 
 59  832 
 59  783 
 59  802 
 59  822 
 59  816 
 59  800 
 59  809 
 59  812 
 59  821 
 59  809 
 59  818 
 59  834 
 59  824 
 59  814 
 59  821 
 59  807 
 59  795 
 59  838 
 59  789 
 59  830 
 59  794 
 59  797 
 59  814 
 59  813 
 59  806 
 59  790 
 59  820 
 59  802 
 59  795 
 59  797 
 59  794 
 59  787 
 59  797 
 59  812 
 59  817 
 59  813 
 59  796 
 59  813 
 59  839 
 59  792 
 59  801 
 59  792 
 59  829 
 59  806 
 59  804 
 60  797 
 60  830 
 60  813 
 60  819 
 60  816 
 60  808 
 60  816 
 60  820 
 60  814 
 60  800 
 60  809 
 60  788 
 60  794 
 60  818 
 60  822 
 60  802 
 60  772 
 60  822 
 60  800 
 60  812 
 60  788 
 60  818 
 60  819 
 60  832 
 60  818 
 60  826 
 60  817 
 60  806 
 60  834 
 60  827 
 60  821 
 60  826 
 60  845 
 60  803 
 60  780 
 60  804 
 60  796 
 60  831 
 60  837 
 60  817 
 60  798 
 60  806 
 60  817 
 60  819 
 60  816 
 60  814 
 60  837 
 60  802 
 60  821 
 60  821 
 60  816 
 60  806 
 60  821 
 60  820 
 60  814 
 60  820 
 60  792 
 60  829 
 60  816 
 60  817 
 60  796 
 60  825 
 60  809 
 60  810 
 60  805 
 60  828 
 60  837 
 60  822 
 60  818 
 60  827 
 60  786 
 60  820 
 60  809 
 60  833 
 60  810 
 60  804 
 60  807 
 60  831 
 60  803 
 60  802 
 60  832 
 60  832 
 60  835 
 60  836 
 60  819 
 60  811 
 60  817 
 60  812 
 60  825 
 60  831 
 60  797 
 60  815 
 60  814 
 60  791 
 60  813 
 60  808 
 60  776 
 60  849 
 60  817 
 60  800 
 60  804 
 60  808 
 60  807 
 60  798 
 60  824 
 60  836 
 60  798 
 60  794 
 60  822 
 60  802 
 60  805 
 60  842 
 60  815 
 60  829 
 60  829 
 60  794 
 60  830 
 60  807 
 60  818 
 60  808 
 60  816 
 60  819 
 60  820 
 60  834 
 60  792 
 60  831 
 60  838 
 60  811 
 60  821 
 60  814 
 60  807 
 60  806 
 60  802 
 60  801 
 60  817 
 60  802 
 60  812 
 60  829 
 60  809 
 60  821 
 60  833 
 60  802 
 60  818 
 60  826 
 60  791 
 60  822 
 60  787 
 60  817 
 60  797 
 60  804 
 60  828 
 60  794 
 60  806 
 60  825 
 60  832 
 60  811 
 60  837 
 60  801 
 60  803 
 60  822 
 60  830 
 60  807 
 60  801 
 60  817 
 60  800 
 60  814 
 60  805 
 60  798 
 60  809 
 60  817 
 60  800 
 60  792 
 60  812 
 60  818 
 60  803 
 60  796 
 60  814 
 60  792 
 60  810 
 60  830 
 60  788 
 60  823 
 60  819 
 60  824 
 60  799 
 60  826 
 60  821 
 60  789 
 60  807 
 60  799 
 60  802 
 60  802 
 60  822 
 60  846 
 60  820 
 60  803 
 60  808 
 60  839 
 60  815 
 60  835 
 60  830 
 60  819 
 60  825 
 60  840 
 60  792 
 60  801 
 60  805 
 60  818 
 60  814 
 60  788 
 60  850 
 60  814 
 60  813 
 60  838 
 60  802 
 60  817 
 60  788 
 60  836 
 60  804 
 60  815 
 60  811 
 60  807 
 60  797 
 60  813 
 60  847 
 60  796 
 60  829 
 60  787 
 60  835 
 60  821 
 60  815 
 60  823 
 60  818 
 60  847 
 60  843 
 60  806 
 60  817 
 60  817 
 60  828 
 60  824 
 60  779 
 60  833 
 60  810 
 60  831 
 60  813 
 60  818 
 60  813 
 60  815 
 60  831 
 60  794 
 60  824 
 60  818 
 60  806 
 60  813 
 60  830 
 60  816 
 60  808 
 60  815 
 60  809 
 60  804 
 60  802 
 60  806 
 60  810 
 60  815 
 60  812 
 60  782 
 60  800 
 60  788 
 60  811 
 60  795 
 60  814 
 60  803 
 60  803 
 60  818 
 60  805 
 60  797 
 60  787 
 60  813 
 60  827 
 60  817 
 60  811 
 60  815 
 60  803 
 60  806 
 60  830 
 60  835 
 60  817 
 60  816 
 60  813 
 60  819 
 60  814 
 60  812 
 60  798 
 60  840 
 60  811 
 60  822 
 60  831 
 60  812 
 60  785 
 60  801 
 60  800 
 60  804 
 60  824 
 60  813 
 60  815 
 60  799 
 60  800 
 60  820 
 60  809 
 60  796 
 60  828 
 60  859 
 60  825 
 60  823 
 60  825 
 60  826 
 60  810 
 60  792 
 60  840 
 60  822 
 60  801 
 60  831 
 60  813 
 60  855 
 60  820 
 60  805 
 60  799 
 60  805 
 60  820 
 60  809 
 60  783 
 60  830 
 60  842 
 60  822 
 60  796 
 60  822 
 60  792 
 60  831 
 60  795 
 60  826 
 60  818 
 60  812 
 60  821 
 60  816 
 60  845 
 60  801 
 60  801 
 60  828 
 60  801 
 60  811 
 60  806 
 60  820 
 60  784 
 60  823 
 60  817 
 60  816 
 60  808 
 60  811 
 60  817 
 60  811 
 60  827 
 60  823 
 60  802 
 60  812 
 60  814 
 60  818 
 60  813 
 60  799 
 60  813 
 60  808 
 60  811 
 60  801 
 60  824 
 60  825 
 60  830 
 60  819 
 60  821 
 60  811 
 60  819 
 60  819 
 60  800 
 60  827 
 60  794 
 60  836 
 60  803 
 60  808 
 60  835 
 60  812 
 60  833 
 60  794 
 60  827 
 60  823 
 60  814 
 60  828 
 60  804 
 60  824 
 60  819 
 60  839 
 60  819 
 60  805 
 60  805 
 60  826 
 60  799 
 60  810 
 60  843 
 60  803 
 60  827 
 60  826 
 60  832 
 60  800 
 60  804 
 60  800 
 60  787 
 60  804 
 60  808 
 60  798 
 60  816 
 60  792 
 60  798 
 60  822 
 60  834 
 60  822 
 60  851 
 60  814 
 60  815 
 60  801 
 60  819 
 60  839 
 60  840 
 60  794 
 60  822 
 60  822 
 60  777 
 60  827 
 60  813 
 60  812 
 60  805 
 60  798 
 60  816 
 60  786 
 60  809 
 60  847 
 60  818 
 60  807 
 60  797 
 60  807 
 60  802 
 60  813 
 60  815 
 60  817 
 60  823 
 60  809 
 60  811 
 60  831 
 60  822 
 60  805 
 60  817 
 60  810 
 60  820 
 60  806 
 60  816 
 60  806 
 60  819 
 60  796 
 60  819 
 60  803 
 60  814 
 60  805 
 60  820 
 60  817 
 60  814 
 60  827 
 60  790 
 60  817 
 60  803 
 60  800 
 60  814 
 60  786 
 60  805 
 60  796 
 60  805 
 60  784 
 60  822 
 60  804 
 60  832 
 60  803 
 60  804 
 60  823 
 60  805 
 60  819 
 60  811 
 60  828 
 60  815 
 60  826 
 60  825 
 60  809 
 60  832 
 60  798 
 60  815 
 60  840 
 60  808 
 60  826 
 60  808 
 60  798 
 60  815 
 60  805 
 60  790 
 60  815 
 60  826 
 60  802 
 60  849 
 60  817 
 60  830 
 60  822 
 60  814 
 60  808 
 60  817 
 60  806 
 60  791 
 60  786 
 60  813 
 60  826 
 60  801 
 60  816 
 60  800 
 60  828 
 60  824 
 60  801 
 60  785 
 60  803 
 60  821 
 60  824 
 60  800 
 60  809 
 60  809 
 60  826 
 60  813 
 60  824 
 60  828 
 60  800 
 60  823 
 60  832 
 60  792 
 60  796 
 60  839 
 60  801 
 60  822 
 60  797 
 60  821 
 60  818 
 60  815 
 60  818 
 60  788 
 60  787 
 60  836 
 60  794 
 60  834 
 60  828 
 60  815 
 60  813 
 60  813 
 60  811 
 60  811 
 60  801 
 60  824 
 60  817 
 60  814 
 60  811 
 60  811 
 60  800 
 60  807 
 60  822 
 60  849 
 60  816 
 60  802 
 60  802 
 60  813 
 60  795 
 60  795 
 60  792 
 60  841 
 60  828 
 60  794 
 60  815 
 60  823 
 60  789 
 60  812 
 60  824 
 60  812 
 60  811 
 60  812 
 60  802 
 60  812 
 60  794 
 60  838 
 60  805 
 60  799 
 60  797 
 60  806 
 60  825 
 60  836 
 60  819 
 60  815 
 60  826 
 60  798 
 60  805 
 60  807 
 60  797 
 60  816 
 60  813 
 60  799 
 60  800 
 60  838 
 60  810 
 60  817 
 60  813 
 60  800 
 60  824 
 60  834 
 60  819 
 60  789 
 60  825 
 60  804 
 60  817 
 60  821 
 60  802 
 60  811 
 60  823 
 60  808 
 60  804 
 60  828 
 60  824 
 60  834 
 60  825 
 60  825 
 60  800 
 60  826 
 60  826 
 60  843 
 60  821 
 60  813 
 60  774 
 60  795 
 60  800 
 60  812 
 60  806 
 60  826 
 60  814 
 60  798 
 60  812 
 60  846 
 60  819 
 60  816 
 60  802 
 60  835 
 60  773 
 60  832 
 60  819 
 60  804 
 60  807 
 60  816 
 60  789 
 60  805 
 60  809 
 60  795 
 60  802 
 60  795 
 60  815 
 60  792 
 60  809 
 60  820 
 60  805 
 60  809 
 60  799 
 60  831 
 60  827 
 60  816 
 60  822 
 60  809 
 60  802 
 60  818 
 60  814 
 60  802 
 60  805 
 60  813 
 60  831 
 60  825 
 60  814 
 60  825 
 60  814 
 60  807 
 60  806 
 60  848 
 60  798 
 60  785 
 60  805 
 60  811 
 60  812 
 60  790 
 60  814 
 60  812 
 60  817 
 60  794 
 60  804 
 60  829 
 60  808 
 60  802 
 60  816 
 60  824 
 60  812 
 60  838 
 60  809 
 60  813 
 60  808 
 60  817 
 60  791 
 60  820 
 60  820 
 60  827 
 60  835 
 60  800 
 60  836 
 60  830 
 60  830 
 60  792 
 60  798 
 60  825 
 60  824 
 60  829 
 60  819 
 60  824 
 60  812 
 60  831 
 60  808 
 60  837 
 60  814 
 60  826 
 60  797 
 60  800 
 60  793 
 60  807 
 60  835 
 60  817 
 60  808 
 60  821 
 60  808 
 60  809 
 60  798 
 60  806 
 60  819 
 60  808 
 60  823 
 60  812 
 60  813 
 60  816 
 60  812 
 60  840 
 60  827 
 60  805 
 60  805 
 60  808 
 60  795 
 60  797 
 60  821 
 60  807 
 60  819 
 60  805 
 60  827 
 60  824 
 60  819 
 60  814 
 60  785 
 60  808 
 60  810 
 60  828 
 60  836 
 60  810 
 60  823 
 60  789 
 60  837 
 60  815 
 60  829 
 60  836 
 60  828 
 60  785 
 60  798 
 60  845 
 60  824 
 60  833 
 60  802 
 60  801 
 60  789 
 60  804 
 60  786 
 60  814 
 60  805 
 60  807 
 60  819 
 60  804 
 60  830 
 60  810 
 60  821 
 60  835 
 60  813 
 60  798 
 60  788 
 60  814 
 60  810 
 60  811 
 60  816 
 60  809 
 60  811 
 60  818 
 60  835 
 60  815 
 60  816 
 60  836 
 60  816 
 60  770 
 60  818 
 60  793 
 60  798 
 60  794 
 60  805 
 60  831 
 60  824 
 60  801 
 60  824 
 60  817 
 60  850 
 60  822 
 60  801 
 60  804 
 60  810 
 60  820 
 60  825 
 60  808 
 60  818 
 60  803 
 60  804 
 60  816 
 60  823 
 60  812 
 60  831 
 60  787 
 60  806 
 60  809 
 60  820 
 60  818 
 60  799 
 60  804 
 60  807 
 60  830 
 60  805 
 60  823 
 60  813 
 60  819 
 60  844 
 60  797 
 60  832 
 60  826 
 60  785 
 60  819 
 60  820 
 60  821 
 60  792 
 60  815 
 60  802 
 60  806 
 60  812 
 60  792 
 60  807 
 60  825 
 60  831 
 60  819 
 60  823 
 60  810 
 60  818 
 60  831 
 60  820 
 60  819 
 60  820 
 60  810 
 60  812 
 60  795 
 60  820 
 60  814 
 60  813 
 60  795 
 60  824 
 60  841 
 60  826 
 60  795 
 60  809 
 60  806 
 60  814 
 60  795 
 60  813 
 60  803 
 60  818 
 60  836 
 60  818 
 60  801 
 60  818 
 60  808 
 60  837 
 60  823 
 60  819 
 60  791 
 60  812 
 60  822 
 60  809 
 60  830 
 60  819 
 60  831 
 60  831 
 60  812 
 60  806 
 60  806 
 60  807 
 60  799 
 60  827 
 60  810 
 60  810 
 60  820 
 60  798 
 60  826 
 60  813 
 60  821 
 60  815 
 60  827 
 60  806 
 60  820 
 60  799 
 60  816 
 60  811 
 60  798 
 60  798 
 60  807 
 60  818 
 60  812 
 60  818 
 60  804 
 60  807 
 60  820 
 60  791 
 60  797 
 60  801 
 60  805 
 60  819 
 60  812 
 60  823 
 60  825 
 60  822 
 60  853 
 60  786 
 60  828 
 60  830 
 60  818 
 60  811 
 60  789 
 60  809 
 60  824 
 60  806 
 60  796 
 60  807 
 60  824 
 60  839 
 60  811 
 60  812 
 60  816 
 60  794 
 60  831 
 60  796 
 60  812 
 60  810 
 60  824 
 60  811 
 60  823 
 60  805 
 60  818 
 60  812 
 60  811 
 60  815 
 60  808 
 60  796 
 60  798 
 60  821 
 60  819 
 60  818 
 60  818 
 60  819 
 60  837 
 60  806 
 60  843 
 60  812 
 60  813 
 60  817 
 60  801 
 60  811 
 61  820 
 61  817 
 61  830 
 61  829 
 61  823 
 61  828 
 61  826 
 61  798 
 61  819 
 61  822 
 61  812 
 61  807 
 61  829 
 61  798 
 61  828 
 61  818 
 61  840 
 61  817 
 61  817 
 61  828 
 61  800 
 61  835 
 61  828 
 61  838 
 61  826 
 61  795 
 61  804 
 61  798 
 61  834 
 61  827 
 61  825 
 61  790 
 61  816 
 61  813 
 61  812 
 61  811 
 61  828 
 61  819 
 61  815 
 61  831 
 61  822 
 61  817 
 61  839 
 61  833 
 61  796 
 61  836 
 61  824 
 61  825 
 61  816 
 61  818 
 61  827 
 61  802 
 61  827 
 61  827 
 61  803 
 61  808 
 61  813 
 61  810 
 61  823 
 61  821 
 61  837 
 61  837 
 61  812 
 61  818 
 61  827 
 61  821 
 61  815 
 61  826 
 61  825 
 61  810 
 61  815 
 61  823 
 61  821 
 61  810 
 61  797 
 61  832 
 61  829 
 61  816 
 61  814 
 61  803 
 61  796 
 61  807 
 61  822 
 61  827 
 61  825 
 61  816 
 61  827 
 61  818 
 61  827 
 61  821 
 61  840 
 61  820 
 61  814 
 61  831 
 61  816 
 61  827 
 61  815 
 61  825 
 61  804 
 61  815 
 61  823 
 61  822 
 61  818 
 61  810 
 61  826 
 61  792 
 61  812 
 61  796 
 61  829 
 61  809 
 61  802 
 61  835 
 61  825 
 61  824 
 61  814 
 61  806 
 61  828 
 61  832 
 61  825 
 61  810 
 61  819 
 61  812 
 61  818 
 61  827 
 61  831 
 61  824 
 61  851 
 61  804 
 61  817 
 61  809 
 61  819 
 61  810 
 61  810 
 61  837 
 61  829 
 61  856 
 61  798 
 61  847 
 61  831 
 61  817 
 61  814 
 61  825 
 61  820 
 61  839 
 61  806 
 61  816 
 61  814 
 61  803 
 61  839 
 61  814 
 61  819 
 61  826 
 61  833 
 61  814 
 61  825 
 61  833 
 61  800 
 61  791 
 61  837 
 61  782 
 61  813 
 61  813 
 61  815 
 61  827 
 61  817 
 61  811 
 61  827 
 61  789 
 61  830 
 61  795 
 61  825 
 61  807 
 61  846 
 61  817 
 61  839 
 61  799 
 61  822 
 61  833 
 61  821 
 61  828 
 61  844 
 61  787 
 61  816 
 61  822 
 61  832 
 61  829 
 61  848 
 61  833 
 61  844 
 61  822 
 61  813 
 61  825 
 61  834 
 61  815 
 61  824 
 61  823 
 61  817 
 61  817 
 61  801 
 61  818 
 61  809 
 61  816 
 61  799 
 61  806 
 61  811 
 61  824 
 61  814 
 61  808 
 61  827 
 61  818 
 61  812 
 61  824 
 61  838 
 61  800 
 61  828 
 61  788 
 61  834 
 61  826 
 61  825 
 61  838 
 61  811 
 61  801 
 61  810 
 61  821 
 61  824 
 61  822 
 61  821 
 61  827 
 61  805 
 61  815 
 61  806 
 61  807 
 61  820 
 61  804 
 61  830 
 61  837 
 61  832 
 61  811 
 61  823 
 61  822 
 61  809 
 61  810 
 61  810 
 61  834 
 61  832 
 61  826 
 61  801 
 61  821 
 61  807 
 61  830 
 61  851 
 61  808 
 61  803 
 61  821 
 61  837 
 61  821 
 61  818 
 61  797 
 61  812 
 61  833 
 61  824 
 61  864 
 61  828 
 61  820 
 61  817 
 61  816 
 61  814 
 61  800 
 61  820 
 61  824 
 61  839 
 61  804 
 61  821 
 61  798 
 61  839 
 61  794 
 61  810 
 61  816 
 61  824 
 61  820 
 61  812 
 61  824 
 61  811 
 61  831 
 61  831 
 61  830 
 61  844 
 61  803 
 61  818 
 61  845 
 61  838 
 61  826 
 61  820 
 61  803 
 61  813 
 61  824 
 61  822 
 61  802 
 61  829 
 61  831 
 61  842 
 61  824 
 61  837 
 61  839 
 61  799 
 61  818 
 61  791 
 61  814 
 61  810 
 61  845 
 61  826 
 61  808 
 61  835 
 61  809 
 61  817 
 61  845 
 61  809 
 61  802 
 61  799 
 61  818 
 61  811 
 61  815 
 61  829 
 61  796 
 61  836 
 61  831 
 61  818 
 61  833 
 61  825 
 61  829 
 61  809 
 61  831 
 61  797 
 61  810 
 61  803 
 61  803 
 61  825 
 61  839 
 61  801 
 61  815 
 61  813 
 61  828 
 61  821 
 61  830 
 61  837 
 61  826 
 61  797 
 61  821 
 61  824 
 61  822 
 61  798 
 61  830 
 61  803 
 61  811 
 61  803 
 61  811 
 61  822 
 61  828 
 61  823 
 61  816 
 61  803 
 61  829 
 61  829 
 61  816 
 61  819 
 61  839 
 61  815 
 61  834 
 61  838 
 61  813 
 61  833 
 61  812 
 61  808 
 61  852 
 61  828 
 61  823 
 61  815 
 61  826 
 61  826 
 61  830 
 61  814 
 61  807 
 61  813 
 61  819 
 61  811 
 61  805 
 61  828 
 61  810 
 61  817 
 61  824 
 61  811 
 61  832 
 61  819 
 61  818 
 61  811 
 61  813 
 61  814 
 61  816 
 61  815 
 61  832 
 61  815 
 61  809 
 61  809 
 61  818 
 61  833 
 61  833 
 61  829 
 61  820 
 61  819 
 61  834 
 61  811 
 61  792 
 61  815 
 61  803 
 61  793 
 61  841 
 61  842 
 61  813 
 61  800 
 61  830 
 61  821 
 61  812 
 61  823 
 61  842 
 61  824 
 61  834 
 61  820 
 61  807 
 61  815 
 61  817 
 61  797 
 61  796 
 61  812 
 61  812 
 61  807 
 61  785 
 61  816 
 61  835 
 61  826 
 61  816 
 61  829 
 61  822 
 61  833 
 61  825 
 61  806 
 61  813 
 61  826 
 61  837 
 61  821 
 61  809 
 61  830 
 61  813 
 61  817 
 61  805 
 61  802 
 61  831 
 61  844 
 61  804 
 61  797 
 61  795 
 61  816 
 61  827 
 61  825 
 61  820 
 61  816 
 61  806 
 61  808 
 61  837 
 61  840 
 61  808 
 61  809 
 61  850 
 61  827 
 61  817 
 61  810 
 61  810 
 61  820 
 61  815 
 61  809 
 61  804 
 61  818 
 61  828 
 61  816 
 61  832 
 61  818 
 61  822 
 61  815 
 61  817 
 61  826 
 61  816 
 61  805 
 61  815 
 61  796 
 61  833 
 61  831 
 61  797 
 61  835 
 61  824 
 61  816 
 61  801 
 61  819 
 61  828 
 61  814 
 61  820 
 61  788 
 61  812 
 61  819 
 61  837 
 61  825 
 61  818 
 61  806 
 61  829 
 61  796 
 61  825 
 61  819 
 61  827 
 61  804 
 61  821 
 61  823 
 61  801 
 61  807 
 61  804 
 61  803 
 61  824 
 61  813 
 61  826 
 61  803 
 61  805 
 61  819 
 61  813 
 61  828 
 61  815 
 61  804 
 61  830 
 61  803 
 61  800 
 61  812 
 61  809 
 61  826 
 61  802 
 61  834 
 61  818 
 61  804 
 61  790 
 61  809 
 61  796 
 61  828 
 61  821 
 61  807 
 61  841 
 61  798 
 61  819 
 61  822 
 61  821 
 61  838 
 61  819 
 61  805 
 61  842 
 61  834 
 61  830 
 61  824 
 61  809 
 61  796 
 61  813 
 61  816 
 61  840 
 61  811 
 61  801 
 61  794 
 61  821 
 61  828 
 61  796 
 61  822 
 61  820 
 61  821 
 61  803 
 61  796 
 61  816 
 61  820 
 61  833 
 61  832 
 61  825 
 61  808 
 61  821 
 61  841 
 61  821 
 61  810 
 61  812 
 61  802 
 61  803 
 61  813 
 61  800 
 61  834 
 61  809 
 61  822 
 61  809 
 61  821 
 61  837 
 61  811 
 61  822 
 61  834 
 61  835 
 61  805 
 61  820 
 61  830 
 61  835 
 61  810 
 61  829 
 61  828 
 61  823 
 61  801 
 61  811 
 61  823 
 61  801 
 61  821 
 61  794 
 61  824 
 61  827 
 61  832 
 61  835 
 61  836 
 61  809 
 61  815 
 61  807 
 61  830 
 61  814 
 61  834 
 61  819 
 61  812 
 61  827 
 61  845 
 61  832 
 61  835 
 61  818 
 61  819 
 61  822 
 61  824 
 61  824 
 61  830 
 61  826 
 61  806 
 61  844 
 61  822 
 61  824 
 61  833 
 61  822 
 61  792 
 61  815 
 61  821 
 61  825 
 61  833 
 61  791 
 61  827 
 61  820 
 61  802 
 61  794 
 61  808 
 61  798 
 61  822 
 61  812 
 61  828 
 61  827 
 61  813 
 61  828 
 61  816 
 61  812 
 61  806 
 61  842 
 61  814 
 61  810 
 61  833 
 61  868 
 61  823 
 61  786 
 61  813 
 61  841 
 61  824 
 61  800 
 61  820 
 61  829 
 61  823 
 61  840 
 61  815 
 61  807 
 61  807 
 61  845 
 61  828 
 61  796 
 61  820 
 61  826 
 61  804 
 61  828 
 61  804 
 61  824 
 61  821 
 61  826 
 61  825 
 61  828 
 61  852 
 61  793 
 61  795 
 61  810 
 61  813 
 61  801 
 61  830 
 61  799 
 61  820 
 61  811 
 61  808 
 61  818 
 61  805 
 61  822 
 61  821 
 61  810 
 61  820 
 61  812 
 61  795 
 61  818 
 61  822 
 61  821 
 61  818 
 61  817 
 61  833 
 61  816 
 61  795 
 61  827 
 61  823 
 61  822 
 61  833 
 61  815 
 61  832 
 61  804 
 61  823 
 61  820 
 61  802 
 61  842 
 61  825 
 61  815 
 61  824 
 61  827 
 61  824 
 61  821 
 61  827 
 61  809 
 61  824 
 61  815 
 61  803 
 61  807 
 61  836 
 61  816 
 61  807 
 61  830 
 61  794 
 61  821 
 61  792 
 61  845 
 61  817 
 61  819 
 61  824 
 61  793 
 61  819 
 61  835 
 61  819 
 61  822 
 61  830 
 61  831 
 61  799 
 61  795 
 61  813 
 61  807 
 61  811 
 61  813 
 61  813 
 61  826 
 61  822 
 61  815 
 61  840 
 61  820 
 61  825 
 61  822 
 61  819 
 61  818 
 61  815 
 61  820 
 61  833 
 61  803 
 61  813 
 61  805 
 61  823 
 61  805 
 61  826 
 61  827 
 61  808 
 61  844 
 61  801 
 61  799 
 61  813 
 61  814 
 61  809 
 61  808 
 61  831 
 61  815 
 61  832 
 61  826 
 61  807 
 61  821 
 61  820 
 61  819 
 61  833 
 61  817 
 61  826 
 61  829 
 61  814 
 61  812 
 61  799 
 61  829 
 61  836 
 61  836 
 61  822 
 61  845 
 61  820 
 61  813 
 61  828 
 61  810 
 61  827 
 61  809 
 61  807 
 61  798 
 61  826 
 61  818 
 61  814 
 61  831 
 61  826 
 61  816 
 61  819 
 61  816 
 61  803 
 61  822 
 61  829 
 61  817 
 61  830 
 61  803 
 61  805 
 61  818 
 61  831 
 61  823 
 61  825 
 61  814 
 61  814 
 61  803 
 61  854 
 61  813 
 61  815 
 61  827 
 61  823 
 61  827 
 61  801 
 61  819 
 61  822 
 61  822 
 61  822 
 61  800 
 61  797 
 61  825 
 61  841 
 61  806 
 61  812 
 61  843 
 61  824 
 61  831 
 61  808 
 61  824 
 61  793 
 61  808 
 61  826 
 61  826 
 61  822 
 61  833 
 61  841 
 61  823 
 61  819 
 61  809 
 61  824 
 61  820 
 61  819 
 61  825 
 61  814 
 61  830 
 61  827 
 61  817 
 61  809 
 61  830 
 61  796 
 61  843 
 61  826 
 61  809 
 61  825 
 61  799 
 61  817 
 61  839 
 61  817 
 61  795 
 61  802 
 61  824 
 61  831 
 61  786 
 61  786 
 61  837 
 61  835 
 61  839 
 61  820 
 61  821 
 61  829 
 61  825 
 61  809 
 61  796 
 61  816 
 61  814 
 61  817 
 61  833 
 61  811 
 61  822 
 61  834 
 61  816 
 61  786 
 61  845 
 61  812 
 61  819 
 61  822 
 61  823 
 61  839 
 61  813 
 61  838 
 61  806 
 61  810 
 61  806 
 61  806 
 61  816 
 61  832 
 61  806 
 61  825 
 61  808 
 61  816 
 61  821 
 61  796 
 61  825 
 61  789 
 61  823 
 61  798 
 61  830 
 61  814 
 61  817 
 61  797 
 61  820 
 61  811 
 61  824 
 61  834 
 61  825 
 61  825 
 61  824 
 61  815 
 61  811 
 61  814 
 61  812 
 61  822 
 61  831 
 61  834 
 61  827 
 61  854 
 61  822 
 61  824 
 61  826 
 61  829 
 61  797 
 61  850 
 61  832 
 61  820 
 61  841 
 61  813 
 61  825 
 61  821 
 61  832 
 61  816 
 61  825 
 61  818 
 61  823 
 61  802 
 61  812 
 61  808 
 61  826 
 61  829 
 61  830 
 61  807 
 61  831 
 61  809 
 61  805 
 61  852 
 61  839 
 61  834 
 61  785 
 62  822 
 62  835 
 62  821 
 62  834 
 62  817 
 62  829 
 62  816 
 62  825 
 62  844 
 62  824 
 62  844 
 62  833 
 62  833 
 62  835 
 62  801 
 62  810 
 62  819 
 62  822 
 62  800 
 62  807 
 62  822 
 62  807 
 62  821 
 62  831 
 62  825 
 62  844 
 62  838 
 62  847 
 62  825 
 62  830 
 62  804 
 62  793 
 62  833 
 62  825 
 62  842 
 62  835 
 62  830 
 62  817 
 62  830 
 62  809 
 62  826 
 62  836 
 62  810 
 62  837 
 62  791 
 62  841 
 62  823 
 62  822 
 62  821 
 62  837 
 62  826 
 62  824 
 62  808 
 62  805 
 62  834 
 62  827 
 62  818 
 62  832 
 62  806 
 62  818 
 62  805 
 62  807 
 62  823 
 62  827 
 62  824 
 62  833 
 62  811 
 62  824 
 62  825 
 62  840 
 62  832 
 62  825 
 62  809 
 62  809 
 62  837 
 62  827 
 62  820 
 62  806 
 62  821 
 62  804 
 62  826 
 62  824 
 62  829 
 62  847 
 62  820 
 62  814 
 62  817 
 62  813 
 62  809 
 62  828 
 62  818 
 62  805 
 62  824 
 62  820 
 62  838 
 62  832 
 62  856 
 62  811 
 62  811 
 62  826 
 62  823 
 62  830 
 62  821 
 62  839 
 62  819 
 62  834 
 62  831 
 62  817 
 62  837 
 62  816 
 62  828 
 62  837 
 62  829 
 62  833 
 62  838 
 62  809 
 62  835 
 62  821 
 62  833 
 62  860 
 62  829 
 62  846 
 62  827 
 62  814 
 62  825 
 62  794 
 62  826 
 62  816 
 62  825 
 62  811 
 62  823 
 62  811 
 62  815 
 62  847 
 62  816 
 62  832 
 62  867 
 62  797 
 62  822 
 62  846 
 62  823 
 62  813 
 62  821 
 62  845 
 62  813 
 62  830 
 62  835 
 62  802 
 62  829 
 62  834 
 62  838 
 62  824 
 62  820 
 62  815 
 62  848 
 62  819 
 62  835 
 62  825 
 62  809 
 62  822 
 62  827 
 62  816 
 62  835 
 62  820 
 62  822 
 62  842 
 62  849 
 62  837 
 62  836 
 62  839 
 62  821 
 62  818 
 62  810 
 62  820 
 62  841 
 62  794 
 62  816 
 62  797 
 62  831 
 62  839 
 62  821 
 62  835 
 62  797 
 62  824 
 62  810 
 62  842 
 62  814 
 62  809 
 62  818 
 62  809 
 62  805 
 62  832 
 62  821 
 62  828 
 62  825 
 62  836 
 62  825 
 62  817 
 62  823 
 62  830 
 62  827 
 62  839 
 62  830 
 62  820 
 62  812 
 62  814 
 62  818 
 62  864 
 62  820 
 62  825 
 62  814 
 62  820 
 62  824 
 62  803 
 62  813 
 62  823 
 62  822 
 62  829 
 62  818 
 62  807 
 62  833 
 62  830 
 62  826 
 62  820 
 62  796 
 62  795 
 62  824 
 62  835 
 62  812 
 62  823 
 62  835 
 62  841 
 62  820 
 62  810 
 62  833 
 62  820 
 62  829 
 62  825 
 62  828 
 62  820 
 62  829 
 62  826 
 62  825 
 62  809 
 62  848 
 62  847 
 62  825 
 62  833 
 62  823 
 62  804 
 62  821 
 62  831 
 62  830 
 62  808 
 62  816 
 62  824 
 62  807 
 62  824 
 62  825 
 62  838 
 62  825 
 62  837 
 62  821 
 62  840 
 62  820 
 62  837 
 62  822 
 62  838 
 62  817 
 62  830 
 62  821 
 62  850 
 62  826 
 62  836 
 62  823 
 62  850 
 62  815 
 62  827 
 62  811 
 62  819 
 62  810 
 62  834 
 62  804 
 62  818 
 62  829 
 62  843 
 62  861 
 62  842 
 62  828 
 62  830 
 62  794 
 62  834 
 62  810 
 62  813 
 62  800 
 62  828 
 62  820 
 62  835 
 62  820 
 62  833 
 62  809 
 62  841 
 62  806 
 62  840 
 62  819 
 62  844 
 62  827 
 62  857 
 62  820 
 62  822 
 62  821 
 62  813 
 62  797 
 62  820 
 62  816 
 62  821 
 62  829 
 62  842 
 62  813 
 62  819 
 62  826 
 62  839 
 62  823 
 62  838 
 62  802 
 62  808 
 62  808 
 62  811 
 62  833 
 62  793 
 62  798 
 62  812 
 62  811 
 62  828 
 62  824 
 62  814 
 62  824 
 62  822 
 62  834 
 62  813 
 62  822 
 62  840 
 62  811 
 62  812 
 62  811 
 62  814 
 62  840 
 62  827 
 62  822 
 62  817 
 62  835 
 62  824 
 62  818 
 62  813 
 62  830 
 62  852 
 62  845 
 62  818 
 62  815 
 62  844 
 62  816 
 62  844 
 62  816 
 62  820 
 62  835 
 62  811 
 62  814 
 62  802 
 62  832 
 62  827 
 62  814 
 62  841 
 62  830 
 62  820 
 62  818 
 62  833 
 62  825 
 62  836 
 62  820 
 62  836 
 62  809 
 62  816 
 62  816 
 62  815 
 62  846 
 62  846 
 62  814 
 62  826 
 62  846 
 62  821 
 62  830 
 62  817 
 62  831 
 62  814 
 62  852 
 62  816 
 62  793 
 62  834 
 62  828 
 62  821 
 62  804 
 62  826 
 62  794 
 62  828 
 62  858 
 62  800 
 62  818 
 62  831 
 62  811 
 62  832 
 62  837 
 62  806 
 62  806 
 62  827 
 62  810 
 62  837 
 62  818 
 62  826 
 62  827 
 62  840 
 62  821 
 62  825 
 62  811 
 62  815 
 62  810 
 62  830 
 62  812 
 62  821 
 62  841 
 62  805 
 62  820 
 62  817 
 62  831 
 62  826 
 62  816 
 62  805 
 62  816 
 62  804 
 62  823 
 62  843 
 62  815 
 62  818 
 62  818 
 62  838 
 62  831 
 62  819 
 62  817 
 62  829 
 62  838 
 62  814 
 62  818 
 62  824 
 62  825 
 62  846 
 62  825 
 62  827 
 62  807 
 62  829 
 62  817 
 62  809 
 62  842 
 62  824 
 62  818 
 62  822 
 62  807 
 62  819 
 62  843 
 62  831 
 62  830 
 62  837 
 62  819 
 62  835 
 62  818 
 62  811 
 62  821 
 62  850 
 62  816 
 62  830 
 62  812 
 62  821 
 62  819 
 62  821 
 62  822 
 62  823 
 62  814 
 62  854 
 62  793 
 62  812 
 62  818 
 62  832 
 62  828 
 62  810 
 62  834 
 62  834 
 62  839 
 62  809 
 62  849 
 62  820 
 62  834 
 62  816 
 62  846 
 62  830 
 62  814 
 62  800 
 62  824 
 62  811 
 62  809 
 62  808 
 62  796 
 62  832 
 62  836 
 62  847 
 62  829 
 62  816 
 62  811 
 62  825 
 62  823 
 62  826 
 62  826 
 62  824 
 62  814 
 62  822 
 62  802 
 62  797 
 62  847 
 62  833 
 62  811 
 62  813 
 62  839 
 62  825 
 62  814 
 62  822 
 62  827 
 62  836 
 62  833 
 62  819 
 62  825 
 62  813 
 62  808 
 62  837 
 62  813 
 62  828 
 62  835 
 62  814 
 62  836 
 62  814 
 62  843 
 62  829 
 62  824 
 62  812 
 62  826 
 62  851 
 62  830 
 62  844 
 62  846 
 62  815 
 62  837 
 62  829 
 62  844 
 62  821 
 62  830 
 62  843 
 62  824 
 62  854 
 62  826 
 62  810 
 62  817 
 62  833 
 62  843 
 62  825 
 62  835 
 62  835 
 62  825 
 62  833 
 62  828 
 62  841 
 62  796 
 62  804 
 62  815 
 62  814 
 62  824 
 62  822 
 62  834 
 62  831 
 62  838 
 62  823 
 62  811 
 62  833 
 62  814 
 62  840 
 62  818 
 62  836 
 62  822 
 62  818 
 62  835 
 62  815 
 62  835 
 62  830 
 62  822 
 62  834 
 62  846 
 62  814 
 62  837 
 62  830 
 62  828 
 62  844 
 62  834 
 62  822 
 62  822 
 62  808 
 62  827 
 62  828 
 62  815 
 62  810 
 62  842 
 62  837 
 62  816 
 62  828 
 62  830 
 62  813 
 62  815 
 62  837 
 62  817 
 62  820 
 62  818 
 62  825 
 62  836 
 62  824 
 62  815 
 62  843 
 62  834 
 62  840 
 62  823 
 62  820 
 62  814 
 62  818 
 62  810 
 62  818 
 62  817 
 62  803 
 62  840 
 62  842 
 62  812 
 62  820 
 62  813 
 62  811 
 62  825 
 62  816 
 62  813 
 62  842 
 62  829 
 62  789 
 62  816 
 62  840 
 62  839 
 62  797 
 62  845 
 62  828 
 62  832 
 62  848 
 62  826 
 62  821 
 62  831 
 62  835 
 62  830 
 62  819 
 62  828 
 62  823 
 62  830 
 62  789 
 62  823 
 62  825 
 62  835 
 62  804 
 62  815 
 62  815 
 62  830 
 62  828 
 62  827 
 62  831 
 62  812 
 62  810 
 62  851 
 62  804 
 62  829 
 62  811 
 62  833 
 62  855 
 62  848 
 62  839 
 62  841 
 62  840 
 62  824 
 62  820 
 62  847 
 62  821 
 62  817 
 62  827 
 62  814 
 62  825 
 62  836 
 62  800 
 62  817 
 62  809 
 62  815 
 62  819 
 62  833 
 62  851 
 62  841 
 62  824 
 62  801 
 62  818 
 62  838 
 62  845 
 62  814 
 62  827 
 62  840 
 62  816 
 62  840 
 62  799 
 62  819 
 62  805 
 62  793 
 62  824 
 62  831 
 62  820 
 62  830 
 62  830 
 62  840 
 62  829 
 62  834 
 62  826 
 62  818 
 62  830 
 62  844 
 62  835 
 62  855 
 62  855 
 62  838 
 62  813 
 62  830 
 62  846 
 62  823 
 62  830 
 62  838 
 62  835 
 62  842 
 62  815 
 62  822 
 62  820 
 62  821 
 62  820 
 62  831 
 62  819 
 62  810 
 62  832 
 62  833 
 62  811 
 62  811 
 62  837 
 62  837 
 62  821 
 62  834 
 62  831 
 62  818 
 62  796 
 62  798 
 62  807 
 62  807 
 62  809 
 62  830 
 62  845 
 62  832 
 62  793 
 62  829 
 62  826 
 62  826 
 62  818 
 62  819 
 62  820 
 62  818 
 62  833 
 62  843 
 62  801 
 62  807 
 62  857 
 62  814 
 62  823 
 62  821 
 62  851 
 62  830 
 62  822 
 62  812 
 62  822 
 62  821 
 62  831 
 62  827 
 62  843 
 62  860 
 62  832 
 62  830 
 62  830 
 62  810 
 62  826 
 62  831 
 62  831 
 62  815 
 62  834 
 62  819 
 62  818 
 62  798 
 62  839 
 62  818 
 62  818 
 62  808 
 62  817 
 62  814 
 62  846 
 62  831 
 62  837 
 62  850 
 62  831 
 62  817 
 62  822 
 62  817 
 62  828 
 62  839 
 62  845 
 62  820 
 62  830 
 62  843 
 62  813 
 62  836 
 62  824 
 62  812 
 62  828 
 62  807 
 62  834 
 62  846 
 62  822 
 62  830 
 62  853 
 62  834 
 62  821 
 62  827 
 62  845 
 62  817 
 62  804 
 62  829 
 62  821 
 62  830 
 62  829 
 62  821 
 62  809 
 62  816 
 62  803 
 62  836 
 62  825 
 62  817 
 62  822 
 62  801 
 62  814 
 62  823 
 62  816 
 62  816 
 62  812 
 62  830 
 62  836 
 62  835 
 62  842 
 62  816 
 62  825 
 62  814 
 62  830 
 62  823 
 62  829 
 62  829 
 62  819 
 62  843 
 62  809 
 62  839 
 62  828 
 62  827 
 62  836 
 62  811 
 62  826 
 62  803 
 62  841 
 62  811 
 62  832 
 62  814 
 62  847 
 62  832 
 62  816 
 62  812 
 62  830 
 62  843 
 62  831 
 62  813 
 62  820 
 62  829 
 62  807 
 62  818 
 62  845 
 62  825 
 62  819 
 62  808 
 62  834 
 62  801 
 62  815 
 62  823 
 62  829 
 62  810 
 62  842 
 62  826 
 62  825 
 62  809 
 62  809 
 62  830 
 62  817 
 62  842 
 62  819 
 62  818 
 62  797 
 62  799 
 62  808 
 62  816 
 62  819 
 62  807 
 62  834 
 62  812 
 62  823 
 62  844 
 62  822 
 62  817 
 62  836 
 62  829 
 62  819 
 62  809 
 62  816 
 62  829 
 62  817 
 62  835 
 62  830 
 62  785 
 62  825 
 62  851 
 62  847 
 62  848 
 62  814 
 62  843 
 62  832 
 62  846 
 62  841 
 62  805 
 62  825 
 62  809 
 62  849 
 62  838 
 62  811 
 62  827 
 62  834 
 62  844 
 62  810 
 62  806 
 62  806 
 62  824 
 62  831 
 62  833 
 62  815 
 62  822 
 62  808 
 62  835 
 62  810 
 62  822 
 62  824 
 62  850 
 62  832 
 62  814 
 62  826 
 62  818 
 62  800 
 62  823 
 62  825 
 62  814 
 62  798 
 62  827 
 62  811 
 62  844 
 62  846 
 62  823 
 62  816 
 62  829 
 62  829 
 62  825 
 62  833 
 62  811 
 62  818 
 62  808 
 62  815 
 63  808 
 63  807 
 63  833 
 63  815 
 63  848 
 63  834 
 63  809 
 63  819 
 63  818 
 63  827 
 63  837 
 63  833 
 63  807 
 63  809 
 63  822 
 63  838 
 63  822 
 63  810 
 63  808 
 63  846 
 63  803 
 63  806 
 63  805 
 63  838 
 63  839 
 63  831 
 63  846 
 63  817 
 63  835 
 63  838 
 63  828 
 63  827 
 63  812 
 63  805 
 63  829 
 63  834 
 63  830 
 63  814 
 63  849 
 63  830 
 63  822 
 63  826 
 63  819 
 63  828 
 63  802 
 63  841 
 63  845 
 63  827 
 63  815 
 63  830 
 63  830 
 63  831 
 63  801 
 63  828 
 63  834 
 63  838 
 63  831 
 63  838 
 63  831 
 63  806 
 63  800 
 63  832 
 63  814 
 63  837 
 63  830 
 63  834 
 63  826 
 63  805 
 63  825 
 63  838 
 63  843 
 63  836 
 63  833 
 63  831 
 63  828 
 63  840 
 63  809 
 63  837 
 63  805 
 63  806 
 63  848 
 63  826 
 63  832 
 63  830 
 63  841 
 63  829 
 63  831 
 63  832 
 63  839 
 63  829 
 63  842 
 63  832 
 63  831 
 63  820 
 63  806 
 63  826 
 63  835 
 63  809 
 63  820 
 63  801 
 63  826 
 63  829 
 63  823 
 63  834 
 63  830 
 63  815 
 63  845 
 63  845 
 63  822 
 63  818 
 63  805 
 63  852 
 63  845 
 63  846 
 63  833 
 63  825 
 63  841 
 63  816 
 63  823 
 63  821 
 63  831 
 63  814 
 63  837 
 63  837 
 63  840 
 63  817 
 63  824 
 63  814 
 63  811 
 63  811 
 63  827 
 63  803 
 63  825 
 63  838 
 63  811 
 63  859 
 63  841 
 63  819 
 63  840 
 63  813 
 63  826 
 63  828 
 63  818 
 63  834 
 63  835 
 63  831 
 63  840 
 63  825 
 63  825 
 63  823 
 63  843 
 63  823 
 63  821 
 63  815 
 63  837 
 63  837 
 63  818 
 63  815 
 63  836 
 63  832 
 63  823 
 63  828 
 63  792 
 63  831 
 63  836 
 63  817 
 63  833 
 63  834 
 63  825 
 63  821 
 63  789 
 63  839 
 63  824 
 63  839 
 63  839 
 63  831 
 63  829 
 63  826 
 63  857 
 63  862 
 63  825 
 63  833 
 63  844 
 63  828 
 63  834 
 63  836 
 63  824 
 63  813 
 63  827 
 63  828 
 63  836 
 63  824 
 63  820 
 63  843 
 63  830 
 63  818 
 63  835 
 63  826 
 63  840 
 63  809 
 63  835 
 63  823 
 63  824 
 63  822 
 63  819 
 63  825 
 63  837 
 63  817 
 63  817 
 63  813 
 63  826 
 63  839 
 63  824 
 63  828 
 63  811 
 63  819 
 63  820 
 63  836 
 63  834 
 63  819 
 63  845 
 63  838 
 63  840 
 63  831 
 63  824 
 63  821 
 63  827 
 63  844 
 63  814 
 63  825 
 63  830 
 63  843 
 63  829 
 63  838 
 63  849 
 63  829 
 63  827 
 63  811 
 63  818 
 63  825 
 63  827 
 63  827 
 63  850 
 63  815 
 63  833 
 63  857 
 63  831 
 63  833 
 63  826 
 63  827 
 63  821 
 63  813 
 63  825 
 63  834 
 63  798 
 63  815 
 63  810 
 63  826 
 63  798 
 63  805 
 63  813 
 63  835 
 63  832 
 63  797 
 63  830 
 63  813 
 63  831 
 63  821 
 63  806 
 63  830 
 63  811 
 63  818 
 63  829 
 63  821 
 63  823 
 63  828 
 63  828 
 63  825 
 63  816 
 63  832 
 63  825 
 63  808 
 63  832 
 63  845 
 63  827 
 63  816 
 63  832 
 63  836 
 63  844 
 63  819 
 63  836 
 63  815 
 63  823 
 63  822 
 63  830 
 63  806 
 63  822 
 63  797 
 63  803 
 63  834 
 63  810 
 63  816 
 63  819 
 63  817 
 63  817 
 63  819 
 63  803 
 63  822 
 63  834 
 63  830 
 63  825 
 63  843 
 63  829 
 63  835 
 63  844 
 63  819 
 63  830 
 63  813 
 63  836 
 63  818 
 63  804 
 63  855 
 63  819 
 63  820 
 63  827 
 63  831 
 63  831 
 63  836 
 63  820 
 63  816 
 63  829 
 63  852 
 63  816 
 63  835 
 63  825 
 63  821 
 63  827 
 63  810 
 63  809 
 63  840 
 63  854 
 63  831 
 63  814 
 63  843 
 63  847 
 63  829 
 63  827 
 63  838 
 63  805 
 63  829 
 63  819 
 63  831 
 63  835 
 63  821 
 63  843 
 63  791 
 63  827 
 63  837 
 63  822 
 63  811 
 63  842 
 63  829 
 63  834 
 63  835 
 63  815 
 63  841 
 63  826 
 63  820 
 63  815 
 63  839 
 63  808 
 63  840 
 63  817 
 63  838 
 63  812 
 63  832 
 63  837 
 63  826 
 63  816 
 63  805 
 63  829 
 63  832 
 63  842 
 63  815 
 63  831 
 63  837 
 63  838 
 63  821 
 63  839 
 63  836 
 63  837 
 63  826 
 63  818 
 63  829 
 63  831 
 63  827 
 63  816 
 63  822 
 63  837 
 63  812 
 63  847 
 63  827 
 63  859 
 63  832 
 63  820 
 63  834 
 63  796 
 63  838 
 63  840 
 63  826 
 63  815 
 63  831 
 63  835 
 63  810 
 63  827 
 63  842 
 63  817 
 63  846 
 63  826 
 63  817 
 63  821 
 63  838 
 63  838 
 63  832 
 63  825 
 63  853 
 63  830 
 63  812 
 63  830 
 63  834 
 63  835 
 63  802 
 63  817 
 63  813 
 63  822 
 63  809 
 63  825 
 63  809 
 63  820 
 63  841 
 63  839 
 63  807 
 63  820 
 63  850 
 63  820 
 63  843 
 63  821 
 63  836 
 63  822 
 63  851 
 63  833 
 63  826 
 63  826 
 63  831 
 63  818 
 63  835 
 63  810 
 63  837 
 63  827 
 63  819 
 63  837 
 63  819 
 63  819 
 63  828 
 63  817 
 63  815 
 63  826 
 63  830 
 63  826 
 63  836 
 63  806 
 63  808 
 63  832 
 63  846 
 63  813 
 63  829 
 63  846 
 63  831 
 63  819 
 63  833 
 63  826 
 63  824 
 63  835 
 63  818 
 63  843 
 63  822 
 63  838 
 63  826 
 63  817 
 63  850 
 63  815 
 63  832 
 63  819 
 63  822 
 63  832 
 63  813 
 63  836 
 63  823 
 63  849 
 63  841 
 63  834 
 63  846 
 63  846 
 63  826 
 63  828 
 63  829 
 63  838 
 63  840 
 63  843 
 63  831 
 63  829 
 63  823 
 63  810 
 63  838 
 63  816 
 63  823 
 63  811 
 63  840 
 63  823 
 63  786 
 63  829 
 63  835 
 63  844 
 63  828 
 63  822 
 63  833 
 63  817 
 63  816 
 63  832 
 63  840 
 63  813 
 63  840 
 63  819 
 63  835 
 63  820 
 63  822 
 63  822 
 63  832 
 63  820 
 63  810 
 63  830 
 63  821 
 63  849 
 63  837 
 63  826 
 63  822 
 63  810 
 63  808 
 63  848 
 63  818 
 63  832 
 63  818 
 63  818 
 63  834 
 63  819 
 63  849 
 63  837 
 63  845 
 63  834 
 63  828 
 63  817 
 63  845 
 63  828 
 63  811 
 63  803 
 63  821 
 63  843 
 63  830 
 63  845 
 63  825 
 63  818 
 63  831 
 63  825 
 63  853 
 63  825 
 63  838 
 63  827 
 63  823 
 63  825 
 63  827 
 63  850 
 63  814 
 63  826 
 63  802 
 63  821 
 63  829 
 63  830 
 63  805 
 63  824 
 63  834 
 63  811 
 63  839 
 63  813 
 63  823 
 63  844 
 63  811 
 63  842 
 63  828 
 63  827 
 63  809 
 63  841 
 63  845 
 63  821 
 63  828 
 63  834 
 63  849 
 63  826 
 63  849 
 63  825 
 63  824 
 63  834 
 63  814 
 63  833 
 63  830 
 63  840 
 63  845 
 63  814 
 63  848 
 63  842 
 63  839 
 63  828 
 63  836 
 63  843 
 63  824 
 63  849 
 63  854 
 63  833 
 63  833 
 63  821 
 63  816 
 63  827 
 63  836 
 63  823 
 63  828 
 63  798 
 63  805 
 63  840 
 63  801 
 63  822 
 63  828 
 63  808 
 63  805 
 63  844 
 63  837 
 63  854 
 63  836 
 63  825 
 63  809 
 63  830 
 63  819 
 63  821 
 63  834 
 63  825 
 63  826 
 63  829 
 63  811 
 63  831 
 63  811 
 63  840 
 63  849 
 63  841 
 63  826 
 63  799 
 63  843 
 63  849 
 63  792 
 63  829 
 63  826 
 63  844 
 63  834 
 63  821 
 63  813 
 63  824 
 63  814 
 63  827 
 63  831 
 63  814 
 63  827 
 63  817 
 63  812 
 63  843 
 63  814 
 63  821 
 63  795 
 63  820 
 63  827 
 63  818 
 63  830 
 63  862 
 63  835 
 63  833 
 63  835 
 63  830 
 63  810 
 63  827 
 63  817 
 63  821 
 63  845 
 63  824 
 63  845 
 63  810 
 63  820 
 63  819 
 63  854 
 63  830 
 63  847 
 63  841 
 63  834 
 63  837 
 63  843 
 63  825 
 63  832 
 63  844 
 63  832 
 63  805 
 63  824 
 63  817 
 63  839 
 63  843 
 63  831 
 63  807 
 63  829 
 63  816 
 63  799 
 63  841 
 63  826 
 63  810 
 63  833 
 63  826 
 63  820 
 63  862 
 63  820 
 63  852 
 63  850 
 63  812 
 63  823 
 63  809 
 63  820 
 63  828 
 63  830 
 63  815 
 63  844 
 63  815 
 63  836 
 63  836 
 63  843 
 63  818 
 63  822 
 63  832 
 63  804 
 63  831 
 63  846 
 63  825 
 63  817 
 63  826 
 63  826 
 63  834 
 63  810 
 63  825 
 63  831 
 63  822 
 63  821 
 63  799 
 63  820 
 63  804 
 63  834 
 63  817 
 63  833 
 63  849 
 63  825 
 63  818 
 63  818 
 63  826 
 63  824 
 63  815 
 63  813 
 63  831 
 63  826 
 63  834 
 63  833 
 63  812 
 63  824 
 63  830 
 63  859 
 63  837 
 63  831 
 63  834 
 63  846 
 63  836 
 63  844 
 63  834 
 63  829 
 63  814 
 63  825 
 63  840 
 63  833 
 63  827 
 63  823 
 63  815 
 63  809 
 63  819 
 63  825 
 63  839 
 63  820 
 63  832 
 63  832 
 63  821 
 63  833 
 63  838 
 63  827 
 63  837 
 63  824 
 63  826 
 63  852 
 63  849 
 63  816 
 63  828 
 63  829 
 63  821 
 63  804 
 63  787 
 63  835 
 63  813 
 63  822 
 63  833 
 63  839 
 63  853 
 63  805 
 63  795 
 63  827 
 63  835 
 63  814 
 63  830 
 63  832 
 63  802 
 63  807 
 63  821 
 63  827 
 63  820 
 63  827 
 63  819 
 63  829 
 63  818 
 63  813 
 63  848 
 63  842 
 63  806 
 63  863 
 63  836 
 63  818 
 63  819 
 63  836 
 63  842 
 63  828 
 63  822 
 63  852 
 63  834 
 63  820 
 63  851 
 63  812 
 63  819 
 63  838 
 63  834 
 63  828 
 63  825 
 63  839 
 63  829 
 63  830 
 63  837 
 63  826 
 63  841 
 63  829 
 63  837 
 63  850 
 63  812 
 63  841 
 63  821 
 63  825 
 63  827 
 63  818 
 63  829 
 63  834 
 63  815 
 63  810 
 63  835 
 63  831 
 63  814 
 63  830 
 63  810 
 63  831 
 63  819 
 63  849 
 63  815 
 63  815 
 63  838 
 63  825 
 63  856 
 63  827 
 63  844 
 63  831 
 63  822 
 63  817 
 63  833 
 63  843 
 63  839 
 63  835 
 63  839 
 63  823 
 63  828 
 63  812 
 63  819 
 63  841 
 63  845 
 63  841 
 63  806 
 63  841 
 63  837 
 63  810 
 63  815 
 63  786 
 63  822 
 63  840 
 63  835 
 63  832 
 63  851 
 63  820 
 63  819 
 63  830 
 63  823 
 63  832 
 63  829 
 63  794 
 63  835 
 63  825 
 63  841 
 63  839 
 63  823 
 63  834 
 63  826 
 63  836 
 63  816 
 63  834 
 63  801 
 63  806 
 63  828 
 63  814 
 63  843 
 63  823 
 63  831 
 63  818 
 63  841 
 63  811 
 63  837 
 63  836 
 63  830 
 63  808 
 63  808 
 63  838 
 63  826 
 63  818 
 63  813 
 63  820 
 63  820 
 63  838 
 63  835 
 63  832 
 63  844 
 63  814 
 63  834 
 63  814 
 63  814 
 63  803 
 63  814 
 63  824 
 63  821 
 63  818 
 63  822 
 63  829 
 63  821 
 63  838 
 63  832 
 63  826 
 63  829 
 63  840 
 63  840 
 63  844 
 63  855 
 63  844 
 63  823 
 63  851 
 63  818 
 63  840 
 63  826 
 63  839 
 63  813 
 63  815 
 63  853 
 63  832 
 63  805 
 63  805 